return_id,order_id,sku,return_date,return_reason,refund_amount,refund_status
RET000001,ORD0060482,SKU006741,2025-09-22,Quality issue,916.72,Processed
RET000002,ORD0079520,SKU008414,2025-11-03,different from website photo,1069.43,Pending
RET000003,ORD0088887,SKU003684,2025-04-19,SIZE PROBLEM,308.64,Processed
RET000004,ORD0044873,SKU009256,2026-11-16,delivered too late,445.25,Processed
RET000005,ORD0024445,SKU008372,2025-12-22,size chart misleading,470.17,Processed
RET000006,ORD0004809,SKU010605,2025-09-10,ordered by mistake,582.49,Processed
RET000007,ORD0104040,SKU007589,2025-12-03,fabric quality bad,689.81,Processed
RET000008,ORD0115648,SKU001634,2025-09-10,wrong colour delivered,771.76,Processed
RET000009,ORD0089715,SKU009118,2025-12-24,size chart misleading,3211.13,Processed
RET000010,ORD0003247,SKU005207,2025-12-03,stopped working after a day,236.35,Processed
RET000011,ORD0048774,SKU002785,2026-02-01,Not what I ordered,1227.76,Processed
RET000012,ORD0048122,SKU003721,2025-11-22,Doesn't fit properly,525.02,Processed
RET000013,ORD0092505,SKU008468,2025-01-24,found cheaper elsewhere,908.15,Processed
RET000014,ORD0074641,SKU003819,2025-10-20,not as described,75.13,Pending
RET000015,ORD0011505,SKU010571,2026-01-24,didnt fit,719.16,Processed
RET000016,ORD0068392,SKU008853,2025-11-11,Damaged in transit,310.32,Processed
RET000017,ORD0039206,SKU007596,2025-01-29,Not what I ordered,595.8,Processed
RET000018,ORD0109851,SKU004010,2025-04-10,wrong size ordered,186.48,Processed
RET000019,ORD0116242,SKU006582,2025-05-09,ordered by mistake,119.33,Processed
RET000020,ORD0113974,SKU007460,2026-06-22,size chart misleading,135.63,Processed
RET000021,ORD0070064,SKU007502,2025-10-22,item damaged,131.88,Processed
RET000022,ORD0075185,SKU008083,2026-05-11,quality not as expected,192.19,Processed
RET000023,ORD0076072,SKU009442,2025-06-09,Delayed delivery,436.82,Processed
RET000024,ORD0017241,SKU004586,2025-08-10,broken on arrival,205.35,Pending
RET000025,ORD0041014,SKU011083,2026-04-15,quality not as expected,772.44,Rejected
RET000026,ORD0085568,SKU001569,2026-06-26,arrived damaged!!,558.11,Processed
RET000027,ORD0016647,SKU009136,2025-08-18,Quality issue,471.87,Processed
RET000028,ORD0071008,SKU003826,2026-04-30,dont want it now,710.07,Processed
RET000029,ORD0077885,SKU005602,2025-12-29,cheap material,214.54,Processed
RET000030,ORD0037569,SKU001091,2025-12-15,didnt fit,726.98,Processed
RET000031,ORD0108514,SKU011477,2026-04-17,packaging torn item broken,1497.13,Processed
RET000032,ORD0089957,SKU000676,2026-04-03,not durable,713.38,Processed
RET000033,ORD0101629,SKU001795,2025-11-09,no longer needed,1601.27,Processed
RET000034,ORD0066666,SKU010284,2026-04-14,Damaged in transit,209.25,Processed
RET000035,ORD0109541,SKU008497,2026-02-05,product was cracked,185.53,Processed
RET000036,ORD0055037,SKU000196,2025-11-04,Doesn't fit properly,266.83,Processed
RET000037,ORD0017765,SKU005210,2026-10-21,size too small,349.45,Processed
RET000038,ORD0081592,SKU009169,2025-12-05,wrong size ordered,223.44,Processed
RET000039,ORD0102648,SKU002255,2025-04-26,misleading description,228.38,Processed
RET000040,ORD0021695,SKU012323,2026-06-23,no longer needed,1131.1,Processed
RET000041,ORD0049517,SKU010089,2026-02-18,broken on arrival,326.46,Processed
RET000042,ORD0046017,SKU011009,2025-11-19,misleading description,667.79,Processed
RET000043,ORD0075685,SKU009331,2026-03-08,size chart misleading,557.92,Processed
RET000044,ORD0105876,SKU000679,2025-03-22,device faulty,3126.87,Processed
RET000045,ORD0115455,SKU010434,2025-02-27,Quality issue,532.96,Rejected
RET000046,ORD0059022,SKU011626,2026-01-27,late delivery no longer needed,308.64,Processed
RET000047,ORD0066490,SKU008632,2025-06-11,Not what I ordered,346.16,Processed
RET000048,ORD0024227,SKU005857,2025-10-31,Damaged in transit,1398.48,Processed
RET000049,ORD0045314,SKU010997,2026-01-07,defective piece,2719.14,Processed
RET000050,ORD0053446,SKU003017,2025-05-06,SIZE PROBLEM,490.95,Processed
RET000051,ORD0042951,SKU009832,2025-11-06,fabric quality bad,1397.44,Pending
RET000052,ORD0009564,SKU009398,2026-05-30,didnt fit,230.06,Pending
RET000053,ORD0088818,SKU003738,2025-02-07,looks different online,201.66,Processed
RET000054,ORD0012039,SKU006186,2025-06-28,SIZE PROBLEM,813.71,Processed
RET000055,ORD0023369,SKU008229,2025-09-08,Delayed delivery,808.85,Processed
RET000056,ORD0103144,SKU011758,2026-11-20,not durable,472.75,Processed
RET000057,ORD0008464,SKU000092,2025-10-28,SIZE PROBLEM,408.56,Processed
RET000058,ORD0081860,SKU010901,2025-03-31,Delayed delivery,562.09,Pending
RET000059,ORD0064770,SKU009772,2025-11-12,Size issue,110.26,Processed
RET000060,ORD0093984,SKU008469,2025-03-23,not durable,505.22,Processed
RET000061,ORD0048893,SKU005967,2026-05-27,battery dead,1021.16,Processed
RET000062,ORD0086209,SKU000720,2026-06-04,too tight,1441.83,Processed
RET000063,ORD0033911,SKU009233,2026-01-16,broken on arrival,2723.29,Processed
RET000064,ORD0027671,SKU002309,2025-12-20,size too small,4221.71,Processed
RET000065,ORD0104259,SKU011749,2026-06-29,Damaged in transit,368.14,Processed
RET000066,ORD0025957,SKU002901,2025-07-21,misleading description,933.38,Processed
RET000067,ORD0086769,SKU004449,2026-10-22,fabric quality bad,1030.57,Processed
RET000068,ORD0096563,SKU000761,2026-11-27,Size issue,364.54,Pending
RET000069,ORD0022974,SKU003561,2025-06-08,found cheaper elsewhere,314.21,Processed
RET000070,ORD0114501,SKU001565,2025-08-22,arrived after event,757.23,Processed
RET000071,ORD0011487,SKU001881,2026-11-27,size too small,460.01,Processed
RET000072,ORD0033927,SKU007891,2025-05-04,not durable,1942.81,Pending
RET000073,ORD0035984,SKU000559,2025-10-13,Delayed delivery,321.97,Rejected
RET000074,ORD0068473,SKU009389,2026-11-09,arrived damaged!!,572.48,Processed
RET000075,ORD0020616,SKU000715,2026-05-30,ordered by mistake,1261.39,Processed
RET000076,ORD0078600,SKU001564,2025-05-18,poor quality,594.58,Processed
RET000077,ORD0013357,SKU009998,2026-02-10,Doesn't fit properly,135.8,Rejected
RET000078,ORD0058452,SKU010702,2025-03-09,arrived damaged!!,2159.84,Processed
RET000079,ORD0017815,SKU006237,2026-04-12,wrong item sent,1062.09,Processed
RET000080,ORD0046078,SKU008380,2025-10-24,broken on arrival,1492.21,Processed
RET000081,ORD0036356,SKU007371,2026-05-03,ordered by mistake,850.76,Processed
RET000082,ORD0049656,SKU008367,2025-05-22,quality not as expected,4163.82,Pending
RET000083,ORD0080781,SKU011041,2025-03-13,arrived after event,104.08,Processed
RET000084,ORD0020945,SKU012108,2026-05-08,too tight,478.42,Pending
RET000085,ORD0081754,SKU003332,2026-03-01,wrong item sent,973.62,Processed
RET000086,ORD0068368,SKU007289,2026-06-10,Delayed delivery,438.27,Processed
RET000087,ORD0088507,SKU001940,2026-11-17,wrong size ordered,1071.81,Processed
RET000088,ORD0064525,SKU001673,2025-01-15,device faulty,863.63,Processed
RET000089,ORD0054818,SKU001769,2025-07-15,Damaged in transit,210.89,Processed
RET000090,ORD0021875,SKU006309,2026-02-25,packaging torn item broken,575.31,Processed
RET000091,ORD0086474,SKU009088,2026-07-08,SIZE PROBLEM,242.31,Processed
RET000092,ORD0107206,SKU003524,2026-06-10,product was cracked,667.23,Processed
RET000093,ORD0107165,SKU001420,2025-02-17,broken on arrival,330.73,Processed
RET000094,ORD0036060,SKU008231,2025-06-30,not working,350.85,Processed
RET000095,ORD0063431,SKU003119,2026-11-24,not working,551.07,Processed
RET000096,ORD0052709,SKU006924,2025-10-04,wrong item sent,2244.43,Processed
RET000097,ORD0096815,SKU009552,2025-03-06,wrong colour delivered,434.62,Processed
RET000098,ORD0069144,SKU008652,2025-08-31,SIZE PROBLEM,159.15,Processed
RET000099,ORD0042619,SKU006731,2026-03-15,wrong item sent,546.26,Processed
RET000100,ORD0001300,SKU004439,2025-09-03,no longer needed,470.71,Processed
RET000101,ORD0050420,SKU012375,2026-11-10,Quality issue,412.31,Processed
RET000102,ORD0038164,SKU011165,2025-05-19,too tight,184.93,Processed
RET000103,ORD0081030,SKU000868,2026-11-26,found cheaper elsewhere,565.87,Processed
RET000104,ORD0067974,SKU003655,2025-09-14,misleading description,387.18,Processed
RET000105,ORD0001012,SKU007285,2026-01-25,arrived damaged!!,469.14,Processed
RET000106,ORD0042048,SKU008161,2025-11-21,fabric quality bad,254.3,Processed
RET000107,ORD0117198,SKU005528,2025-01-14,not as described,146.1,Processed
RET000108,ORD0081890,SKU007716,2026-02-04,fabric quality bad,755.08,Processed
RET000109,ORD0098540,SKU006295,2026-07-18,fabric quality bad,885.56,Processed
RET000110,ORD0000987,SKU002268,2025-02-19,item damaged,1103.06,Processed
RET000111,ORD0087092,SKU007518,2025-01-12,didnt fit,530.76,Pending
RET000112,ORD0084668,SKU011689,2025-04-25,Doesn't fit properly,1102.34,Processed
RET000113,ORD0007994,SKU012446,2026-04-15,didnt fit,445.75,Processed
RET000114,ORD0071577,SKU002582,2025-08-24,stopped working after a day,896.43,Processed
RET000115,ORD0085036,SKU002126,2026-02-02,wrong item sent,649.23,Processed
RET000116,ORD0095692,SKU005490,2025-11-30,fabric quality bad,739.4,Processed
RET000117,ORD0071401,SKU009797,2025-04-25,arrived damaged!!,2151.44,Processed
RET000118,ORD0039805,SKU006108,2026-06-29,SIZE PROBLEM,225.72,Processed
RET000119,ORD0069873,SKU000607,2025-08-27,different sku received,1159.02,Processed
RET000120,ORD0037123,SKU011191,2025-11-23,late delivery no longer needed,1368.57,Processed
RET000121,ORD0000229,SKU010526,2026-01-08,Delayed delivery,533.59,Processed
RET000122,ORD0026921,SKU005634,2026-04-12,product was cracked,898.92,Pending
RET000123,ORD0042437,SKU001789,2025-04-30,size too small,1093.57,Pending
RET000124,ORD0020321,SKU001784,2025-05-26,SIZE PROBLEM,221.33,Pending
RET000125,ORD0108120,SKU009512,2025-08-02,not durable,417.48,Processed
RET000126,ORD0090129,SKU002367,2025-01-22,Not what I ordered,693.11,Processed
RET000127,ORD0080109,SKU002369,2026-02-14,too tight,480.39,Processed
RET000128,ORD0081860,SKU009542,2025-03-21,changed my mind,1883.47,Processed
RET000129,ORD0067851,SKU012084,2026-11-23,product was cracked,618.34,Processed
RET000130,ORD0093810,SKU007376,2025-11-10,Damaged in transit,582.19,Processed
RET000131,ORD0094694,SKU011962,2025-07-03,wrong item sent,840.84,Processed
RET000132,ORD0042708,SKU004904,2025-06-17,item damaged,372.44,Processed
RET000133,ORD0025055,SKU002012,2025-04-03,packaging torn item broken,1174.27,Processed
RET000134,ORD0101188,SKU012354,2026-02-23,wrong item sent,1515.67,Processed
RET000135,ORD0113470,SKU004581,2025-11-20,late delivery no longer needed,717.58,Processed
RET000136,ORD0083266,SKU005565,2025-02-15,item damaged,1094.04,Pending
RET000137,ORD0015905,SKU006682,2026-12-10,Quality issue,209.66,Pending
RET000138,ORD0030718,SKU003076,2025-10-27,not working,1590.46,Pending
RET000139,ORD0029758,SKU011994,2025-02-15,arrived damaged!!,260.6,Processed
RET000140,ORD0003682,SKU011363,2025-11-13,Quality issue,472.03,Processed
RET000141,ORD0102512,SKU008931,2026-06-16,different sku received,426.99,Processed
RET000142,ORD0101883,SKU005385,2026-03-04,received different product,715.62,Processed
RET000143,ORD0058466,SKU001694,2025-12-01,wrong size ordered,669.28,Pending
RET000144,ORD0111644,SKU001143,2026-10-06,Size issue,515.02,Pending
RET000145,ORD0073981,SKU006743,2025-03-12,wrong colour delivered,514.51,Processed
RET000146,ORD0113723,SKU008917,2026-04-03,quality not as expected,686.81,Processed
RET000147,ORD0056086,SKU009388,2025-11-03,size too small,1025.92,Processed
RET000148,ORD0094446,SKU004661,2025-06-30,not durable,1574.77,Processed
RET000149,ORD0094335,SKU000463,2026-06-22,Doesn't fit properly,625.6,Processed
RET000150,ORD0005213,SKU012174,2026-02-21,quality not as expected,98.2,Processed
RET000151,ORD0035002,SKU010180,2026-12-05,different sku received,483.85,Processed
RET000152,ORD0099982,SKU010020,2025-03-26,SIZE PROBLEM,257.65,Processed
RET000153,ORD0093524,SKU005804,2025-08-30,product was cracked,429.33,Processed
RET000154,ORD0019159,SKU011359,2025-03-31,not working,1259.64,Processed
RET000155,ORD0035672,SKU005761,2025-05-08,colour different from image,324.04,Processed
RET000156,ORD0059207,SKU007551,2025-09-14,defective piece,508.77,Processed
RET000157,ORD0100935,SKU001266,2025-12-02,wrong item sent,887.86,Processed
RET000158,ORD0040418,SKU009443,2025-10-06,packaging torn item broken,405.21,Processed
RET000159,ORD0071278,SKU011953,2025-05-25,quality not as expected,220.45,Processed
RET000160,ORD0117504,SKU003499,2025-12-24,Delayed delivery,328.89,Processed
RET000161,ORD0092685,SKU004851,2025-06-26,late delivery no longer needed,1080.95,Pending
RET000162,ORD0078726,SKU002133,2025-10-17,size too small,138.38,Pending
RET000163,ORD0004809,SKU008570,2025-09-08,cheap material,605.75,Processed
RET000164,ORD0017496,SKU008075,2025-09-22,fabric quality bad,258.89,Processed
RET000165,ORD0105906,SKU003744,2026-04-30,cheap material,1718.36,Processed
RET000166,ORD0030620,SKU002986,2025-03-26,arrived after event,581.65,Rejected
RET000167,ORD0005253,SKU000467,2026-07-23,didnt fit,1530.7,Processed
RET000168,ORD0046148,SKU002550,2025-12-07,SIZE PROBLEM,584.78,Processed
RET000169,ORD0031212,SKU007071,2026-11-11,dont want it now,406.92,Processed
RET000170,ORD0084998,SKU004379,2025-06-28,Not what I ordered,2537.95,Processed
RET000171,ORD0111998,SKU010466,2026-04-18,quality not as expected,516.99,Pending
RET000172,ORD0009936,SKU001521,2025-03-02,didnt fit,503.94,Processed
RET000173,ORD0035324,SKU005686,2025-05-26,found cheaper elsewhere,369.49,Processed
RET000174,ORD0046495,SKU010045,2025-08-09,wrong colour delivered,1308.44,Processed
RET000175,ORD0049038,SKU000687,2025-03-11,no longer needed,840.28,Processed
RET000176,ORD0000460,SKU003607,2025-06-09,delivered too late,565.21,Processed
RET000177,ORD0044159,SKU007583,2025-04-09,arrived after event,118.69,Processed
RET000178,ORD0008156,SKU000236,2025-11-18,SIZE PROBLEM,279.66,Processed
RET000179,ORD0103445,SKU007282,2025-07-20,arrived damaged!!,251.78,Processed
RET000180,ORD0000361,SKU004719,2026-03-27,broken on arrival,160.28,Processed
RET000181,ORD0111466,SKU002289,2025-11-01,size too small,557.81,Processed
RET000182,ORD0028682,SKU003638,2025-12-18,not as described,1432.53,Rejected
RET000183,ORD0033382,SKU005946,2026-01-23,wrong size ordered,213.13,Processed
RET000184,ORD0065835,SKU002663,2025-12-14,wrong item sent,412.77,Processed
RET000185,ORD0094975,SKU008668,2025-04-15,Doesn't fit properly,541.75,Processed
RET000186,ORD0083046,SKU008300,2026-02-17,received different product,175.12,Processed
RET000187,ORD0039406,SKU006113,2025-12-27,delivered too late,1467.04,Processed
RET000188,ORD0061859,SKU003244,2025-12-23,size chart misleading,210.42,Processed
RET000189,ORD0105847,SKU003320,2025-02-01,arrived damaged!!,606.12,Processed
RET000190,ORD0062585,SKU011239,2026-05-03,received different product,713.27,Processed
RET000191,ORD0011829,SKU009288,2026-10-16,size chart misleading,714.15,Processed
RET000192,ORD0106467,SKU006834,2026-01-10,fabric quality bad,1137.89,Processed
RET000193,ORD0046930,SKU012019,2026-12-09,didnt fit,1121.04,Processed
RET000194,ORD0009516,SKU005065,2025-10-11,item damaged,1770.14,Processed
RET000195,ORD0060394,SKU005326,2025-11-03,misleading description,1620.63,Processed
RET000196,ORD0071341,SKU002492,2025-06-30,size too small,381.03,Processed
RET000197,ORD0015723,SKU003505,2025-11-02,Quality issue,806.39,Processed
RET000198,ORD0056147,SKU010028,2025-05-24,colour different from image,1202.62,Processed
RET000199,ORD0033383,SKU010777,2025-01-29,size too small,433.03,Processed
RET000200,ORD0105708,SKU008593,2026-02-23,didnt fit,183.74,Processed
RET000201,ORD0112187,SKU012189,2025-04-24,Damaged in transit,284.65,Processed
RET000202,ORD0033484,SKU003125,2025-12-09,fabric quality bad,530.41,Processed
RET000203,ORD0014307,SKU010604,2025-11-23,fabric quality bad,785.38,Processed
RET000204,ORD0081611,SKU012151,2025-11-04,didnt fit,2102.02,Processed
RET000205,ORD0099917,SKU004038,2025-08-06,SIZE PROBLEM,375.35,Processed
RET000206,ORD0109039,SKU001618,2026-03-02,Size issue,836.96,Processed
RET000207,ORD0097139,SKU006131,2026-06-02,Size issue,2147.71,Processed
RET000208,ORD0063749,SKU008080,2026-11-16,product was cracked,3208.29,Processed
RET000209,ORD0111897,SKU000578,2025-12-14,packaging torn item broken,157.73,Processed
RET000210,ORD0106256,SKU001955,2025-12-27,wrong size ordered,1199.23,Processed
RET000211,ORD0017974,SKU000991,2026-05-19,defective piece,1330.21,Processed
RET000212,ORD0024891,SKU002058,2025-10-15,found cheaper elsewhere,943.4,Processed
RET000213,ORD0028494,SKU001873,2025-09-24,fabric quality bad,2003.76,Processed
RET000214,ORD0093505,SKU002281,2025-02-26,wrong colour delivered,536.2,Processed
RET000215,ORD0107360,SKU008895,2025-09-06,arrived damaged!!,618.48,Processed
RET000216,ORD0010540,SKU000737,2026-01-08,quality not as expected,1807.17,Processed
RET000217,ORD0078521,SKU000214,2026-07-11,Damaged in transit,1072.19,Processed
RET000218,ORD0014300,SKU005303,2026-01-26,ordered by mistake,439.97,Processed
RET000219,ORD0115040,SKU002986,2025-03-29,too tight,329.8,Processed
RET000220,ORD0061410,SKU011288,2026-05-24,wrong item sent,1899.87,Processed
RET000221,ORD0102033,SKU005197,2025-03-18,not working,713.48,Processed
RET000222,ORD0049663,SKU009026,2025-04-10,ordered by mistake,311.14,Processed
RET000223,ORD0049928,SKU009339,2025-03-07,defective piece,638.92,Processed
RET000224,ORD0093943,SKU004176,2025-08-24,Size issue,2595.72,Processed
RET000225,ORD0097012,SKU003660,2025-11-28,cheap material,291.69,Processed
RET000226,ORD0065188,SKU003782,2026-05-27,not durable,643.84,Processed
RET000227,ORD0014174,SKU001187,2025-10-24,Doesn't fit properly,861.61,Rejected
RET000228,ORD0063620,SKU006859,2025-10-04,too tight,1108.54,Processed
RET000229,ORD0045165,SKU012486,2026-07-08,received different product,414.86,Processed
RET000230,ORD0042268,SKU005895,2025-07-06,arrived after event,1090.71,Pending
RET000231,ORD0068474,SKU003252,2026-01-24,no longer needed,764.44,Processed
RET000232,ORD0073153,SKU002330,2025-10-26,fabric quality bad,354.98,Processed
RET000233,ORD0002757,SKU002021,2025-10-28,found cheaper elsewhere,304.72,Processed
RET000234,ORD0074401,SKU000815,2025-12-07,size chart misleading,1022.79,Processed
RET000235,ORD0097604,SKU006578,2026-10-30,found cheaper elsewhere,474.81,Processed
RET000236,ORD0104674,SKU004920,2026-12-11,Size issue,340.44,Processed
RET000237,ORD0009589,SKU001688,2025-10-18,colour different from image,551.05,Processed
RET000238,ORD0029680,SKU004075,2025-11-03,SIZE PROBLEM,893.04,Processed
RET000239,ORD0060653,SKU010522,2025-05-09,cheap material,426.58,Processed
RET000240,ORD0027804,SKU009417,2025-02-19,dont want it now,242.91,Processed
RET000241,ORD0116981,SKU003361,2025-11-05,changed my mind,470.08,Processed
RET000242,ORD0114648,SKU003456,2025-05-14,didnt fit,600.57,Processed
RET000243,ORD0042093,SKU007940,2025-12-13,size too small,898.4,Pending
RET000244,ORD0040917,SKU008420,2025-10-31,product was cracked,1529.38,Rejected
RET000245,ORD0033446,SKU010727,2025-02-17,dont want it now,685.24,Processed
RET000246,ORD0118300,SKU006436,2025-05-23,SIZE PROBLEM,225.72,Pending
RET000247,ORD0023895,SKU004312,2025-09-29,wrong colour delivered,139.61,Processed
RET000248,ORD0010172,SKU006119,2026-06-10,item damaged,512.7,Processed
RET000249,ORD0043554,SKU003525,2025-12-04,different sku received,358.34,Processed
RET000250,ORD0055651,SKU011383,2025-02-18,product was cracked,440.47,Processed
RET000251,ORD0095914,SKU000511,2025-01-15,colour different from image,647.27,Pending
RET000252,ORD0058698,SKU008502,2026-11-01,Size issue,431.16,Processed
RET000253,ORD0040436,SKU005768,2025-12-04,wrong colour delivered,452.03,Processed
RET000254,ORD0029923,SKU003456,2025-08-26,not durable,189.34,Processed
RET000255,ORD0012358,SKU006230,2025-11-19,cheap material,359.38,Processed
RET000256,ORD0057147,SKU000852,2026-05-19,dont want it now,218.03,Processed
RET000257,ORD0004982,SKU002115,2025-12-27,Size issue,1119.41,Processed
RET000258,ORD0067773,SKU008226,2025-03-08,size chart misleading,597.05,Processed
RET000259,ORD0026192,SKU004253,2026-01-06,packaging torn item broken,1017.03,Processed
RET000260,ORD0107002,SKU010521,2026-02-03,Damaged in transit,556.91,Rejected
RET000261,ORD0029166,SKU000871,2025-10-26,arrived damaged!!,529.96,Processed
RET000262,ORD0031471,SKU001758,2025-02-22,ordered by mistake,199.79,Rejected
RET000263,ORD0052709,SKU010240,2025-09-28,delivered too late,1086.67,Processed
RET000264,ORD0054765,SKU002658,2025-03-14,Quality issue,248.2,Processed
RET000265,ORD0052752,SKU009474,2026-04-05,Not what I ordered,909.35,Processed
RET000266,ORD0008095,SKU010661,2026-12-17,product was cracked,3873.02,Processed
RET000267,ORD0063934,SKU002828,2025-08-13,quality not as expected,2047.56,Processed
RET000268,ORD0071555,SKU003392,2025-08-24,SIZE PROBLEM,7306.08,Processed
RET000269,ORD0084146,SKU004857,2025-02-12,device faulty,3359.24,Pending
RET000270,ORD0067244,SKU007895,2026-05-22,wrong size ordered,281.76,Processed
RET000271,ORD0020598,SKU012072,2026-03-19,changed my mind,670.97,Processed
RET000272,ORD0045567,SKU001649,2026-01-27,fabric quality bad,2048.42,Processed
RET000273,ORD0067480,SKU010461,2026-01-22,SIZE PROBLEM,274.87,Processed
RET000274,ORD0112208,SKU008571,2026-04-13,dont want it now,2716.94,Rejected
RET000275,ORD0072768,SKU000574,2025-11-20,fabric quality bad,1244.56,Pending
RET000276,ORD0071959,SKU008109,2025-10-11,size chart misleading,266.94,Processed
RET000277,ORD0108454,SKU012089,2026-11-05,Doesn't fit properly,1203.48,Pending
RET000278,ORD0003974,SKU011089,2025-04-16,Size issue,1394.73,Rejected
RET000279,ORD0080196,SKU007451,2026-01-13,Quality issue,383.67,Rejected
RET000280,ORD0004574,SKU000564,2025-06-25,cheap material,878.97,Processed
RET000281,ORD0018081,SKU004725,2026-04-09,different sku received,1168.56,Processed
RET000282,ORD0086769,SKU002090,2026-10-27,arrived after event,2667.85,Processed
RET000283,ORD0103289,SKU010967,2025-07-11,wrong size ordered,552.2,Processed
RET000284,ORD0109532,SKU007811,2025-10-22,Damaged in transit,585.29,Processed
RET000285,ORD0045617,SKU009829,2025-07-04,Size issue,2367.55,Processed
RET000286,ORD0063522,SKU003672,2025-03-10,SIZE PROBLEM,790.65,Processed
RET000287,ORD0112337,SKU006299,2026-02-21,different sku received,922.01,Processed
RET000288,ORD0017288,SKU010315,2025-05-23,item damaged,687.1,Processed
RET000289,ORD0009366,SKU001064,2026-04-29,packaging torn item broken,425.57,Processed
RET000290,ORD0061268,SKU006288,2025-10-20,received different product,1363.03,Processed
RET000291,ORD0110745,SKU002736,2025-06-14,Not what I ordered,214.01,Processed
RET000292,ORD0026767,SKU001309,2025-09-27,battery dead,614.67,Processed
RET000293,ORD0047636,SKU003100,2026-03-24,wrong colour delivered,1769.37,Processed
RET000294,ORD0103930,SKU003523,2026-07-02,received different product,218.24,Processed
RET000295,ORD0000399,SKU005699,2026-04-09,arrived damaged!!,174.35,Processed
RET000296,ORD0094274,SKU010582,2026-12-23,broken on arrival,351.18,Processed
RET000297,ORD0010010,SKU010377,2025-03-22,fabric quality bad,687.27,Processed
RET000298,ORD0022461,SKU001298,2025-03-15,fabric quality bad,436.5,Processed
RET000299,ORD0049903,SKU007174,2025-12-07,Size issue,286.42,Processed
RET000300,ORD0044704,SKU001115,2025-03-26,Doesn't fit properly,204.48,Processed
RET000301,ORD0099614,SKU003673,2025-12-19,not durable,611.97,Processed
RET000302,ORD0099418,SKU003544,2026-10-20,arrived damaged!!,557.38,Processed
RET000303,ORD0117888,SKU007399,2025-05-28,Quality issue,888.41,Processed
RET000304,ORD0081828,SKU000284,2025-06-18,not durable,918.0,Processed
RET000305,ORD0100807,SKU000207,2026-02-18,product was cracked,1028.42,Processed
RET000306,ORD0101602,SKU000694,2025-03-28,Not what I ordered,2547.2,Processed
RET000307,ORD0086701,SKU002256,2025-11-18,size too small,2170.06,Processed
RET000308,ORD0088561,SKU006664,2026-02-05,Doesn't fit properly,356.02,Processed
RET000309,ORD0116926,SKU005408,2025-05-31,product was cracked,309.97,Processed
RET000310,ORD0086031,SKU006049,2025-07-15,Doesn't fit properly,156.34,Processed
RET000311,ORD0027680,SKU011251,2025-03-26,wrong item sent,1429.48,Processed
RET000312,ORD0105455,SKU000063,2026-06-18,fabric quality bad,854.07,Processed
RET000313,ORD0116071,SKU002153,2026-03-26,not durable,1098.07,Processed
RET000314,ORD0018746,SKU009630,2025-01-30,broken on arrival,961.85,Processed
RET000315,ORD0048611,SKU004162,2026-02-01,SIZE PROBLEM,712.49,Processed
RET000316,ORD0082518,SKU000658,2026-12-06,no longer needed,238.19,Pending
RET000317,ORD0109601,SKU003975,2025-05-05,wrong colour delivered,369.04,Processed
RET000318,ORD0115458,SKU009177,2026-01-03,stopped working after a day,352.56,Processed
RET000319,ORD0011723,SKU007818,2025-01-22,size too small,920.8,Processed
RET000320,ORD0088573,SKU007171,2025-10-02,cheap material,491.21,Processed
RET000321,ORD0001118,SKU006465,2026-02-07,size too small,548.02,Processed
RET000322,ORD0027626,SKU006965,2026-01-07,battery dead,263.18,Processed
RET000323,ORD0017487,SKU003427,2026-07-09,received different product,815.09,Processed
RET000324,ORD0081961,SKU008987,2026-01-31,not durable,198.87,Processed
RET000325,ORD0045616,SKU004813,2025-01-20,Damaged in transit,256.02,Processed
RET000326,ORD0022590,SKU007555,2026-06-19,ordered by mistake,405.48,Processed
RET000327,ORD0106022,SKU010759,2025-05-10,didnt fit,383.36,Processed
RET000328,ORD0051107,SKU000824,2025-08-26,arrived damaged!!,255.31,Processed
RET000329,ORD0013969,SKU007754,2025-12-12,not as described,1248.63,Processed
RET000330,ORD0016227,SKU006705,2026-06-27,Damaged in transit,307.46,Processed
RET000331,ORD0008367,SKU011871,2026-03-06,SIZE PROBLEM,401.5,Processed
RET000332,ORD0111365,SKU010385,2026-03-08,no longer needed,1024.91,Processed
RET000333,ORD0074069,SKU008772,2025-01-28,stopped working after a day,413.06,Processed
RET000334,ORD0040133,SKU003214,2025-04-06,size too small,247.38,Processed
RET000335,ORD0067731,SKU012075,2026-04-20,not durable,2384.96,Processed
RET000336,ORD0101224,SKU005092,2026-01-08,broken on arrival,5586.28,Rejected
RET000337,ORD0113389,SKU003887,2025-10-18,fabric quality bad,131.49,Processed
RET000338,ORD0074984,SKU012451,2026-04-06,arrived damaged!!,998.07,Processed
RET000339,ORD0119166,SKU004598,2025-03-08,product was cracked,477.77,Processed
RET000340,ORD0005499,SKU002737,2025-06-28,not durable,1553.19,Pending
RET000341,ORD0035714,SKU000015,2025-04-08,late delivery no longer needed,350.85,Processed
RET000342,ORD0103133,SKU011815,2025-10-13,item damaged,848.35,Processed
RET000343,ORD0024071,SKU004465,2026-03-06,Quality issue,1370.9,Processed
RET000344,ORD0118030,SKU005163,2026-01-03,found cheaper elsewhere,623.22,Processed
RET000345,ORD0047010,SKU006632,2026-02-12,looks different online,306.87,Processed
RET000346,ORD0087861,SKU011841,2025-02-22,fabric quality bad,1293.15,Processed
RET000347,ORD0081592,SKU009105,2025-12-15,size too small,636.52,Rejected
RET000348,ORD0063200,SKU010711,2025-08-12,device faulty,235.13,Processed
RET000349,ORD0044257,SKU002367,2025-04-24,wrong colour delivered,226.93,Pending
RET000350,ORD0017765,SKU004852,2026-11-01,not as described,1133.74,Processed
RET000351,ORD0011816,SKU006573,2025-04-21,battery dead,348.68,Processed
RET000352,ORD0030766,SKU001406,2025-12-03,Delayed delivery,431.28,Processed
RET000353,ORD0106104,SKU007098,2026-03-26,size too small,2126.09,Pending
RET000354,ORD0083731,SKU009339,2025-05-21,late delivery no longer needed,479.72,Processed
RET000355,ORD0091369,SKU004015,2026-07-07,size too small,514.14,Processed
RET000356,ORD0051644,SKU010730,2026-03-12,quality not as expected,596.92,Processed
RET000357,ORD0007246,SKU007604,2025-06-22,not working,989.93,Processed
RET000358,ORD0043862,SKU002438,2026-06-19,looks different online,297.02,Processed
RET000359,ORD0022886,SKU000036,2025-11-19,wrong size ordered,529.05,Processed
RET000360,ORD0063210,SKU007970,2025-10-27,size chart misleading,148.88,Processed
RET000361,ORD0031086,SKU008031,2025-06-07,size too small,802.08,Pending
RET000362,ORD0021282,SKU008509,2025-06-30,different from website photo,902.36,Pending
RET000363,ORD0003605,SKU001070,2025-03-12,Not what I ordered,1350.65,Processed
RET000364,ORD0111032,SKU012374,2026-01-25,size too small,369.98,Processed
RET000365,ORD0077828,SKU004688,2026-06-29,Damaged in transit,327.35,Processed
RET000366,ORD0051402,SKU010969,2025-08-27,changed my mind,1191.69,Pending
RET000367,ORD0003516,SKU000999,2026-01-24,broken on arrival,464.13,Processed
RET000368,ORD0026386,SKU004023,2025-08-04,SIZE PROBLEM,337.02,Processed
RET000369,ORD0116046,SKU007789,2025-11-15,quality not as expected,747.28,Processed
RET000370,ORD0104435,SKU011212,2025-10-10,poor quality,384.0,Processed
RET000371,ORD0046215,SKU012083,2025-03-23,SIZE PROBLEM,1094.92,Processed
RET000372,ORD0089421,SKU002175,2026-04-03,wrong colour delivered,1707.77,Processed
RET000373,ORD0037079,SKU003522,2025-09-26,size chart misleading,334.77,Processed
RET000374,ORD0019892,SKU005499,2026-01-19,found cheaper elsewhere,3029.22,Processed
RET000375,ORD0118410,SKU002824,2025-10-17,received different product,493.24,Processed
RET000376,ORD0051380,SKU001086,2025-04-27,too tight,174.17,Processed
RET000377,ORD0018073,SKU007743,2026-06-12,size chart misleading,2008.23,Pending
RET000378,ORD0010000,SKU003767,2025-11-23,broken on arrival,818.06,Processed
RET000379,ORD0045308,SKU009076,2026-06-02,wrong size ordered,692.02,Processed
RET000380,ORD0041337,SKU011794,2025-04-06,didnt fit,341.65,Processed
RET000381,ORD0110650,SKU001466,2026-05-31,received different product,302.36,Processed
RET000382,ORD0024281,SKU006313,2025-08-30,broken on arrival,534.93,Processed
RET000383,ORD0046766,SKU004361,2025-10-15,wrong size ordered,970.65,Processed
RET000384,ORD0103694,SKU001012,2026-03-25,arrived damaged!!,826.26,Processed
RET000385,ORD0075198,SKU007507,2025-05-16,SIZE PROBLEM,1529.65,Pending
RET000386,ORD0051852,SKU010307,2025-11-07,quality not as expected,574.42,Processed
RET000387,ORD0108651,SKU006822,2025-07-20,SIZE PROBLEM,793.25,Processed
RET000388,ORD0048275,SKU004826,2026-05-29,Delayed delivery,2182.9,Processed
RET000389,ORD0071401,SKU000196,2025-05-12,not durable,80.43,Processed
RET000390,ORD0033579,SKU012116,2025-05-21,didnt fit,407.11,Processed
RET000391,ORD0076083,SKU011769,2025-03-05,Doesn't fit properly,290.1,Processed
RET000392,ORD0005136,SKU006305,2025-12-18,fabric quality bad,956.36,Processed
RET000393,ORD0080827,SKU001332,2025-01-31,ordered by mistake,1514.38,Processed
RET000394,ORD0110034,SKU006638,2025-05-26,not as described,568.06,Processed
RET000395,ORD0007014,SKU008537,2025-05-25,defective piece,341.06,Processed
RET000396,ORD0030464,SKU010716,2026-12-19,poor quality,2804.2,Processed
RET000397,ORD0022766,SKU001137,2026-11-18,dont want it now,493.81,Processed
RET000398,ORD0000713,SKU008763,2026-02-20,packaging torn item broken,597.7,Processed
RET000399,ORD0098868,SKU003015,2026-07-13,arrived damaged!!,701.31,Processed
RET000400,ORD0111902,SKU009149,2025-11-04,SIZE PROBLEM,147.18,Processed
RET000401,ORD0003890,SKU002151,2025-12-29,stopped working after a day,89.9,Processed
RET000402,ORD0098499,SKU007878,2025-07-23,found cheaper elsewhere,687.13,Processed
RET000403,ORD0040679,SKU003420,2025-04-21,Size issue,531.47,Processed
RET000404,ORD0107271,SKU000742,2026-02-17,wrong item sent,434.74,Processed
RET000405,ORD0075065,SKU002291,2025-07-26,not working,2385.96,Processed
RET000406,ORD0013834,SKU009209,2025-12-22,different sku received,1410.76,Processed
RET000407,ORD0035520,SKU004650,2026-01-08,not durable,1098.56,Processed
RET000408,ORD0006773,SKU007749,2025-11-06,broken on arrival,136.49,Processed
RET000409,ORD0053153,SKU006927,2025-06-25,product was cracked,485.5,Processed
RET000410,ORD0032456,SKU010226,2025-11-25,size too small,143.89,Processed
RET000411,ORD0046712,SKU006200,2025-03-31,didnt fit,633.76,Processed
RET000412,ORD0108116,SKU008231,2025-02-03,Size issue,343.37,Pending
RET000413,ORD0059574,SKU006876,2025-08-25,Quality issue,299.86,Pending
RET000414,ORD0003929,SKU002530,2026-04-09,product was cracked,496.37,Processed
RET000415,ORD0084583,SKU000415,2025-07-07,Damaged in transit,350.65,Processed
RET000416,ORD0018262,SKU011576,2025-11-23,Doesn't fit properly,588.93,Pending
RET000417,ORD0000467,SKU006756,2026-11-26,quality not as expected,1373.28,Processed
RET000418,ORD0025531,SKU000859,2026-01-21,size too small,715.9,Processed
RET000419,ORD0033017,SKU009355,2026-05-04,not as described,636.44,Processed
RET000420,ORD0046162,SKU001518,2026-11-01,Not what I ordered,655.34,Processed
RET000421,ORD0092182,SKU009262,2026-05-09,wrong item sent,1694.35,Processed
RET000422,ORD0033948,SKU010765,2025-12-17,wrong size ordered,283.33,Processed
RET000423,ORD0109780,SKU006456,2025-07-24,product was cracked,110.46,Processed
RET000424,ORD0083941,SKU002824,2025-03-29,size too small,1176.53,Pending
RET000425,ORD0060593,SKU000050,2026-01-17,quality not as expected,597.69,Processed
RET000426,ORD0057060,SKU008802,2026-04-09,arrived damaged!!,894.16,Processed
RET000427,ORD0107352,SKU010543,2026-03-20,misleading description,929.53,Processed
RET000428,ORD0118758,SKU009391,2025-08-26,item damaged,906.52,Processed
RET000429,ORD0096840,SKU004840,2025-12-10,colour different from image,2118.47,Processed
RET000430,ORD0071717,SKU005150,2026-02-04,wrong size ordered,977.48,Processed
RET000431,ORD0099950,SKU012135,2026-03-10,quality not as expected,540.87,Processed
RET000432,ORD0056849,SKU009735,2025-08-04,colour different from image,431.75,Processed
RET000433,ORD0096563,SKU012257,2026-12-09,defective piece,120.86,Processed
RET000434,ORD0072251,SKU012037,2025-11-02,Damaged in transit,282.3,Processed
RET000435,ORD0067678,SKU009117,2026-04-13,item damaged,1068.48,Pending
RET000436,ORD0098132,SKU008457,2026-11-21,product was cracked,189.5,Processed
RET000437,ORD0011040,SKU006586,2025-02-15,poor quality,1815.27,Processed
RET000438,ORD0036957,SKU000725,2026-02-04,Size issue,1147.98,Processed
RET000439,ORD0104020,SKU009081,2025-12-15,delivered too late,804.25,Pending
RET000440,ORD0000896,SKU003893,2025-04-16,wrong size ordered,313.57,Processed
RET000441,ORD0118773,SKU007311,2025-07-21,product was cracked,804.8,Processed
RET000442,ORD0095245,SKU010918,2026-02-01,cheap material,1279.76,Processed
RET000443,ORD0097245,SKU011725,2025-10-26,not working,388.59,Processed
RET000444,ORD0085837,SKU006622,2025-03-05,quality not as expected,349.54,Processed
RET000445,ORD0095695,SKU001896,2026-04-20,SIZE PROBLEM,290.4,Processed
RET000446,ORD0029853,SKU008405,2025-06-20,wrong colour delivered,3060.54,Processed
RET000447,ORD0016128,SKU004081,2026-01-17,didnt fit,626.99,Rejected
RET000448,ORD0078357,SKU004296,2026-04-27,Not what I ordered,225.05,Processed
RET000449,ORD0033231,SKU011132,2025-08-13,Doesn't fit properly,287.36,Pending
RET000450,ORD0023129,SKU002357,2025-09-12,quality not as expected,2675.56,Processed
RET000451,ORD0025879,SKU005053,2026-04-10,fabric quality bad,192.22,Rejected
RET000452,ORD0116768,SKU008795,2026-06-29,received different product,350.37,Processed
RET000453,ORD0086741,SKU011340,2025-07-01,Doesn't fit properly,1257.53,Processed
RET000454,ORD0088276,SKU006671,2025-06-09,arrived damaged!!,508.99,Rejected
RET000455,ORD0066052,SKU001601,2026-04-26,broken on arrival,634.45,Processed
RET000456,ORD0021032,SKU009890,2025-05-21,didnt fit,704.42,Processed
RET000457,ORD0047579,SKU010859,2026-02-21,Not what I ordered,554.37,Processed
RET000458,ORD0042255,SKU003405,2026-01-26,received different product,374.58,Processed
RET000459,ORD0071934,SKU005295,2025-06-02,poor quality,408.69,Processed
RET000460,ORD0012563,SKU011616,2025-07-16,fabric quality bad,1764.17,Processed
RET000461,ORD0009191,SKU009392,2025-12-05,packaging torn item broken,477.03,Processed
RET000462,ORD0012499,SKU008205,2025-01-25,wrong item sent,297.61,Processed
RET000463,ORD0060633,SKU010083,2025-09-11,changed my mind,1127.43,Processed
RET000464,ORD0078886,SKU004262,2025-10-01,wrong colour delivered,509.08,Processed
RET000465,ORD0076618,SKU005838,2025-12-02,looks different online,1798.13,Processed
RET000466,ORD0089684,SKU005429,2025-09-26,poor quality,1529.16,Processed
RET000467,ORD0049935,SKU011888,2025-08-20,Quality issue,351.47,Processed
RET000468,ORD0106674,SKU011707,2026-07-09,Damaged in transit,1418.7,Rejected
RET000469,ORD0057048,SKU009937,2025-11-02,not durable,2865.57,Processed
RET000470,ORD0119457,SKU003658,2026-04-16,cheap material,4775.49,Processed
RET000471,ORD0056892,SKU007478,2025-07-23,SIZE PROBLEM,192.8,Processed
RET000472,ORD0079319,SKU011239,2026-05-04,SIZE PROBLEM,2102.49,Processed
RET000473,ORD0022974,SKU002744,2025-06-15,different sku received,402.77,Processed
RET000474,ORD0113480,SKU003346,2025-02-06,didnt fit,452.52,Pending
RET000475,ORD0016303,SKU011951,2025-04-07,Damaged in transit,333.29,Processed
RET000476,ORD0044962,SKU004817,2026-07-18,didnt fit,384.25,Processed
RET000477,ORD0028053,SKU009497,2025-12-27,broken on arrival,157.08,Rejected
RET000478,ORD0027645,SKU002547,2026-07-07,didnt fit,5273.47,Processed
RET000479,ORD0106221,SKU002426,2026-05-13,no longer needed,761.39,Processed
RET000480,ORD0057794,SKU000394,2025-12-22,wrong item sent,817.36,Processed
RET000481,ORD0030404,SKU007262,2026-04-09,Doesn't fit properly,970.88,Rejected
RET000482,ORD0003742,SKU008278,2025-08-16,misleading description,120.32,Processed
RET000483,ORD0042485,SKU003870,2026-02-18,stopped working after a day,530.85,Processed
RET000484,ORD0029923,SKU009489,2025-08-23,delivered too late,398.58,Processed
RET000485,ORD0087823,SKU010529,2025-06-14,cheap material,817.25,Processed
RET000486,ORD0099327,SKU001139,2026-12-06,different sku received,547.52,Pending
RET000487,ORD0060967,SKU005500,2025-08-13,wrong item sent,1677.01,Processed
RET000488,ORD0094052,SKU005469,2025-11-27,Size issue,214.83,Processed
RET000489,ORD0034424,SKU008697,2026-02-21,not durable,934.26,Processed
RET000490,ORD0065188,SKU002925,2026-05-19,wrong size ordered,592.76,Pending
RET000491,ORD0101246,SKU007667,2026-04-27,device faulty,422.56,Processed
RET000492,ORD0055505,SKU009552,2025-08-07,Size issue,980.1,Processed
RET000493,ORD0004921,SKU007777,2025-11-18,different from website photo,233.93,Rejected
RET000494,ORD0030012,SKU006216,2026-03-12,not as described,280.11,Processed
RET000495,ORD0100305,SKU003720,2026-02-02,battery dead,1084.22,Processed
RET000496,ORD0062375,SKU006606,2026-05-08,wrong size ordered,1611.46,Processed
RET000497,ORD0105813,SKU001251,2026-07-10,arrived damaged!!,682.2,Pending
RET000498,ORD0055564,SKU003561,2025-11-02,late delivery no longer needed,241.06,Processed
RET000499,ORD0087235,SKU009096,2025-11-24,different sku received,277.06,Pending
RET000500,ORD0070379,SKU006936,2026-12-04,not durable,665.13,Processed
RET000501,ORD0015296,SKU003809,2025-02-20,not as described,1297.48,Processed
RET000502,ORD0001802,SKU002608,2025-12-01,didnt fit,481.72,Processed
RET000503,ORD0072499,SKU005076,2025-06-16,wrong item sent,1243.3,Processed
RET000504,ORD0037042,SKU005292,2026-12-09,wrong colour delivered,3917.06,Pending
RET000505,ORD0099888,SKU009336,2025-11-14,not durable,607.58,Processed
RET000506,ORD0037242,SKU004438,2026-02-28,too tight,96.42,Processed
RET000507,ORD0052008,SKU009290,2026-11-27,different from website photo,1054.6,Processed
RET000508,ORD0016303,SKU008199,2025-04-20,misleading description,502.46,Processed
RET000509,ORD0005603,SKU005996,2025-06-27,not durable,383.93,Processed
RET000510,ORD0072251,SKU010699,2025-10-25,Damaged in transit,418.59,Processed
RET000511,ORD0093966,SKU007892,2026-03-18,Not what I ordered,2575.87,Processed
RET000512,ORD0108977,SKU000889,2025-08-05,not durable,777.11,Processed
RET000513,ORD0007995,SKU009261,2026-06-13,Delayed delivery,985.88,Processed
RET000514,ORD0020136,SKU007571,2026-01-29,quality not as expected,1208.08,Processed
RET000515,ORD0108340,SKU006012,2026-10-29,size too small,579.76,Processed
RET000516,ORD0030876,SKU003164,2025-03-24,Damaged in transit,380.68,Processed
RET000517,ORD0042223,SKU000212,2025-06-06,different from website photo,1299.26,Processed
RET000518,ORD0101514,SKU011070,2025-06-24,Size issue,1922.63,Pending
RET000519,ORD0047789,SKU010032,2026-01-01,size chart misleading,469.37,Processed
RET000520,ORD0104588,SKU009894,2025-02-17,looks different online,345.7,Processed
RET000521,ORD0118400,SKU009487,2025-08-05,quality not as expected,197.56,Pending
RET000522,ORD0011035,SKU004120,2025-05-20,no longer needed,2160.56,Processed
RET000523,ORD0073263,SKU005760,2025-12-05,late delivery no longer needed,637.71,Processed
RET000524,ORD0119121,SKU005088,2025-02-03,wrong size ordered,397.74,Processed
RET000525,ORD0037887,SKU000231,2026-02-17,cheap material,1012.49,Processed
RET000526,ORD0085972,SKU009102,2026-03-21,looks different online,1619.4,Processed
RET000527,ORD0010860,SKU002673,2025-10-09,late delivery no longer needed,856.22,Processed
RET000528,ORD0065780,SKU001830,2026-06-03,cheap material,334.07,Processed
RET000529,ORD0087753,SKU007418,2025-09-04,different sku received,241.59,Pending
RET000530,ORD0079480,SKU003518,2026-11-30,received different product,285.64,Processed
RET000531,ORD0075278,SKU006944,2025-05-19,wrong size ordered,405.82,Processed
RET000532,ORD0023014,SKU007052,2025-04-12,wrong size ordered,422.11,Processed
RET000533,ORD0013307,SKU011917,2026-03-04,delivered too late,496.96,Processed
RET000534,ORD0013879,SKU001727,2025-08-03,quality not as expected,716.86,Processed
RET000535,ORD0116989,SKU000045,2026-03-17,arrived damaged!!,176.8,Processed
RET000536,ORD0082009,SKU006737,2026-01-27,too tight,226.57,Processed
RET000537,ORD0067402,SKU011612,2025-12-15,looks different online,862.11,Processed
RET000538,ORD0077139,SKU011902,2025-12-02,didnt fit,1185.63,Processed
RET000539,ORD0004064,SKU006355,2026-05-27,packaging torn item broken,792.53,Processed
RET000540,ORD0061122,SKU011004,2025-10-27,item damaged,275.11,Processed
RET000541,ORD0119758,SKU003557,2025-03-01,SIZE PROBLEM,134.9,Rejected
RET000542,ORD0093810,SKU006970,2025-11-21,received different product,320.73,Processed
RET000543,ORD0067709,SKU010520,2025-11-06,packaging torn item broken,465.28,Processed
RET000544,ORD0076724,SKU012104,2026-04-09,changed my mind,1653.94,Processed
RET000545,ORD0096323,SKU010690,2026-04-23,packaging torn item broken,169.12,Processed
RET000546,ORD0071337,SKU009416,2026-03-26,wrong colour delivered,455.84,Processed
RET000547,ORD0086113,SKU012254,2025-02-06,quality not as expected,290.47,Processed
RET000548,ORD0111986,SKU004566,2025-09-27,arrived damaged!!,276.36,Rejected
RET000549,ORD0117745,SKU009076,2025-11-21,broken on arrival,145.14,Processed
RET000550,ORD0020294,SKU005839,2026-05-09,found cheaper elsewhere,342.08,Processed
RET000551,ORD0079781,SKU001129,2026-06-03,Delayed delivery,1414.04,Processed
RET000552,ORD0019998,SKU001468,2025-08-29,product was cracked,1930.6,Processed
RET000553,ORD0051335,SKU008477,2025-11-05,size chart misleading,606.17,Pending
RET000554,ORD0007402,SKU006892,2026-05-16,didnt fit,838.26,Processed
RET000555,ORD0027168,SKU008292,2025-03-07,Damaged in transit,830.82,Rejected
RET000556,ORD0026921,SKU004560,2026-04-16,Size issue,1599.08,Processed
RET000557,ORD0041267,SKU010487,2025-01-30,arrived damaged!!,2109.57,Processed
RET000558,ORD0078324,SKU000851,2025-05-28,not durable,597.71,Processed
RET000559,ORD0053509,SKU004848,2026-11-17,cheap material,194.53,Processed
RET000560,ORD0000146,SKU000761,2026-01-29,not durable,1587.47,Processed
RET000561,ORD0065341,SKU000761,2025-07-05,different sku received,800.36,Pending
RET000562,ORD0049725,SKU011362,2025-05-10,changed my mind,993.54,Processed
RET000563,ORD0043403,SKU004355,2025-02-01,Damaged in transit,619.12,Processed
RET000564,ORD0106671,SKU000842,2026-04-22,late delivery no longer needed,1244.72,Rejected
RET000565,ORD0119420,SKU009263,2026-03-26,size chart misleading,132.11,Pending
RET000566,ORD0002863,SKU007088,2025-09-24,Doesn't fit properly,295.8,Processed
RET000567,ORD0099339,SKU010922,2025-09-25,found cheaper elsewhere,489.5,Pending
RET000568,ORD0077230,SKU009008,2025-04-15,delivered too late,214.05,Processed
RET000569,ORD0068525,SKU007563,2025-05-26,size chart misleading,969.93,Processed
RET000570,ORD0038512,SKU003277,2025-03-21,not working,547.8,Processed
RET000571,ORD0015845,SKU002743,2025-07-07,Doesn't fit properly,627.43,Processed
RET000572,ORD0085459,SKU006577,2025-02-04,delivered too late,661.45,Processed
RET000573,ORD0081363,SKU012382,2025-07-22,product was cracked,1619.71,Processed
RET000574,ORD0030848,SKU005804,2026-03-16,ordered by mistake,207.28,Processed
RET000575,ORD0060482,SKU001040,2025-09-14,wrong colour delivered,349.53,Processed
RET000576,ORD0050132,SKU006899,2025-04-30,no longer needed,192.36,Processed
RET000577,ORD0009191,SKU009441,2025-12-07,size too small,1910.7,Processed
RET000578,ORD0003643,SKU011418,2025-06-27,too tight,487.17,Processed
RET000579,ORD0010696,SKU012327,2025-05-11,Damaged in transit,496.2,Processed
RET000580,ORD0039132,SKU002122,2025-12-09,poor quality,1840.31,Pending
RET000581,ORD0010735,SKU004519,2025-03-13,broken on arrival,413.6,Processed
RET000582,ORD0067211,SKU001922,2025-10-13,Damaged in transit,1374.8,Processed
RET000583,ORD0105186,SKU000401,2025-03-03,ordered by mistake,1189.28,Processed
RET000584,ORD0036060,SKU001800,2025-07-05,item damaged,421.12,Processed
RET000585,ORD0110238,SKU009632,2026-01-31,wrong size ordered,373.49,Processed
RET000586,ORD0013183,SKU005084,2025-12-04,late delivery no longer needed,537.04,Processed
RET000587,ORD0002008,SKU000911,2026-03-07,Not what I ordered,1300.28,Processed
RET000588,ORD0017094,SKU009698,2025-02-02,size too small,569.65,Processed
RET000589,ORD0037029,SKU008492,2025-09-13,changed my mind,654.44,Processed
RET000590,ORD0059727,SKU004633,2026-02-10,Damaged in transit,391.76,Processed
RET000591,ORD0073186,SKU007234,2026-10-15,wrong size ordered,997.36,Processed
RET000592,ORD0082898,SKU000291,2026-06-11,defective piece,860.19,Processed
RET000593,ORD0021804,SKU009931,2025-05-25,wrong size ordered,1184.33,Processed
RET000594,ORD0069878,SKU004459,2026-12-06,Quality issue,449.1,Processed
RET000595,ORD0046566,SKU004290,2025-06-12,delivered too late,1218.86,Pending
RET000596,ORD0112114,SKU000070,2025-03-21,delivered too late,661.44,Processed
RET000597,ORD0050262,SKU006556,2025-05-27,item damaged,1927.99,Processed
RET000598,ORD0098504,SKU000496,2025-03-13,quality not as expected,1020.05,Processed
RET000599,ORD0117521,SKU003179,2026-03-28,not durable,763.69,Processed
RET000600,ORD0035128,SKU011063,2025-11-21,wrong item sent,833.45,Processed
RET000601,ORD0036662,SKU001011,2025-07-16,different sku received,460.46,Processed
RET000602,ORD0102304,SKU010057,2026-06-10,broken on arrival,818.24,Processed
RET000603,ORD0092990,SKU011126,2026-02-15,colour different from image,1005.44,Processed
RET000604,ORD0031212,SKU010161,2026-10-29,not durable,1012.14,Processed
RET000605,ORD0095411,SKU003627,2025-12-05,fabric quality bad,633.9,Processed
RET000606,ORD0053169,SKU008483,2025-08-27,wrong item sent,255.81,Pending
RET000607,ORD0117829,SKU004277,2025-04-07,too tight,541.79,Processed
RET000608,ORD0089772,SKU002697,2026-06-18,too tight,194.76,Processed
RET000609,ORD0013340,SKU010970,2025-02-25,Size issue,757.61,Processed
RET000610,ORD0018325,SKU005676,2026-04-15,Not what I ordered,710.57,Processed
RET000611,ORD0023516,SKU007817,2025-10-22,wrong colour delivered,1010.88,Rejected
RET000612,ORD0038099,SKU001449,2025-10-31,wrong item sent,1790.11,Processed
RET000613,ORD0112795,SKU010003,2026-04-21,too tight,786.49,Processed
RET000614,ORD0023615,SKU009064,2026-01-01,size chart misleading,578.52,Processed
RET000615,ORD0032607,SKU002002,2026-01-07,colour different from image,1323.99,Processed
RET000616,ORD0026161,SKU011410,2026-02-10,quality not as expected,514.61,Processed
RET000617,ORD0032384,SKU006733,2025-12-31,no longer needed,200.83,Processed
RET000618,ORD0033547,SKU000162,2025-02-16,size too small,108.91,Pending
RET000619,ORD0016710,SKU001299,2025-05-27,broken on arrival,413.39,Processed
RET000620,ORD0048776,SKU002982,2026-06-13,wrong item sent,1450.04,Processed
RET000621,ORD0061108,SKU001393,2026-06-14,Delayed delivery,493.65,Processed
RET000622,ORD0046467,SKU003249,2025-11-27,size chart misleading,246.23,Processed
RET000623,ORD0083266,SKU008971,2025-02-25,delivered too late,430.08,Processed
RET000624,ORD0060933,SKU008831,2025-04-13,quality not as expected,1492.74,Processed
RET000625,ORD0057158,SKU001530,2026-06-17,SIZE PROBLEM,712.28,Processed
RET000626,ORD0038478,SKU009657,2025-09-28,Doesn't fit properly,1680.06,Processed
RET000627,ORD0061613,SKU005026,2026-02-27,packaging torn item broken,211.32,Processed
RET000628,ORD0112059,SKU000097,2026-01-08,Size issue,470.66,Processed
RET000629,ORD0061671,SKU008336,2025-02-18,not durable,884.61,Processed
RET000630,ORD0028251,SKU011375,2025-11-21,found cheaper elsewhere,2414.25,Processed
RET000631,ORD0100542,SKU000074,2025-12-22,no longer needed,811.51,Processed
RET000632,ORD0019426,SKU004013,2026-04-15,wrong size ordered,2508.01,Processed
RET000633,ORD0014089,SKU004310,2025-07-21,not as described,895.08,Processed
RET000634,ORD0057406,SKU010298,2025-03-05,delivered too late,593.98,Processed
RET000635,ORD0033907,SKU001835,2025-05-02,too tight,220.05,Processed
RET000636,ORD0080412,SKU000823,2026-02-10,misleading description,367.98,Pending
RET000637,ORD0056550,SKU008794,2025-07-09,arrived damaged!!,1246.05,Processed
RET000638,ORD0116768,SKU006918,2026-06-12,quality not as expected,383.45,Processed
RET000639,ORD0057844,SKU005610,2025-09-16,not durable,725.83,Processed
RET000640,ORD0087313,SKU000416,2025-02-08,broken on arrival,290.46,Processed
RET000641,ORD0064461,SKU008967,2026-01-22,different sku received,507.04,Pending
RET000642,ORD0079825,SKU006967,2026-03-24,wrong size ordered,205.64,Processed
RET000643,ORD0001403,SKU004360,2025-04-22,size chart misleading,1220.03,Processed
RET000644,ORD0061462,SKU003304,2025-09-02,Doesn't fit properly,473.72,Processed
RET000645,ORD0082669,SKU007190,2025-06-16,device faulty,753.06,Processed
RET000646,ORD0025484,SKU005501,2025-04-06,broken on arrival,732.5,Processed
RET000647,ORD0098426,SKU003252,2026-03-27,wrong size ordered,487.72,Pending
RET000648,ORD0062456,SKU006936,2025-02-25,too tight,1292.16,Processed
RET000649,ORD0025774,SKU011661,2025-01-27,delivered too late,858.71,Processed
RET000650,ORD0098567,SKU004893,2025-08-18,size chart misleading,67.45,Processed
RET000651,ORD0041034,SKU004375,2025-02-05,not as described,1075.52,Processed
RET000652,ORD0041345,SKU009611,2026-02-14,arrived damaged!!,876.0,Processed
RET000653,ORD0097822,SKU011790,2025-02-14,defective piece,3097.79,Processed
RET000654,ORD0039819,SKU010591,2026-06-09,no longer needed,891.81,Processed
RET000655,ORD0042917,SKU010501,2025-12-07,wrong size ordered,955.44,Processed
RET000656,ORD0093255,SKU010892,2025-11-02,Size issue,828.02,Processed
RET000657,ORD0053686,SKU007539,2025-05-19,dont want it now,936.42,Processed
RET000658,ORD0099955,SKU007411,2026-01-24,item damaged,1317.17,Processed
RET000659,ORD0091176,SKU002081,2025-11-16,fabric quality bad,77.3,Processed
RET000660,ORD0009393,SKU001443,2026-07-12,device faulty,213.8,Processed
RET000661,ORD0108120,SKU009335,2025-08-24,size chart misleading,1137.61,Processed
RET000662,ORD0060311,SKU010291,2025-11-19,delivered too late,350.23,Processed
RET000663,ORD0119230,SKU011427,2025-03-04,SIZE PROBLEM,363.2,Processed
RET000664,ORD0098522,SKU006347,2025-05-25,arrived damaged!!,156.77,Processed
RET000665,ORD0093232,SKU007729,2026-04-28,cheap material,1277.47,Processed
RET000666,ORD0099485,SKU000775,2025-04-15,device faulty,331.63,Rejected
RET000667,ORD0064709,SKU001715,2025-05-06,wrong size ordered,448.98,Processed
RET000668,ORD0077688,SKU006327,2026-03-18,no longer needed,624.98,Pending
RET000669,ORD0002893,SKU001346,2025-12-11,wrong item sent,291.53,Processed
RET000670,ORD0053153,SKU000994,2025-06-19,poor quality,467.94,Processed
RET000671,ORD0045072,SKU004351,2025-11-29,ordered by mistake,519.38,Pending
RET000672,ORD0002218,SKU007637,2025-06-12,no longer needed,1503.03,Pending
RET000673,ORD0104055,SKU003540,2026-06-04,changed my mind,1222.83,Processed
RET000674,ORD0075739,SKU011116,2025-12-21,product was cracked,396.08,Pending
RET000675,ORD0108931,SKU010585,2026-06-09,found cheaper elsewhere,368.65,Processed
RET000676,ORD0034319,SKU004554,2025-03-28,item damaged,357.54,Processed
RET000677,ORD0020410,SKU000952,2026-07-28,wrong item sent,865.83,Processed
RET000678,ORD0017832,SKU000330,2025-05-16,found cheaper elsewhere,324.65,Processed
RET000679,ORD0040107,SKU005565,2026-02-21,packaging torn item broken,382.55,Processed
RET000680,ORD0043686,SKU007544,2025-04-24,poor quality,351.94,Processed
RET000681,ORD0065731,SKU004599,2026-04-16,colour different from image,288.98,Processed
RET000682,ORD0052752,SKU007786,2026-04-11,item damaged,497.91,Processed
RET000683,ORD0058157,SKU009975,2025-02-01,didnt fit,1615.23,Processed
RET000684,ORD0090193,SKU002236,2026-06-13,arrived damaged!!,566.93,Pending
RET000685,ORD0114235,SKU001818,2026-03-06,arrived damaged!!,314.52,Processed
RET000686,ORD0105838,SKU006450,2025-12-24,Quality issue,949.76,Pending
RET000687,ORD0013005,SKU008704,2025-08-03,no longer needed,1592.92,Pending
RET000688,ORD0055706,SKU002423,2026-12-05,not as described,777.42,Processed
RET000689,ORD0045433,SKU002824,2026-11-14,not as described,886.03,Processed
RET000690,ORD0080815,SKU011875,2025-11-18,broken on arrival,117.57,Processed
RET000691,ORD0010324,SKU006262,2026-02-18,wrong size ordered,346.22,Pending
RET000692,ORD0029758,SKU002807,2025-03-01,looks different online,1579.35,Processed
RET000693,ORD0103230,SKU006566,2025-03-29,different from website photo,145.89,Pending
RET000694,ORD0015092,SKU012174,2025-11-21,arrived damaged!!,919.33,Processed
RET000695,ORD0027141,SKU008543,2026-04-19,size chart misleading,351.82,Processed
RET000696,ORD0118488,SKU003137,2025-11-15,dont want it now,301.99,Processed
RET000697,ORD0080781,SKU012153,2025-03-17,arrived damaged!!,2207.55,Processed
RET000698,ORD0031667,SKU005181,2025-02-05,colour different from image,2035.67,Processed
RET000699,ORD0005025,SKU000815,2026-04-25,Damaged in transit,1841.86,Processed
RET000700,ORD0033330,SKU006342,2025-04-08,changed my mind,415.51,Processed
RET000701,ORD0114960,SKU004418,2026-04-27,arrived after event,944.2,Processed
RET000702,ORD0016564,SKU011300,2025-01-15,different from website photo,1118.13,Processed
RET000703,ORD0012295,SKU009097,2025-01-17,different from website photo,483.1,Processed
RET000704,ORD0091846,SKU007905,2026-03-07,colour different from image,216.0,Processed
RET000705,ORD0044741,SKU009423,2025-11-15,Quality issue,729.16,Processed
RET000706,ORD0069685,SKU012436,2025-11-17,Quality issue,389.4,Pending
RET000707,ORD0118807,SKU012325,2025-12-21,Not what I ordered,2439.69,Processed
RET000708,ORD0007994,SKU011807,2026-04-27,wrong size ordered,699.94,Processed
RET000709,ORD0076254,SKU011591,2026-02-03,product was cracked,155.02,Processed
RET000710,ORD0053384,SKU005750,2025-11-13,wrong item sent,593.76,Processed
RET000711,ORD0041611,SKU002935,2026-03-19,not durable,133.36,Processed
RET000712,ORD0105909,SKU004659,2025-10-12,quality not as expected,711.44,Processed
RET000713,ORD0060667,SKU002857,2026-02-25,size too small,423.52,Processed
RET000714,ORD0016117,SKU008328,2026-03-19,packaging torn item broken,286.95,Processed
RET000715,ORD0028514,SKU003070,2026-04-24,not working,534.97,Processed
RET000716,ORD0099955,SKU000603,2026-01-24,Delayed delivery,391.19,Processed
RET000717,ORD0003680,SKU010310,2025-09-12,too tight,422.94,Rejected
RET000718,ORD0095189,SKU002074,2026-03-17,Damaged in transit,1588.59,Processed
RET000719,ORD0077821,SKU003932,2025-12-15,didnt fit,423.17,Processed
RET000720,ORD0109532,SKU011440,2025-10-30,cheap material,405.59,Processed
RET000721,ORD0007969,SKU008762,2026-03-10,didnt fit,626.84,Rejected
RET000722,ORD0115129,SKU001861,2025-08-10,ordered by mistake,423.45,Processed
RET000723,ORD0103531,SKU011165,2025-03-30,wrong size ordered,239.63,Processed
RET000724,ORD0058412,SKU008881,2025-11-21,colour different from image,504.27,Pending
RET000725,ORD0056250,SKU004751,2025-10-05,size chart misleading,383.64,Processed
RET000726,ORD0066700,SKU006164,2025-03-16,size chart misleading,133.18,Processed
RET000727,ORD0032699,SKU009108,2026-01-28,looks different online,163.98,Processed
RET000728,ORD0112711,SKU007998,2026-02-04,didnt fit,203.07,Processed
RET000729,ORD0101725,SKU011666,2025-12-31,Doesn't fit properly,738.19,Processed
RET000730,ORD0049794,SKU003063,2025-11-22,packaging torn item broken,504.85,Processed
RET000731,ORD0081741,SKU010881,2025-07-31,wrong size ordered,586.18,Processed
RET000732,ORD0019426,SKU009839,2026-04-28,looks different online,284.22,Processed
RET000733,ORD0019522,SKU011321,2025-09-26,packaging torn item broken,319.89,Pending
RET000734,ORD0050844,SKU005214,2025-08-06,quality not as expected,854.71,Processed
RET000735,ORD0024770,SKU004644,2025-06-19,broken on arrival,2276.84,Pending
RET000736,ORD0015606,SKU005416,2025-09-28,not as described,261.01,Processed
RET000737,ORD0114210,SKU005409,2025-02-17,late delivery no longer needed,1451.73,Processed
RET000738,ORD0005838,SKU006388,2026-02-24,too tight,1450.16,Processed
RET000739,ORD0044159,SKU003590,2025-04-24,not as described,285.11,Processed
RET000740,ORD0041147,SKU009589,2025-11-14,received different product,968.12,Pending
RET000741,ORD0063934,SKU010025,2025-08-24,no longer needed,2378.54,Processed
RET000742,ORD0015282,SKU008624,2025-12-11,item damaged,228.84,Processed
RET000743,ORD0064557,SKU003415,2025-04-03,poor quality,1737.68,Processed
RET000744,ORD0099982,SKU010281,2025-03-26,not durable,287.63,Processed
RET000745,ORD0020750,SKU006455,2025-04-05,different sku received,566.79,Processed
RET000746,ORD0084041,SKU011740,2025-09-20,defective piece,734.76,Rejected
RET000747,ORD0052902,SKU000145,2025-09-28,changed my mind,945.42,Processed
RET000748,ORD0014203,SKU006244,2025-05-16,packaging torn item broken,639.24,Processed
RET000749,ORD0105194,SKU009531,2026-03-10,wrong size ordered,1811.69,Processed
RET000750,ORD0079426,SKU012074,2025-07-13,different sku received,437.98,Rejected
RET000751,ORD0106821,SKU006069,2025-02-24,cheap material,634.13,Processed
RET000752,ORD0011629,SKU008326,2025-05-12,arrived damaged!!,1193.81,Processed
RET000753,ORD0100188,SKU001897,2026-05-01,ordered by mistake,38.64,Processed
RET000754,ORD0035878,SKU005600,2026-06-26,poor quality,361.18,Processed
RET000755,ORD0019955,SKU006276,2025-11-22,changed my mind,475.22,Processed
RET000756,ORD0104149,SKU000690,2025-10-03,device faulty,1515.24,Processed
RET000757,ORD0083245,SKU002390,2026-01-03,SIZE PROBLEM,933.85,Processed
RET000758,ORD0028494,SKU007007,2025-09-25,stopped working after a day,634.22,Processed
RET000759,ORD0040787,SKU011411,2026-04-10,broken on arrival,774.87,Processed
RET000760,ORD0017798,SKU001843,2025-12-23,product was cracked,735.19,Processed
RET000761,ORD0087428,SKU001310,2025-09-02,size chart misleading,1110.08,Processed
RET000762,ORD0100991,SKU011061,2025-05-08,arrived damaged!!,766.15,Processed
RET000763,ORD0006319,SKU007639,2025-09-10,arrived damaged!!,754.64,Processed
RET000764,ORD0032548,SKU000173,2025-11-24,late delivery no longer needed,3285.73,Processed
RET000765,ORD0072862,SKU002048,2026-06-10,Size issue,672.06,Processed
RET000766,ORD0078491,SKU008068,2025-11-17,battery dead,648.28,Rejected
RET000767,ORD0002757,SKU003486,2025-10-28,Not what I ordered,2619.78,Processed
RET000768,ORD0057374,SKU005220,2026-11-29,wrong colour delivered,556.37,Pending
RET000769,ORD0098284,SKU009126,2025-11-17,not durable,706.23,Processed
RET000770,ORD0046283,SKU005644,2026-12-24,size too small,720.31,Processed
RET000771,ORD0109523,SKU011334,2025-04-11,Doesn't fit properly,314.42,Processed
RET000772,ORD0045752,SKU003604,2026-03-13,Quality issue,1392.42,Processed
RET000773,ORD0086170,SKU005641,2026-04-25,received different product,1296.98,Processed
RET000774,ORD0104380,SKU010558,2026-01-21,product was cracked,361.17,Processed
RET000775,ORD0108331,SKU006711,2025-03-17,item damaged,808.83,Processed
RET000776,ORD0001553,SKU002501,2026-07-07,size chart misleading,1054.7,Processed
RET000777,ORD0040481,SKU003925,2026-01-16,Doesn't fit properly,757.37,Processed
RET000778,ORD0020321,SKU011038,2025-05-01,arrived damaged!!,1056.26,Processed
RET000779,ORD0002719,SKU005094,2025-06-10,found cheaper elsewhere,856.51,Processed
RET000780,ORD0066088,SKU006445,2025-02-15,late delivery no longer needed,1009.93,Processed
RET000781,ORD0097691,SKU011460,2025-04-01,product was cracked,448.65,Processed
RET000782,ORD0045752,SKU005394,2026-03-14,Not what I ordered,511.96,Pending
RET000783,ORD0009474,SKU008968,2026-01-18,product was cracked,122.72,Processed
RET000784,ORD0086266,SKU004159,2025-03-17,product was cracked,282.91,Processed
RET000785,ORD0030969,SKU010336,2025-10-27,no longer needed,330.34,Processed
RET000786,ORD0053649,SKU007891,2026-10-23,Quality issue,515.76,Processed
RET000787,ORD0086674,SKU010041,2025-10-11,colour different from image,512.08,Processed
RET000788,ORD0045155,SKU008844,2025-03-10,changed my mind,1898.36,Processed
RET000789,ORD0052722,SKU003539,2025-04-01,broken on arrival,676.79,Pending
RET000790,ORD0037480,SKU010902,2026-02-10,Size issue,214.24,Processed
RET000791,ORD0108216,SKU006898,2025-04-05,poor quality,711.78,Processed
RET000792,ORD0075082,SKU006338,2025-01-17,Damaged in transit,383.02,Processed
RET000793,ORD0009752,SKU000595,2025-04-24,Size issue,158.89,Processed
RET000794,ORD0100092,SKU010457,2026-05-18,different from website photo,511.22,Processed
RET000795,ORD0003442,SKU007845,2026-02-24,broken on arrival,303.93,Processed
RET000796,ORD0006273,SKU000890,2025-05-18,poor quality,222.03,Processed
RET000797,ORD0061078,SKU006997,2025-08-07,not durable,470.2,Processed
RET000798,ORD0058957,SKU002752,2025-10-30,poor quality,1742.53,Processed
RET000799,ORD0029412,SKU007285,2025-10-19,Quality issue,891.62,Processed
RET000800,ORD0111902,SKU009886,2025-10-12,size too small,1419.68,Rejected
RET000801,ORD0011109,SKU010273,2025-11-01,not durable,2044.96,Processed
RET000802,ORD0111313,SKU010872,2026-01-20,arrived after event,308.92,Processed
RET000803,ORD0041132,SKU009715,2025-02-13,poor quality,221.88,Processed
RET000804,ORD0070489,SKU003805,2026-02-10,Doesn't fit properly,191.78,Pending
RET000805,ORD0069178,SKU002064,2025-02-22,late delivery no longer needed,2666.08,Processed
RET000806,ORD0069558,SKU008743,2026-03-28,looks different online,1463.93,Processed
RET000807,ORD0055538,SKU007183,2026-11-25,product was cracked,424.58,Processed
RET000808,ORD0099921,SKU012084,2026-04-11,packaging torn item broken,534.9,Processed
RET000809,ORD0047789,SKU010747,2026-01-06,Quality issue,1125.11,Processed
RET000810,ORD0034330,SKU009104,2026-01-23,Quality issue,726.97,Processed
RET000811,ORD0111792,SKU011135,2025-07-09,packaging torn item broken,762.41,Processed
RET000812,ORD0108950,SKU007942,2025-07-17,broken on arrival,2478.89,Processed
RET000813,ORD0111422,SKU010495,2025-03-16,not as described,1047.67,Processed
RET000814,ORD0097508,SKU005191,2025-09-29,poor quality,639.01,Processed
RET000815,ORD0013619,SKU010325,2025-11-14,broken on arrival,704.99,Processed
RET000816,ORD0057374,SKU000456,2026-11-22,didnt fit,150.55,Processed
RET000817,ORD0026320,SKU005406,2025-08-08,Damaged in transit,361.39,Processed
RET000818,ORD0026472,SKU006769,2025-09-12,size too small,1014.8,Processed
RET000819,ORD0071337,SKU007034,2026-04-16,SIZE PROBLEM,696.39,Pending
RET000820,ORD0098499,SKU011592,2025-08-03,Not what I ordered,3155.01,Processed
RET000821,ORD0011078,SKU004657,2026-07-19,packaging torn item broken,323.75,Processed
RET000822,ORD0101299,SKU002001,2025-07-29,received different product,674.15,Processed
RET000823,ORD0019627,SKU010990,2025-12-04,late delivery no longer needed,718.2,Processed
RET000824,ORD0087467,SKU008753,2025-07-06,changed my mind,118.57,Processed
RET000825,ORD0036463,SKU001755,2025-02-03,wrong size ordered,1123.93,Processed
RET000826,ORD0085264,SKU008507,2025-02-26,dont want it now,1762.67,Processed
RET000827,ORD0021376,SKU010233,2026-12-11,size too small,3130.85,Processed
RET000828,ORD0034551,SKU008766,2026-06-12,Damaged in transit,1221.12,Processed
RET000829,ORD0113771,SKU008558,2025-07-16,item damaged,1075.14,Processed
RET000830,ORD0066663,SKU007779,2025-05-14,fabric quality bad,3248.08,Processed
RET000831,ORD0083393,SKU012404,2026-11-26,too tight,291.28,Processed
RET000832,ORD0063759,SKU006944,2025-04-06,stopped working after a day,487.7,Processed
RET000833,ORD0065069,SKU012435,2025-03-27,didnt fit,814.24,Processed
RET000834,ORD0055311,SKU007297,2026-11-30,found cheaper elsewhere,705.17,Processed
RET000835,ORD0003156,SKU003439,2025-07-11,wrong size ordered,1325.77,Processed
RET000836,ORD0011629,SKU005307,2025-05-17,different sku received,806.95,Processed
RET000837,ORD0087968,SKU001621,2025-05-12,size chart misleading,121.57,Processed
RET000838,ORD0087313,SKU002013,2025-02-27,device faulty,445.41,Processed
RET000839,ORD0023349,SKU007661,2025-08-19,delivered too late,3869.88,Pending
RET000840,ORD0030539,SKU004511,2025-12-14,Delayed delivery,1636.46,Processed
RET000841,ORD0077095,SKU004379,2025-02-23,SIZE PROBLEM,562.83,Processed
RET000842,ORD0070031,SKU012013,2025-04-10,not working,2785.39,Processed
RET000843,ORD0076824,SKU012428,2025-02-17,SIZE PROBLEM,1947.85,Pending
RET000844,ORD0009775,SKU000064,2025-10-28,quality not as expected,361.45,Processed
RET000845,ORD0013583,SKU003882,2025-03-30,wrong item sent,521.43,Processed
RET000846,ORD0032196,SKU007586,2025-05-22,colour different from image,1163.22,Processed
RET000847,ORD0064917,SKU001326,2025-04-28,delivered too late,851.54,Processed
RET000848,ORD0070922,SKU002732,2025-03-17,Delayed delivery,1390.78,Processed
RET000849,ORD0047858,SKU010119,2025-12-27,Quality issue,651.69,Processed
RET000850,ORD0034424,SKU003974,2026-02-28,not working,1451.58,Processed
RET000851,ORD0022658,SKU012020,2025-04-08,didnt fit,429.21,Processed
RET000852,ORD0083709,SKU005937,2025-01-18,product was cracked,897.89,Processed
RET000853,ORD0098251,SKU010366,2025-01-18,quality not as expected,203.84,Processed
RET000854,ORD0090516,SKU007837,2025-02-19,no longer needed,1996.6,Pending
RET000855,ORD0030865,SKU010064,2026-01-17,packaging torn item broken,723.29,Processed
RET000856,ORD0108216,SKU004411,2025-04-01,stopped working after a day,585.63,Pending
RET000857,ORD0096771,SKU011430,2025-11-01,defective piece,1178.21,Processed
RET000858,ORD0001629,SKU005212,2025-10-31,arrived damaged!!,205.27,Processed
RET000859,ORD0099247,SKU001943,2025-02-22,product was cracked,363.13,Processed
RET000860,ORD0010645,SKU000150,2025-12-04,different from website photo,982.88,Processed
RET000861,ORD0041001,SKU012034,2026-03-11,Doesn't fit properly,2767.32,Processed
RET000862,ORD0111644,SKU011544,2026-10-26,not working,291.97,Rejected
RET000863,ORD0045048,SKU001183,2026-04-21,not as described,178.71,Processed
RET000864,ORD0020907,SKU001273,2026-11-21,not durable,2928.25,Processed
RET000865,ORD0060212,SKU007834,2025-04-30,size too small,281.88,Processed
RET000866,ORD0035673,SKU000465,2026-03-22,Quality issue,828.68,Processed
RET000867,ORD0078256,SKU011615,2025-05-02,product was cracked,400.95,Processed
RET000868,ORD0001787,SKU003032,2026-03-11,too tight,96.36,Processed
RET000869,ORD0022092,SKU001283,2025-08-11,item damaged,818.98,Processed
RET000870,ORD0047798,SKU005335,2025-09-15,size chart misleading,1372.93,Processed
RET000871,ORD0027592,SKU001644,2025-01-31,colour different from image,282.17,Processed
RET000872,ORD0041818,SKU005104,2025-04-24,not durable,768.71,Processed
RET000873,ORD0118273,SKU001742,2026-02-20,product was cracked,328.42,Pending
RET000874,ORD0034604,SKU010944,2025-10-27,product was cracked,854.08,Processed
RET000875,ORD0048699,SKU003701,2026-01-17,product was cracked,707.91,Pending
RET000876,ORD0046467,SKU012442,2025-12-04,different sku received,692.25,Pending
RET000877,ORD0040017,SKU000471,2025-08-29,not working,548.49,Pending
RET000878,ORD0075090,SKU008931,2026-01-21,packaging torn item broken,618.18,Processed
RET000879,ORD0081590,SKU006655,2025-09-21,wrong item sent,125.6,Processed
RET000880,ORD0111604,SKU011326,2026-02-25,misleading description,1540.07,Processed
RET000881,ORD0077300,SKU006537,2025-11-11,didnt fit,392.88,Processed
RET000882,ORD0016898,SKU006161,2026-05-26,changed my mind,338.06,Processed
RET000883,ORD0084739,SKU010735,2026-11-24,found cheaper elsewhere,1271.44,Processed
RET000884,ORD0058895,SKU007024,2025-11-02,dont want it now,1078.98,Processed
RET000885,ORD0054483,SKU011746,2025-03-12,fabric quality bad,334.06,Pending
RET000886,ORD0026719,SKU009695,2025-12-01,broken on arrival,839.88,Processed
RET000887,ORD0073943,SKU003117,2026-01-31,poor quality,994.78,Processed
RET000888,ORD0095094,SKU001928,2026-10-28,SIZE PROBLEM,1427.34,Pending
RET000889,ORD0044092,SKU000141,2025-11-28,Damaged in transit,1244.68,Processed
RET000890,ORD0080124,SKU010752,2025-12-02,quality not as expected,1017.16,Processed
RET000891,ORD0052110,SKU001955,2025-02-24,battery dead,326.11,Processed
RET000892,ORD0034204,SKU003774,2026-01-13,packaging torn item broken,163.2,Processed
RET000893,ORD0014156,SKU011049,2026-03-13,cheap material,849.13,Processed
RET000894,ORD0108053,SKU005666,2026-04-29,SIZE PROBLEM,389.36,Processed
RET000895,ORD0092609,SKU004684,2025-12-29,device faulty,2910.35,Processed
RET000896,ORD0092878,SKU011954,2025-01-28,different from website photo,616.33,Processed
RET000897,ORD0086377,SKU000950,2025-02-23,SIZE PROBLEM,843.97,Processed
RET000898,ORD0027438,SKU000461,2026-11-15,packaging torn item broken,721.25,Processed
RET000899,ORD0049512,SKU008256,2026-02-15,arrived damaged!!,151.95,Processed
RET000900,ORD0077164,SKU007797,2025-02-12,changed my mind,1035.52,Processed
RET000901,ORD0119231,SKU012025,2025-07-21,arrived damaged!!,727.98,Processed
RET000902,ORD0106636,SKU004054,2026-02-12,Size issue,932.36,Processed
RET000903,ORD0061238,SKU011584,2026-12-22,Quality issue,271.82,Processed
RET000904,ORD0036058,SKU009128,2026-11-04,misleading description,583.19,Processed
RET000905,ORD0002137,SKU003510,2025-10-27,Damaged in transit,404.65,Processed
RET000906,ORD0055270,SKU012231,2025-01-13,device faulty,160.39,Processed
RET000907,ORD0068188,SKU002493,2026-03-03,Delayed delivery,207.4,Processed
RET000908,ORD0042437,SKU009984,2025-04-24,too tight,438.28,Processed
RET000909,ORD0096492,SKU010475,2025-06-01,received different product,415.9,Processed
RET000910,ORD0013398,SKU009282,2026-03-01,SIZE PROBLEM,293.69,Processed
RET000911,ORD0061474,SKU002769,2025-09-23,changed my mind,405.2,Rejected
RET000912,ORD0106300,SKU003088,2026-12-17,wrong size ordered,399.04,Processed
RET000913,ORD0101224,SKU008702,2026-01-12,size too small,1059.23,Processed
RET000914,ORD0019034,SKU006682,2025-08-08,size too small,950.09,Processed
RET000915,ORD0065145,SKU011388,2026-11-13,product was cracked,280.53,Pending
RET000916,ORD0020989,SKU011936,2025-02-01,Delayed delivery,1088.7,Rejected
RET000917,ORD0024416,SKU005075,2025-11-24,packaging torn item broken,4269.49,Processed
RET000918,ORD0039639,SKU004908,2026-07-26,looks different online,702.99,Processed
RET000919,ORD0117577,SKU011902,2025-06-26,SIZE PROBLEM,296.37,Processed
RET000920,ORD0079645,SKU004209,2026-01-31,too tight,1322.47,Pending
RET000921,ORD0113772,SKU009596,2025-12-01,Size issue,963.92,Processed
RET000922,ORD0024730,SKU005276,2025-12-08,different sku received,511.58,Pending
RET000923,ORD0021283,SKU009547,2025-04-30,item damaged,205.03,Processed
RET000924,ORD0113569,SKU001137,2025-03-11,wrong colour delivered,664.15,Processed
RET000925,ORD0045135,SKU003604,2025-07-20,too tight,348.85,Pending
RET000926,ORD0022549,SKU000726,2026-06-04,not as described,1153.61,Processed
RET000927,ORD0025531,SKU009134,2026-01-19,fabric quality bad,525.25,Processed
RET000928,ORD0064232,SKU010637,2025-07-07,looks different online,1246.6,Processed
RET000929,ORD0058653,SKU001290,2025-06-30,poor quality,820.31,Processed
RET000930,ORD0054154,SKU011177,2025-05-31,arrived damaged!!,1549.68,Processed
RET000931,ORD0050754,SKU001923,2026-01-01,size too small,966.32,Processed
RET000932,ORD0006142,SKU002930,2025-03-14,misleading description,1210.52,Processed
RET000933,ORD0037575,SKU002672,2025-05-14,battery dead,261.7,Processed
RET000934,ORD0110480,SKU001694,2025-12-04,size too small,351.76,Processed
RET000935,ORD0081082,SKU011566,2026-02-21,no longer needed,1009.3,Processed
RET000936,ORD0078169,SKU010300,2026-03-14,received different product,1623.46,Processed
RET000937,ORD0006367,SKU010324,2026-01-11,product was cracked,422.18,Processed
RET000938,ORD0080899,SKU003317,2025-11-14,product was cracked,202.8,Processed
RET000939,ORD0020212,SKU001318,2026-05-25,Size issue,2271.57,Processed
RET000940,ORD0032938,SKU010544,2025-07-06,size too small,1089.9,Processed
RET000941,ORD0040063,SKU001521,2025-04-14,dont want it now,655.26,Processed
RET000942,ORD0083274,SKU004153,2026-06-11,Doesn't fit properly,234.82,Pending
RET000943,ORD0069947,SKU008129,2025-05-01,not durable,655.44,Processed
RET000944,ORD0085846,SKU002191,2025-06-12,poor quality,631.63,Processed
RET000945,ORD0053169,SKU011847,2025-08-10,looks different online,1842.81,Processed
RET000946,ORD0110144,SKU005916,2026-01-01,Size issue,2654.64,Rejected
RET000947,ORD0003143,SKU005706,2025-09-06,misleading description,400.28,Processed
RET000948,ORD0019138,SKU010940,2026-01-05,not working,380.85,Processed
RET000949,ORD0006367,SKU001619,2025-12-25,wrong size ordered,1409.37,Processed
RET000950,ORD0018981,SKU006851,2025-10-16,arrived damaged!!,323.94,Processed
RET000951,ORD0034707,SKU012186,2025-06-13,Damaged in transit,865.48,Processed
RET000952,ORD0010879,SKU009840,2025-03-14,arrived damaged!!,3069.19,Processed
RET000953,ORD0030764,SKU005040,2025-12-20,arrived damaged!!,777.96,Processed
RET000954,ORD0039645,SKU006113,2026-05-07,late delivery no longer needed,745.77,Processed
RET000955,ORD0085010,SKU003110,2026-06-23,poor quality,275.85,Processed
RET000956,ORD0115308,SKU005906,2025-05-27,Size issue,674.56,Processed
RET000957,ORD0079825,SKU000647,2026-03-27,broken on arrival,1115.91,Processed
RET000958,ORD0031928,SKU008765,2025-06-05,different sku received,556.18,Processed
RET000959,ORD0069878,SKU012159,2026-12-06,size chart misleading,601.76,Processed
RET000960,ORD0017905,SKU011329,2025-07-20,Damaged in transit,372.2,Rejected
RET000961,ORD0098432,SKU011086,2025-05-01,not as described,2075.55,Processed
RET000962,ORD0040211,SKU008357,2025-04-25,poor quality,147.56,Processed
RET000963,ORD0044553,SKU011429,2026-11-24,didnt fit,161.69,Processed
RET000964,ORD0060153,SKU001655,2025-12-14,cheap material,239.84,Pending
RET000965,ORD0096421,SKU003959,2025-10-09,item damaged,581.92,Processed
RET000966,ORD0052470,SKU011036,2025-12-23,Damaged in transit,158.9,Pending
RET000967,ORD0091894,SKU004236,2026-04-26,colour different from image,1781.26,Pending
RET000968,ORD0018472,SKU005377,2026-02-15,quality not as expected,3643.9,Processed
RET000969,ORD0038878,SKU008839,2025-03-17,quality not as expected,392.22,Processed
RET000970,ORD0071316,SKU009083,2025-02-11,looks different online,2587.35,Rejected
RET000971,ORD0038842,SKU006162,2025-05-02,Not what I ordered,286.09,Processed
RET000972,ORD0082518,SKU001546,2026-11-15,size too small,327.62,Processed
RET000973,ORD0019790,SKU011958,2025-08-27,Doesn't fit properly,216.05,Processed
RET000974,ORD0032770,SKU007666,2025-11-16,Size issue,963.51,Processed
RET000975,ORD0107087,SKU003313,2026-03-12,too tight,1662.15,Processed
RET000976,ORD0067153,SKU006546,2026-06-24,packaging torn item broken,625.1,Pending
RET000977,ORD0002701,SKU004678,2025-02-03,dont want it now,664.22,Processed
RET000978,ORD0053278,SKU007878,2026-01-13,SIZE PROBLEM,479.07,Processed
RET000979,ORD0084503,SKU000968,2026-02-06,wrong item sent,851.54,Pending
RET000980,ORD0115876,SKU012430,2026-06-20,Doesn't fit properly,986.59,Rejected
RET000981,ORD0002789,SKU008483,2025-12-02,late delivery no longer needed,296.52,Processed
RET000982,ORD0000243,SKU008002,2026-01-28,too tight,473.9,Pending
RET000983,ORD0048055,SKU004431,2026-05-11,different sku received,880.94,Pending
RET000984,ORD0104247,SKU002069,2025-12-09,product was cracked,860.17,Processed
RET000985,ORD0111551,SKU001889,2025-02-15,Delayed delivery,418.1,Processed
RET000986,ORD0042342,SKU003019,2026-10-30,Quality issue,1276.96,Processed
RET000987,ORD0063068,SKU003286,2026-04-17,changed my mind,2175.89,Processed
RET000988,ORD0040081,SKU011142,2025-10-11,didnt fit,1693.63,Processed
RET000989,ORD0078864,SKU005567,2026-07-09,no longer needed,1232.58,Processed
RET000990,ORD0063160,SKU000356,2026-05-03,misleading description,571.4,Processed
RET000991,ORD0102301,SKU001142,2025-11-09,different from website photo,626.6,Processed
RET000992,ORD0078442,SKU005645,2025-02-28,stopped working after a day,373.98,Processed
RET000993,ORD0053504,SKU008893,2026-11-19,item damaged,138.05,Processed
RET000994,ORD0018459,SKU006056,2026-11-27,arrived after event,353.25,Processed
RET000995,ORD0004158,SKU008480,2025-03-05,size chart misleading,1333.31,Processed
RET000996,ORD0041610,SKU012031,2026-03-24,item damaged,768.98,Processed
RET000997,ORD0001317,SKU001170,2026-11-17,colour different from image,128.16,Pending
RET000998,ORD0095131,SKU001785,2025-07-03,packaging torn item broken,701.52,Processed
RET000999,ORD0028741,SKU010050,2025-07-15,Quality issue,767.36,Processed
RET001000,ORD0114331,SKU011040,2025-11-29,different from website photo,432.99,Processed
RET001001,ORD0086645,SKU001045,2025-11-13,Not what I ordered,78.47,Processed
RET001002,ORD0037745,SKU002412,2025-04-11,item damaged,1000.97,Processed
RET001003,ORD0009366,SKU003732,2026-04-25,Size issue,382.69,Processed
RET001004,ORD0082080,SKU009339,2026-05-01,didnt fit,539.17,Processed
RET001005,ORD0064770,SKU006741,2025-11-14,late delivery no longer needed,480.28,Rejected
RET001006,ORD0051335,SKU008956,2025-11-13,cheap material,415.3,Processed
RET001007,ORD0103941,SKU003078,2025-11-12,no longer needed,244.47,Processed
RET001008,ORD0082673,SKU006429,2026-03-04,poor quality,820.0,Processed
RET001009,ORD0053225,SKU000467,2025-04-28,poor quality,285.67,Processed
RET001010,ORD0016813,SKU012257,2025-12-15,different sku received,550.34,Pending
RET001011,ORD0060332,SKU003929,2026-04-29,didnt fit,561.79,Processed
RET001012,ORD0026744,SKU003514,2026-01-18,colour different from image,167.46,Processed
RET001013,ORD0049322,SKU009436,2026-12-09,quality not as expected,651.15,Rejected
RET001014,ORD0104200,SKU012320,2026-02-17,fabric quality bad,514.56,Processed
RET001015,ORD0108120,SKU009447,2025-08-16,size too small,433.73,Processed
RET001016,ORD0017826,SKU010523,2025-02-28,defective piece,1734.68,Processed
RET001017,ORD0096024,SKU003056,2025-05-28,quality not as expected,753.71,Rejected
RET001018,ORD0048134,SKU012073,2026-01-09,size too small,589.73,Processed
RET001019,ORD0115129,SKU011667,2025-08-13,broken on arrival,634.53,Rejected
RET001020,ORD0076654,SKU001009,2025-02-12,delivered too late,244.37,Processed
RET001021,ORD0005474,SKU010043,2025-09-04,product was cracked,200.52,Processed
RET001022,ORD0112877,SKU002970,2025-07-18,item damaged,551.77,Processed
RET001023,ORD0085764,SKU004049,2026-05-15,colour different from image,684.72,Processed
RET001024,ORD0053608,SKU004656,2026-04-19,not durable,1128.53,Processed
RET001025,ORD0068847,SKU011716,2026-05-26,delivered too late,1364.66,Processed
RET001026,ORD0058452,SKU005865,2025-02-14,broken on arrival,477.25,Rejected
RET001027,ORD0090816,SKU006114,2026-04-26,arrived damaged!!,1498.78,Processed
RET001028,ORD0045835,SKU004165,2026-10-29,defective piece,723.13,Processed
RET001029,ORD0002743,SKU002015,2025-02-06,ordered by mistake,659.28,Processed
RET001030,ORD0003247,SKU011942,2025-11-28,broken on arrival,490.31,Pending
RET001031,ORD0071957,SKU011561,2025-06-02,fabric quality bad,788.3,Pending
RET001032,ORD0012788,SKU008554,2025-10-11,arrived damaged!!,347.18,Pending
RET001033,ORD0103445,SKU009360,2025-07-31,delivered too late,252.42,Processed
RET001034,ORD0113607,SKU010204,2025-07-11,poor quality,1460.46,Processed
RET001035,ORD0048767,SKU009192,2026-02-19,received different product,546.5,Processed
RET001036,ORD0113192,SKU005993,2025-06-12,received different product,1870.75,Processed
RET001037,ORD0057093,SKU000694,2025-06-12,not durable,3198.75,Pending
RET001038,ORD0047176,SKU009094,2025-12-09,product was cracked,1377.24,Rejected
RET001039,ORD0117888,SKU003469,2025-06-01,packaging torn item broken,1377.51,Processed
RET001040,ORD0033847,SKU012410,2025-03-21,received different product,249.12,Processed
RET001041,ORD0112600,SKU000425,2026-04-23,Size issue,708.07,Processed
RET001042,ORD0083035,SKU002403,2025-10-08,colour different from image,498.54,Pending
RET001043,ORD0082968,SKU008210,2026-02-10,Size issue,648.81,Rejected
RET001044,ORD0033904,SKU005560,2026-10-29,wrong item sent,234.31,Processed
RET001045,ORD0094498,SKU008766,2025-11-24,Not what I ordered,519.8,Processed
RET001046,ORD0018387,SKU004807,2026-02-09,wrong size ordered,607.13,Processed
RET001047,ORD0108184,SKU003957,2025-08-14,different from website photo,690.06,Processed
RET001048,ORD0004998,SKU000237,2026-06-14,didnt fit,1203.67,Processed
RET001049,ORD0064164,SKU009108,2026-11-24,changed my mind,593.88,Processed
RET001050,ORD0014610,SKU006068,2025-12-07,size chart misleading,1170.48,Processed
RET001051,ORD0061066,SKU012252,2025-12-01,wrong item sent,916.24,Processed
RET001052,ORD0090516,SKU004572,2025-02-21,colour different from image,1335.45,Processed
RET001053,ORD0089414,SKU006663,2026-04-13,stopped working after a day,475.92,Rejected
RET001054,ORD0106336,SKU005802,2025-10-08,changed my mind,792.78,Processed
RET001055,ORD0115973,SKU004791,2026-04-24,late delivery no longer needed,190.36,Pending
RET001056,ORD0085173,SKU011845,2025-09-08,Not what I ordered,401.59,Processed
RET001057,ORD0076633,SKU011784,2026-03-01,wrong colour delivered,285.22,Processed
RET001058,ORD0025193,SKU000425,2026-07-17,didnt fit,2394.08,Processed
RET001059,ORD0025858,SKU002487,2025-05-16,product was cracked,1085.48,Processed
RET001060,ORD0011409,SKU003353,2026-01-14,broken on arrival,285.11,Processed
RET001061,ORD0019086,SKU012206,2025-08-11,arrived damaged!!,3088.09,Pending
RET001062,ORD0085484,SKU000368,2025-10-18,packaging torn item broken,1330.32,Processed
RET001063,ORD0081336,SKU007419,2025-11-14,looks different online,791.06,Processed
RET001064,ORD0056086,SKU003339,2025-11-07,Damaged in transit,1586.6,Processed
RET001065,ORD0049837,SKU006202,2025-03-17,fabric quality bad,1733.5,Processed
RET001066,ORD0088326,SKU001337,2026-12-02,size chart misleading,646.91,Processed
RET001067,ORD0048139,SKU002001,2026-10-18,changed my mind,1999.57,Processed
RET001068,ORD0019027,SKU001784,2026-03-20,wrong size ordered,661.77,Processed
RET001069,ORD0048776,SKU006302,2026-06-04,colour different from image,513.86,Processed
RET001070,ORD0087313,SKU001315,2025-02-10,different sku received,221.61,Processed
RET001071,ORD0119881,SKU002512,2026-02-26,wrong size ordered,1225.15,Processed
RET001072,ORD0093926,SKU010042,2025-10-13,not durable,1281.12,Processed
RET001073,ORD0104122,SKU009479,2025-04-06,wrong colour delivered,443.73,Processed
RET001074,ORD0107310,SKU011631,2026-06-18,poor quality,536.89,Rejected
RET001075,ORD0088855,SKU010712,2026-05-05,poor quality,632.12,Processed
RET001076,ORD0057165,SKU003103,2026-02-04,Size issue,521.25,Processed
RET001077,ORD0108213,SKU010654,2025-03-04,size chart misleading,740.65,Processed
RET001078,ORD0115985,SKU001953,2026-12-10,packaging torn item broken,1703.11,Processed
RET001079,ORD0085933,SKU008717,2025-12-09,different from website photo,1076.25,Processed
RET001080,ORD0014823,SKU008631,2025-06-29,fabric quality bad,1197.28,Pending
RET001081,ORD0033722,SKU000966,2026-01-26,wrong size ordered,11194.33,Processed
RET001082,ORD0050916,SKU002375,2025-03-13,changed my mind,430.71,Processed
RET001083,ORD0068521,SKU002511,2025-08-27,product was cracked,221.37,Processed
RET001084,ORD0010657,SKU002892,2025-02-24,arrived damaged!!,2421.13,Processed
RET001085,ORD0019027,SKU005010,2026-03-07,misleading description,538.32,Processed
RET001086,ORD0022015,SKU000056,2025-09-15,item damaged,919.6,Processed
RET001087,ORD0072729,SKU010223,2025-10-20,broken on arrival,3098.58,Processed
RET001088,ORD0051043,SKU008559,2026-02-28,colour different from image,359.34,Processed
RET001089,ORD0025062,SKU011377,2026-04-02,Doesn't fit properly,1553.37,Processed
RET001090,ORD0000474,SKU002845,2025-03-28,wrong colour delivered,207.94,Processed
RET001091,ORD0079099,SKU003483,2026-12-04,delivered too late,484.61,Processed
RET001092,ORD0046204,SKU012420,2025-02-01,dont want it now,447.64,Processed
RET001093,ORD0008491,SKU007443,2026-03-31,Quality issue,404.61,Processed
RET001094,ORD0111209,SKU001811,2025-07-19,different from website photo,368.75,Processed
RET001095,ORD0071786,SKU010904,2025-09-09,too tight,147.36,Processed
RET001096,ORD0056892,SKU006947,2025-08-03,wrong size ordered,258.59,Processed
RET001097,ORD0117635,SKU000483,2025-10-03,delivered too late,589.91,Processed
RET001098,ORD0029680,SKU006047,2025-10-22,cheap material,392.21,Processed
RET001099,ORD0034791,SKU005437,2025-11-01,SIZE PROBLEM,699.46,Pending
RET001100,ORD0038076,SKU001555,2026-06-07,size chart misleading,346.44,Processed
RET001101,ORD0039406,SKU002525,2025-12-08,broken on arrival,559.65,Processed
RET001102,ORD0004921,SKU004382,2025-10-27,size chart misleading,495.08,Processed
RET001103,ORD0091210,SKU010034,2025-08-30,too tight,534.56,Pending
RET001104,ORD0018457,SKU006287,2025-12-19,Size issue,427.86,Processed
RET001105,ORD0000206,SKU007920,2026-05-15,packaging torn item broken,2733.1,Processed
RET001106,ORD0058661,SKU009796,2025-02-13,device faulty,457.57,Processed
RET001107,ORD0034539,SKU004962,2026-02-04,too tight,931.86,Processed
RET001108,ORD0026566,SKU009564,2026-05-21,broken on arrival,539.27,Processed
RET001109,ORD0023028,SKU000546,2026-06-26,changed my mind,1088.59,Rejected
RET001110,ORD0028521,SKU001020,2025-04-23,stopped working after a day,560.95,Processed
RET001111,ORD0032196,SKU011386,2025-05-28,item damaged,711.06,Pending
RET001112,ORD0091179,SKU000603,2025-10-20,Size issue,991.34,Processed
RET001113,ORD0064610,SKU012092,2026-01-11,size too small,3599.29,Processed
RET001114,ORD0066058,SKU011307,2026-06-27,not durable,851.32,Processed
RET001115,ORD0029530,SKU005789,2025-07-01,Damaged in transit,2143.97,Processed
RET001116,ORD0016129,SKU002028,2026-02-03,broken on arrival,525.22,Processed
RET001117,ORD0049181,SKU001117,2025-06-13,fabric quality bad,859.9,Processed
RET001118,ORD0118724,SKU001974,2025-03-14,battery dead,1301.32,Rejected
RET001119,ORD0059457,SKU002207,2026-03-12,Not what I ordered,470.82,Rejected
RET001120,ORD0037822,SKU012065,2025-03-20,looks different online,450.18,Processed
RET001121,ORD0109039,SKU007709,2026-03-06,misleading description,104.62,Processed
RET001122,ORD0087444,SKU005958,2025-10-25,received different product,357.03,Processed
RET001123,ORD0113192,SKU008339,2025-06-15,found cheaper elsewhere,776.28,Processed
RET001124,ORD0038569,SKU003195,2025-05-02,wrong colour delivered,451.87,Pending
RET001125,ORD0090516,SKU010202,2025-02-17,wrong colour delivered,1174.17,Processed
RET001126,ORD0084123,SKU000279,2026-04-07,late delivery no longer needed,1037.85,Pending
RET001127,ORD0020793,SKU011760,2026-01-26,wrong item sent,325.78,Pending
RET001128,ORD0036194,SKU010764,2025-02-23,Delayed delivery,70.4,Processed
RET001129,ORD0105853,SKU004020,2025-10-15,quality not as expected,268.04,Processed
RET001130,ORD0103941,SKU010500,2025-12-03,wrong item sent,740.0,Processed
RET001131,ORD0021941,SKU008553,2026-07-10,SIZE PROBLEM,259.88,Processed
RET001132,ORD0045072,SKU009936,2025-12-08,wrong colour delivered,718.92,Processed
RET001133,ORD0035182,SKU010111,2026-02-19,late delivery no longer needed,1130.03,Processed
RET001134,ORD0029151,SKU011652,2025-12-09,Doesn't fit properly,3156.21,Processed
RET001135,ORD0032679,SKU001754,2025-06-03,misleading description,459.08,Processed
RET001136,ORD0101780,SKU008911,2026-04-29,arrived damaged!!,488.47,Processed
RET001137,ORD0041014,SKU005901,2026-04-11,colour different from image,819.25,Processed
RET001138,ORD0041109,SKU002919,2026-01-10,wrong colour delivered,266.06,Processed
RET001139,ORD0099938,SKU008250,2026-01-11,not as described,831.33,Processed
RET001140,ORD0067603,SKU007285,2026-01-17,not as described,141.79,Processed
RET001141,ORD0040383,SKU007611,2025-06-30,wrong colour delivered,2881.6,Processed
RET001142,ORD0045155,SKU011469,2025-03-07,fabric quality bad,309.6,Processed
RET001143,ORD0062083,SKU011064,2026-06-27,dont want it now,2756.88,Processed
RET001144,ORD0060153,SKU011947,2025-12-26,not durable,922.31,Processed
RET001145,ORD0076989,SKU006181,2026-01-09,poor quality,266.76,Processed
RET001146,ORD0105690,SKU002428,2026-06-27,packaging torn item broken,206.67,Pending
RET001147,ORD0025797,SKU004690,2025-06-24,no longer needed,1084.94,Processed
RET001148,ORD0074092,SKU001540,2026-01-28,misleading description,117.01,Processed
RET001149,ORD0117955,SKU010873,2025-04-27,wrong item sent,707.44,Processed
RET001150,ORD0059642,SKU003908,2026-05-25,device faulty,754.94,Pending
RET001151,ORD0032727,SKU004740,2026-01-06,dont want it now,817.76,Processed
RET001152,ORD0068677,SKU006278,2026-02-28,product was cracked,370.94,Processed
RET001153,ORD0106088,SKU007060,2025-09-16,arrived damaged!!,1144.65,Processed
RET001154,ORD0010536,SKU005609,2026-05-18,quality not as expected,2384.2,Processed
RET001155,ORD0038447,SKU005594,2025-10-19,arrived damaged!!,513.84,Processed
RET001156,ORD0029964,SKU006110,2026-06-02,too tight,1101.59,Processed
RET001157,ORD0082968,SKU003971,2026-02-19,wrong item sent,788.98,Processed
RET001158,ORD0037569,SKU001668,2025-12-28,Damaged in transit,314.15,Processed
RET001159,ORD0072728,SKU010102,2026-11-04,arrived after event,236.84,Processed
RET001160,ORD0115458,SKU005232,2025-12-23,too tight,879.77,Processed
RET001161,ORD0071934,SKU004564,2025-05-26,size chart misleading,110.43,Processed
RET001162,ORD0045617,SKU005951,2025-07-18,didnt fit,962.41,Processed
RET001163,ORD0104181,SKU007468,2025-01-24,delivered too late,695.17,Pending
RET001164,ORD0051965,SKU010201,2025-01-27,poor quality,334.04,Pending
RET001165,ORD0027211,SKU000166,2026-02-17,cheap material,477.13,Processed
RET001166,ORD0043726,SKU008390,2025-03-25,Delayed delivery,367.62,Processed
RET001167,ORD0088924,SKU000674,2025-02-03,found cheaper elsewhere,479.08,Processed
RET001168,ORD0075909,SKU007727,2026-04-07,wrong size ordered,1431.66,Processed
RET001169,ORD0071323,SKU008873,2025-03-05,size chart misleading,657.97,Processed
RET001170,ORD0025542,SKU000125,2025-02-25,cheap material,474.17,Processed
RET001171,ORD0045661,SKU002875,2025-03-12,stopped working after a day,509.57,Processed
RET001172,ORD0027626,SKU004989,2025-12-18,size too small,380.0,Processed
RET001173,ORD0050521,SKU010945,2026-05-25,SIZE PROBLEM,1384.72,Processed
RET001174,ORD0076633,SKU009618,2026-03-07,Quality issue,573.35,Processed
RET001175,ORD0088679,SKU002823,2026-06-29,cheap material,2144.98,Processed
RET001176,ORD0087313,SKU007584,2025-02-09,size chart misleading,724.12,Processed
RET001177,ORD0026990,SKU003958,2026-04-16,not durable,569.8,Processed
RET001178,ORD0086122,SKU009370,2026-03-10,not working,128.14,Processed
RET001179,ORD0000464,SKU008767,2026-04-07,broken on arrival,422.53,Processed
RET001180,ORD0039951,SKU003768,2026-01-23,found cheaper elsewhere,1790.15,Processed
RET001181,ORD0041237,SKU006101,2026-05-11,Delayed delivery,169.12,Processed
RET001182,ORD0106617,SKU004452,2025-03-11,SIZE PROBLEM,143.53,Rejected
RET001183,ORD0040239,SKU005959,2026-01-10,Damaged in transit,970.07,Processed
RET001184,ORD0109286,SKU003741,2025-07-29,different sku received,358.18,Processed
RET001185,ORD0002137,SKU003853,2025-10-17,received different product,359.12,Processed
RET001186,ORD0110462,SKU010601,2026-04-28,not as described,599.37,Pending
RET001187,ORD0050933,SKU007222,2025-05-12,Size issue,390.3,Processed
RET001188,ORD0063676,SKU001705,2026-01-10,wrong size ordered,203.22,Processed
RET001189,ORD0059058,SKU005081,2025-04-07,packaging torn item broken,453.97,Processed
RET001190,ORD0090948,SKU009992,2025-11-11,Not what I ordered,738.27,Processed
RET001191,ORD0047728,SKU000672,2026-05-21,Delayed delivery,675.98,Processed
RET001192,ORD0029357,SKU004089,2025-12-26,Doesn't fit properly,699.0,Processed
RET001193,ORD0089697,SKU006422,2025-07-23,not durable,192.87,Processed
RET001194,ORD0070916,SKU009022,2025-07-08,Size issue,545.46,Processed
RET001195,ORD0108937,SKU010648,2025-07-03,cheap material,569.81,Processed
RET001196,ORD0069202,SKU005151,2025-05-30,product was cracked,633.82,Processed
RET001197,ORD0017598,SKU007298,2025-11-09,Quality issue,15734.4,Pending
RET001198,ORD0097012,SKU002363,2025-12-01,wrong item sent,389.05,Processed
RET001199,ORD0103688,SKU007381,2025-12-25,too tight,422.58,Processed
RET001200,ORD0058325,SKU002017,2025-07-06,poor quality,691.2,Processed
RET001201,ORD0017798,SKU001571,2025-12-29,wrong size ordered,1041.68,Processed
RET001202,ORD0010964,SKU003202,2025-11-08,size chart misleading,1733.79,Pending
RET001203,ORD0010845,SKU008270,2026-11-24,arrived damaged!!,261.37,Processed
RET001204,ORD0028409,SKU011464,2026-06-27,Size issue,541.29,Processed
RET001205,ORD0059117,SKU009674,2025-02-01,SIZE PROBLEM,875.16,Processed
RET001206,ORD0065004,SKU008497,2026-05-16,wrong colour delivered,783.3,Processed
RET001207,ORD0019978,SKU009934,2026-03-17,not as described,1829.42,Processed
RET001208,ORD0007729,SKU000751,2026-06-24,Size issue,1415.87,Processed
RET001209,ORD0114494,SKU004180,2025-01-25,poor quality,376.2,Processed
RET001210,ORD0069551,SKU001139,2025-07-09,size chart misleading,477.24,Processed
RET001211,ORD0080124,SKU003368,2025-12-04,product was cracked,516.6,Processed
RET001212,ORD0077037,SKU008053,2026-01-04,broken on arrival,907.34,Processed
RET001213,ORD0115040,SKU005197,2025-04-01,colour different from image,209.01,Processed
RET001214,ORD0118219,SKU001839,2025-11-03,broken on arrival,806.34,Processed
RET001215,ORD0060503,SKU007215,2025-05-05,arrived damaged!!,171.69,Processed
RET001216,ORD0108120,SKU012188,2025-07-31,device faulty,631.72,Processed
RET001217,ORD0017234,SKU011207,2026-04-23,colour different from image,298.42,Processed
RET001218,ORD0012737,SKU004776,2025-08-30,defective piece,551.26,Processed
RET001219,ORD0085511,SKU010177,2025-12-30,poor quality,701.84,Processed
RET001220,ORD0003143,SKU005338,2025-09-04,ordered by mistake,1094.73,Processed
RET001221,ORD0087301,SKU003900,2025-12-31,stopped working after a day,951.03,Processed
RET001222,ORD0088163,SKU003288,2026-11-05,colour different from image,2493.19,Processed
RET001223,ORD0040147,SKU012002,2026-04-01,didnt fit,1950.09,Processed
RET001224,ORD0033251,SKU001318,2025-05-21,arrived after event,3317.1,Processed
RET001225,ORD0018073,SKU000115,2026-05-16,broken on arrival,385.8,Pending
RET001226,ORD0014739,SKU007489,2026-04-05,received different product,1972.48,Processed
RET001227,ORD0109851,SKU006876,2025-04-22,changed my mind,184.66,Processed
RET001228,ORD0072164,SKU003669,2026-11-03,late delivery no longer needed,638.46,Processed
RET001229,ORD0111084,SKU002643,2026-07-16,arrived damaged!!,907.89,Processed
RET001230,ORD0060297,SKU009124,2026-05-28,misleading description,434.15,Processed
RET001231,ORD0038548,SKU007170,2026-06-01,size too small,1271.81,Processed
RET001232,ORD0038505,SKU001782,2025-06-04,fabric quality bad,224.67,Processed
RET001233,ORD0055540,SKU006454,2025-11-15,wrong size ordered,526.04,Processed
RET001234,ORD0014739,SKU003079,2026-04-02,size too small,3245.19,Processed
RET001235,ORD0115107,SKU004152,2026-01-10,wrong colour delivered,522.19,Rejected
RET001236,ORD0046487,SKU010814,2026-10-27,didnt fit,4795.05,Processed
RET001237,ORD0065088,SKU012497,2025-04-08,wrong size ordered,1246.66,Processed
RET001238,ORD0044018,SKU000910,2025-03-13,not as described,231.64,Processed
RET001239,ORD0021552,SKU007241,2025-02-01,packaging torn item broken,391.39,Processed
RET001240,ORD0071262,SKU005938,2026-02-20,product was cracked,379.06,Processed
RET001241,ORD0082010,SKU002323,2025-07-01,arrived after event,512.02,Processed
RET001242,ORD0079480,SKU007039,2026-12-21,size too small,686.72,Processed
RET001243,ORD0043924,SKU005028,2025-08-17,SIZE PROBLEM,738.97,Processed
RET001244,ORD0043090,SKU004726,2025-02-18,colour different from image,873.18,Processed
RET001245,ORD0056873,SKU011440,2026-12-04,too tight,423.21,Pending
RET001246,ORD0118707,SKU006707,2026-02-09,wrong item sent,787.04,Processed
RET001247,ORD0079435,SKU004494,2026-04-05,defective piece,1098.74,Processed
RET001248,ORD0065971,SKU008947,2025-10-14,received different product,679.31,Processed
RET001249,ORD0039548,SKU006160,2026-04-18,arrived damaged!!,397.19,Processed
RET001250,ORD0111329,SKU001071,2026-01-16,SIZE PROBLEM,283.83,Processed
RET001251,ORD0078598,SKU008843,2025-12-04,product was cracked,191.24,Processed
RET001252,ORD0076860,SKU008250,2026-01-04,size chart misleading,902.65,Processed
RET001253,ORD0088932,SKU009936,2025-08-25,packaging torn item broken,975.89,Processed
RET001254,ORD0060667,SKU000284,2026-03-16,wrong colour delivered,300.49,Processed
RET001255,ORD0047653,SKU005918,2025-10-24,quality not as expected,340.83,Processed
RET001256,ORD0089903,SKU006707,2025-11-12,size too small,579.4,Processed
RET001257,ORD0043852,SKU011648,2025-09-11,different sku received,881.53,Processed
RET001258,ORD0042505,SKU004901,2025-12-06,SIZE PROBLEM,287.17,Pending
RET001259,ORD0096473,SKU010413,2025-07-26,too tight,1056.62,Processed
RET001260,ORD0042167,SKU004437,2025-03-15,colour different from image,579.08,Processed
RET001261,ORD0040365,SKU012484,2025-10-22,broken on arrival,481.81,Processed
RET001262,ORD0103148,SKU004524,2025-04-18,misleading description,1025.2,Rejected
RET001263,ORD0070751,SKU006468,2025-08-21,no longer needed,660.88,Processed
RET001264,ORD0110082,SKU011143,2026-01-20,fabric quality bad,270.04,Processed
RET001265,ORD0082775,SKU002280,2026-07-25,ordered by mistake,476.82,Rejected
RET001266,ORD0014156,SKU001563,2026-03-09,Damaged in transit,1628.14,Processed
RET001267,ORD0069083,SKU010660,2025-11-24,wrong item sent,327.08,Processed
RET001268,ORD0054293,SKU001826,2026-12-02,Delayed delivery,139.37,Processed
RET001269,ORD0079769,SKU009126,2025-11-28,not as described,661.97,Processed
RET001270,ORD0073509,SKU003609,2025-08-10,arrived damaged!!,702.2,Processed
RET001271,ORD0107627,SKU008012,2025-11-24,delivered too late,3015.75,Processed
RET001272,ORD0043754,SKU006440,2026-01-23,arrived damaged!!,562.15,Pending
RET001273,ORD0027256,SKU004550,2025-11-10,size too small,1322.07,Processed
RET001274,ORD0004384,SKU004120,2026-03-08,poor quality,237.1,Processed
RET001275,ORD0085107,SKU000038,2026-03-11,poor quality,108.66,Processed
RET001276,ORD0045686,SKU000385,2025-11-09,delivered too late,287.56,Processed
RET001277,ORD0044705,SKU012402,2025-06-15,Size issue,460.54,Processed
RET001278,ORD0119062,SKU006281,2025-12-03,size too small,480.57,Processed
RET001279,ORD0014925,SKU005517,2025-11-17,size chart misleading,469.92,Processed
RET001280,ORD0092505,SKU010625,2025-01-15,Damaged in transit,571.35,Pending
RET001281,ORD0037824,SKU010984,2025-02-24,SIZE PROBLEM,172.58,Rejected
RET001282,ORD0108258,SKU002272,2026-06-05,not as described,781.16,Processed
RET001283,ORD0088276,SKU001994,2025-05-28,cheap material,1384.26,Processed
RET001284,ORD0112678,SKU004114,2026-05-13,size chart misleading,230.26,Processed
RET001285,ORD0065069,SKU012168,2025-03-28,Size issue,739.29,Processed
RET001286,ORD0034889,SKU006748,2025-09-17,battery dead,676.55,Processed
RET001287,ORD0113486,SKU003608,2026-03-30,Doesn't fit properly,209.28,Pending
RET001288,ORD0114215,SKU005207,2026-06-05,Not what I ordered,315.29,Pending
RET001289,ORD0019374,SKU003125,2025-09-09,wrong colour delivered,334.32,Processed
RET001290,ORD0091683,SKU002831,2025-02-02,broken on arrival,558.92,Processed
RET001291,ORD0085268,SKU007530,2025-12-31,Not what I ordered,425.44,Processed
RET001292,ORD0076825,SKU012384,2025-11-18,broken on arrival,393.02,Pending
RET001293,ORD0110317,SKU000361,2025-04-20,Size issue,1719.68,Processed
RET001294,ORD0059384,SKU001138,2026-04-20,wrong colour delivered,664.61,Processed
RET001295,ORD0113966,SKU006226,2025-02-22,Doesn't fit properly,2333.5,Processed
RET001296,ORD0048522,SKU007973,2025-04-06,late delivery no longer needed,358.96,Processed
RET001297,ORD0019159,SKU005268,2025-03-20,packaging torn item broken,413.45,Pending
RET001298,ORD0076636,SKU002070,2025-07-01,broken on arrival,832.78,Pending
RET001299,ORD0013135,SKU000406,2025-03-12,found cheaper elsewhere,226.64,Processed
RET001300,ORD0067196,SKU003090,2025-04-24,product was cracked,174.46,Pending
RET001301,ORD0093230,SKU010740,2026-04-05,defective piece,250.47,Processed
RET001302,ORD0019473,SKU011940,2025-12-19,ordered by mistake,702.95,Processed
RET001303,ORD0004629,SKU002325,2026-02-15,arrived damaged!!,353.2,Processed
RET001304,ORD0040499,SKU004865,2026-05-21,quality not as expected,316.42,Pending
RET001305,ORD0059486,SKU001895,2026-05-18,not as described,1144.06,Processed
RET001306,ORD0007969,SKU006460,2026-03-07,arrived damaged!!,602.9,Processed
RET001307,ORD0037720,SKU002593,2025-08-12,different sku received,83.36,Pending
RET001308,ORD0069962,SKU007748,2025-06-07,Delayed delivery,474.28,Processed
RET001309,ORD0064297,SKU006777,2026-11-07,didnt fit,3842.14,Processed
RET001310,ORD0107547,SKU006415,2025-04-08,received different product,568.15,Processed
RET001311,ORD0043361,SKU002560,2025-05-05,no longer needed,79.07,Processed
RET001312,ORD0102558,SKU005543,2026-07-11,ordered by mistake,750.53,Processed
RET001313,ORD0051518,SKU007065,2025-03-02,too tight,313.08,Processed
RET001314,ORD0075789,SKU007022,2025-04-07,looks different online,337.62,Processed
RET001315,ORD0005149,SKU002624,2026-04-29,looks different online,1273.05,Processed
RET001316,ORD0094006,SKU009626,2026-07-22,too tight,656.39,Pending
RET001317,ORD0000464,SKU005656,2026-03-30,cheap material,279.62,Processed
RET001318,ORD0020955,SKU006955,2026-12-08,too tight,976.42,Processed
RET001319,ORD0005695,SKU008507,2025-08-16,poor quality,547.24,Processed
RET001320,ORD0045135,SKU009935,2025-07-20,Quality issue,236.89,Pending
RET001321,ORD0114457,SKU008572,2025-11-01,arrived after event,1142.76,Processed
RET001322,ORD0015926,SKU004973,2025-10-30,arrived after event,803.31,Processed
RET001323,ORD0031927,SKU006347,2025-08-22,not durable,305.68,Processed
RET001324,ORD0119121,SKU004961,2025-01-27,no longer needed,1863.83,Processed
RET001325,ORD0060451,SKU012436,2025-08-19,packaging torn item broken,246.36,Processed
RET001326,ORD0107098,SKU004898,2025-11-09,not working,753.12,Pending
RET001327,ORD0047635,SKU007609,2026-05-12,changed my mind,867.71,Pending
RET001328,ORD0065267,SKU000989,2025-09-06,different from website photo,791.04,Processed
RET001329,ORD0105515,SKU010434,2026-06-21,size too small,1360.68,Processed
RET001330,ORD0029890,SKU000647,2025-02-11,SIZE PROBLEM,421.96,Processed
RET001331,ORD0012563,SKU006354,2025-07-23,late delivery no longer needed,391.24,Processed
RET001332,ORD0102785,SKU007065,2025-06-27,not as described,372.94,Processed
RET001333,ORD0080082,SKU008614,2025-01-07,wrong size ordered,338.88,Processed
RET001334,ORD0026121,SKU003261,2025-02-10,wrong size ordered,1063.92,Processed
RET001335,ORD0049009,SKU008388,2026-02-05,Doesn't fit properly,1928.21,Processed
RET001336,ORD0059707,SKU003368,2026-11-10,looks different online,748.2,Processed
RET001337,ORD0009589,SKU011979,2025-10-25,wrong colour delivered,663.82,Processed
RET001338,ORD0098243,SKU006523,2026-04-18,looks different online,393.86,Processed
RET001339,ORD0076459,SKU012388,2025-04-01,colour different from image,905.19,Pending
RET001340,ORD0003552,SKU011867,2025-03-03,Damaged in transit,1330.22,Processed
RET001341,ORD0074163,SKU003915,2025-11-20,fabric quality bad,467.23,Processed
RET001342,ORD0036131,SKU009354,2025-11-22,arrived after event,1721.97,Pending
RET001343,ORD0077606,SKU005442,2025-03-21,not as described,1095.18,Processed
RET001344,ORD0085107,SKU010964,2026-02-27,Quality issue,1187.25,Processed
RET001345,ORD0088929,SKU005262,2025-11-14,didnt fit,384.44,Rejected
RET001346,ORD0006597,SKU006412,2025-02-22,colour different from image,2349.29,Pending
RET001347,ORD0115458,SKU001051,2025-12-25,wrong size ordered,303.94,Processed
RET001348,ORD0083882,SKU007554,2026-02-07,Damaged in transit,339.38,Processed
RET001349,ORD0026569,SKU003174,2026-03-13,size chart misleading,1638.96,Rejected
RET001350,ORD0012336,SKU001014,2026-02-26,too tight,626.07,Processed
RET001351,ORD0109760,SKU006259,2025-03-07,cheap material,531.15,Processed
RET001352,ORD0105888,SKU005461,2025-11-17,late delivery no longer needed,1316.89,Processed
RET001353,ORD0016165,SKU001916,2025-05-24,different sku received,904.03,Processed
RET001354,ORD0012499,SKU000655,2025-01-18,SIZE PROBLEM,228.09,Processed
RET001355,ORD0065088,SKU002930,2025-04-10,ordered by mistake,902.43,Processed
RET001356,ORD0092232,SKU007233,2025-07-12,broken on arrival,1084.58,Pending
RET001357,ORD0021575,SKU010275,2026-06-01,broken on arrival,706.03,Processed
RET001358,ORD0115009,SKU002632,2026-06-09,item damaged,637.35,Processed
RET001359,ORD0105838,SKU001076,2025-12-21,size too small,675.28,Processed
RET001360,ORD0031212,SKU002666,2026-11-17,too tight,720.69,Processed
RET001361,ORD0097065,SKU010470,2025-02-11,looks different online,990.76,Rejected
RET001362,ORD0022118,SKU011694,2025-01-27,wrong size ordered,2083.26,Processed
RET001363,ORD0100478,SKU007520,2026-03-07,battery dead,468.99,Processed
RET001364,ORD0047027,SKU006730,2025-02-11,Damaged in transit,1295.35,Pending
RET001365,ORD0049181,SKU000817,2025-06-23,item damaged,299.67,Pending
RET001366,ORD0069840,SKU006701,2025-09-04,looks different online,1395.79,Processed
RET001367,ORD0109490,SKU001298,2025-08-03,Damaged in transit,937.78,Processed
RET001368,ORD0021987,SKU001816,2025-01-13,item damaged,853.31,Processed
RET001369,ORD0078683,SKU001586,2026-02-03,broken on arrival,548.24,Processed
RET001370,ORD0038812,SKU001973,2025-02-13,different sku received,551.11,Processed
RET001371,ORD0057794,SKU002161,2025-12-11,Not what I ordered,453.7,Processed
RET001372,ORD0016467,SKU009510,2026-04-06,product was cracked,262.5,Processed
RET001373,ORD0112187,SKU000551,2025-05-13,quality not as expected,296.8,Processed
RET001374,ORD0048072,SKU007747,2025-04-26,SIZE PROBLEM,326.53,Processed
RET001375,ORD0023457,SKU010519,2026-06-06,item damaged,384.26,Processed
RET001376,ORD0089013,SKU007593,2026-03-30,didnt fit,1084.11,Rejected
RET001377,ORD0112300,SKU009991,2026-03-29,Quality issue,434.27,Processed
RET001378,ORD0019514,SKU007240,2026-07-12,arrived after event,1348.59,Pending
RET001379,ORD0040679,SKU003484,2025-04-03,arrived damaged!!,681.89,Processed
RET001380,ORD0035448,SKU009247,2025-10-18,wrong item sent,283.86,Processed
RET001381,ORD0026324,SKU000139,2025-02-04,arrived damaged!!,481.53,Processed
RET001382,ORD0107778,SKU007744,2026-05-07,size chart misleading,771.6,Processed
RET001383,ORD0004758,SKU011597,2025-08-30,fabric quality bad,724.69,Processed
RET001384,ORD0075836,SKU003352,2025-05-24,delivered too late,211.66,Processed
RET001385,ORD0016647,SKU000524,2025-08-26,dont want it now,1151.16,Processed
RET001386,ORD0113122,SKU009844,2026-07-11,size chart misleading,429.68,Processed
RET001387,ORD0082518,SKU007817,2026-11-28,delivered too late,1183.21,Processed
RET001388,ORD0045017,SKU002509,2025-07-06,not working,914.62,Processed
RET001389,ORD0106538,SKU002822,2026-05-20,size chart misleading,1279.66,Processed
RET001390,ORD0030870,SKU005217,2026-01-19,arrived damaged!!,457.19,Processed
RET001391,ORD0046492,SKU005030,2026-11-10,quality not as expected,795.13,Processed
RET001392,ORD0079508,SKU005459,2026-05-12,SIZE PROBLEM,186.54,Processed
RET001393,ORD0076811,SKU008036,2026-03-20,poor quality,1294.51,Processed
RET001394,ORD0029412,SKU006171,2025-11-02,Quality issue,409.27,Processed
RET001395,ORD0095992,SKU000965,2025-06-04,cheap material,918.74,Processed
RET001396,ORD0003213,SKU010723,2025-08-29,received different product,853.89,Processed
RET001397,ORD0103653,SKU009589,2026-10-25,broken on arrival,368.97,Processed
RET001398,ORD0117322,SKU011677,2025-09-26,Doesn't fit properly,1507.08,Processed
RET001399,ORD0108270,SKU007114,2025-12-02,fabric quality bad,718.76,Processed
RET001400,ORD0100305,SKU000808,2026-02-09,Damaged in transit,91.02,Processed
RET001401,ORD0006887,SKU002035,2026-06-30,wrong colour delivered,827.05,Processed
RET001402,ORD0066324,SKU000904,2025-08-12,stopped working after a day,334.17,Processed
RET001403,ORD0074593,SKU000997,2025-06-11,defective piece,1534.47,Processed
RET001404,ORD0021953,SKU003568,2025-04-29,Quality issue,400.92,Processed
RET001405,ORD0079158,SKU010512,2025-07-08,Size issue,533.78,Processed
RET001406,ORD0093001,SKU012394,2025-03-03,broken on arrival,214.28,Pending
RET001407,ORD0068032,SKU002889,2026-05-01,Delayed delivery,1609.58,Processed
RET001408,ORD0033404,SKU002668,2026-05-06,cheap material,1941.79,Processed
RET001409,ORD0080000,SKU005405,2026-04-15,Not what I ordered,966.78,Processed
RET001410,ORD0039453,SKU011960,2026-02-18,not as described,884.74,Processed
RET001411,ORD0066093,SKU003922,2025-09-02,Size issue,235.93,Processed
RET001412,ORD0105475,SKU007381,2025-08-15,SIZE PROBLEM,805.94,Processed
RET001413,ORD0025318,SKU008323,2025-11-15,not as described,431.51,Processed
RET001414,ORD0063500,SKU004022,2026-05-06,poor quality,355.06,Processed
RET001415,ORD0033233,SKU010687,2025-08-18,size too small,456.24,Pending
RET001416,ORD0109769,SKU012105,2025-07-29,size too small,708.52,Rejected
RET001417,ORD0081530,SKU007110,2025-12-17,size too small,215.11,Processed
RET001418,ORD0043318,SKU009490,2025-11-21,device faulty,143.18,Processed
RET001419,ORD0030341,SKU006758,2025-08-07,poor quality,190.83,Processed
RET001420,ORD0011642,SKU004133,2026-05-29,not durable,743.4,Processed
RET001421,ORD0019770,SKU000589,2025-10-28,size too small,979.3,Processed
RET001422,ORD0078491,SKU005522,2025-11-02,size too small,333.42,Processed
RET001423,ORD0025157,SKU001254,2025-03-05,battery dead,1262.66,Processed
RET001424,ORD0117607,SKU007334,2025-07-08,size chart misleading,472.97,Processed
RET001425,ORD0057381,SKU006509,2026-05-28,quality not as expected,780.86,Processed
RET001426,ORD0000128,SKU004176,2026-02-16,not durable,489.09,Processed
RET001427,ORD0058654,SKU001496,2025-09-30,Size issue,519.08,Processed
RET001428,ORD0108296,SKU003212,2025-08-30,poor quality,568.6,Processed
RET001429,ORD0083730,SKU008504,2026-05-12,wrong colour delivered,426.15,Processed
RET001430,ORD0070533,SKU004033,2025-06-26,different sku received,394.57,Processed
RET001431,ORD0015580,SKU005469,2026-03-10,dont want it now,392.98,Pending
RET001432,ORD0112187,SKU000181,2025-04-27,didnt fit,468.29,Processed
RET001433,ORD0111846,SKU003144,2025-04-14,battery dead,206.62,Processed
RET001434,ORD0061168,SKU005700,2025-09-23,not as described,400.92,Processed
RET001435,ORD0056624,SKU007509,2026-01-19,arrived damaged!!,3530.53,Processed
RET001436,ORD0007081,SKU000854,2025-12-04,different sku received,828.51,Processed
RET001437,ORD0039645,SKU011971,2026-05-15,Doesn't fit properly,381.38,Processed
RET001438,ORD0004562,SKU006043,2026-03-17,broken on arrival,166.88,Processed
RET001439,ORD0093064,SKU009534,2025-10-14,SIZE PROBLEM,282.15,Processed
RET001440,ORD0062935,SKU010967,2026-04-01,size chart misleading,822.91,Pending
RET001441,ORD0009393,SKU006006,2026-07-17,product was cracked,2367.72,Pending
RET001442,ORD0002757,SKU011420,2025-10-28,SIZE PROBLEM,1537.82,Pending
RET001443,ORD0076869,SKU009153,2025-07-02,Quality issue,2491.26,Processed
RET001444,ORD0116242,SKU010118,2025-05-22,defective piece,435.14,Processed
RET001445,ORD0109149,SKU007992,2026-03-21,too tight,628.36,Pending
RET001446,ORD0102029,SKU009843,2025-04-21,SIZE PROBLEM,1611.7,Processed
RET001447,ORD0108685,SKU004252,2025-08-14,not as described,2726.45,Processed
RET001448,ORD0063014,SKU011146,2025-06-11,different from website photo,446.21,Processed
RET001449,ORD0040244,SKU002967,2026-02-11,quality not as expected,323.96,Processed
RET001450,ORD0001868,SKU000559,2026-06-10,not durable,280.42,Processed
RET001451,ORD0108251,SKU004203,2025-08-21,received different product,877.44,Processed
RET001452,ORD0042269,SKU008572,2026-11-20,wrong colour delivered,1740.75,Processed
RET001453,ORD0021695,SKU004765,2026-06-15,size too small,382.03,Processed
RET001454,ORD0032313,SKU007109,2025-03-07,wrong item sent,772.28,Processed
RET001455,ORD0109317,SKU003271,2026-07-01,wrong size ordered,651.01,Processed
RET001456,ORD0002757,SKU005211,2025-11-06,found cheaper elsewhere,443.49,Processed
RET001457,ORD0066661,SKU008294,2025-06-09,stopped working after a day,928.55,Processed
RET001458,ORD0012576,SKU006445,2025-10-05,looks different online,136.49,Processed
RET001459,ORD0022784,SKU004193,2025-12-10,size too small,691.38,Processed
RET001460,ORD0072153,SKU010626,2025-06-20,looks different online,532.83,Processed
RET001461,ORD0030341,SKU004299,2025-07-28,cheap material,2400.48,Processed
RET001462,ORD0075170,SKU004361,2025-03-30,poor quality,388.84,Processed
RET001463,ORD0015636,SKU011750,2026-01-05,Doesn't fit properly,650.37,Processed
RET001464,ORD0068957,SKU012269,2026-05-18,fabric quality bad,573.08,Processed
RET001465,ORD0014802,SKU006381,2025-11-29,dont want it now,449.41,Processed
RET001466,ORD0001645,SKU002008,2026-03-22,Size issue,795.52,Processed
RET001467,ORD0093068,SKU003201,2026-03-21,changed my mind,457.37,Processed
RET001468,ORD0010375,SKU000035,2025-10-16,didnt fit,469.27,Pending
RET001469,ORD0102943,SKU005691,2026-02-02,device faulty,854.01,Processed
RET001470,ORD0102997,SKU006846,2026-07-07,SIZE PROBLEM,435.12,Processed
RET001471,ORD0083067,SKU005416,2025-08-15,size chart misleading,1022.73,Pending
RET001472,ORD0103930,SKU002370,2026-07-02,product was cracked,513.77,Processed
RET001473,ORD0084229,SKU008266,2025-01-21,colour different from image,1737.84,Processed
RET001474,ORD0098777,SKU011958,2025-12-01,too tight,462.54,Processed
RET001475,ORD0060693,SKU003540,2026-05-13,wrong size ordered,615.62,Processed
RET001476,ORD0074395,SKU011537,2025-10-25,not durable,882.81,Processed
RET001477,ORD0061371,SKU004845,2026-05-31,wrong size ordered,393.0,Processed
RET001478,ORD0046910,SKU006997,2026-06-28,Not what I ordered,540.99,Processed
RET001479,ORD0056621,SKU009180,2025-02-25,item damaged,294.41,Processed
RET001480,ORD0095692,SKU000040,2025-11-12,packaging torn item broken,808.79,Pending
RET001481,ORD0047190,SKU006168,2025-03-26,packaging torn item broken,78.06,Processed
RET001482,ORD0096827,SKU006651,2025-04-05,Quality issue,119.56,Processed
RET001483,ORD0104630,SKU000530,2025-05-23,didnt fit,640.65,Processed
RET001484,ORD0066993,SKU009127,2025-07-05,stopped working after a day,147.49,Processed
RET001485,ORD0091248,SKU001696,2025-11-04,product was cracked,1955.42,Processed
RET001486,ORD0045159,SKU006133,2025-12-01,colour different from image,699.64,Pending
RET001487,ORD0098352,SKU009756,2026-06-27,not durable,208.25,Processed
RET001488,ORD0088019,SKU008614,2025-03-08,found cheaper elsewhere,727.74,Processed
RET001489,ORD0108216,SKU002652,2025-03-18,item damaged,636.08,Processed
RET001490,ORD0005503,SKU005549,2025-01-30,Quality issue,1730.97,Processed
RET001491,ORD0001380,SKU005390,2025-07-20,stopped working after a day,393.22,Processed
RET001492,ORD0021442,SKU007196,2025-11-07,didnt fit,712.93,Processed
RET001493,ORD0115647,SKU005543,2025-08-07,size too small,1348.41,Processed
RET001494,ORD0019809,SKU009325,2025-08-18,device faulty,445.62,Processed
RET001495,ORD0111422,SKU005010,2025-04-07,arrived damaged!!,522.98,Processed
RET001496,ORD0104823,SKU010166,2026-06-04,SIZE PROBLEM,314.36,Processed
RET001497,ORD0035066,SKU009935,2025-12-04,packaging torn item broken,268.34,Processed
RET001498,ORD0105568,SKU004728,2025-12-19,packaging torn item broken,409.96,Processed
RET001499,ORD0032504,SKU001356,2026-06-16,wrong size ordered,659.45,Processed
RET001500,ORD0006482,SKU002466,2025-08-01,late delivery no longer needed,44.98,Pending
RET001501,ORD0000464,SKU002194,2026-03-23,misleading description,281.01,Processed
RET001502,ORD0027971,SKU005166,2025-05-06,received different product,987.41,Processed
RET001503,ORD0066887,SKU002610,2025-09-06,size too small,382.09,Processed
RET001504,ORD0040808,SKU000950,2025-03-17,arrived damaged!!,168.51,Processed
RET001505,ORD0078404,SKU010786,2025-11-11,late delivery no longer needed,1220.68,Processed
RET001506,ORD0076221,SKU000074,2026-01-21,didnt fit,755.14,Processed
RET001507,ORD0041972,SKU007028,2025-12-18,Damaged in transit,91.29,Processed
RET001508,ORD0060750,SKU003587,2025-06-02,delivered too late,483.26,Processed
RET001509,ORD0047696,SKU012287,2025-12-03,size too small,600.02,Processed
RET001510,ORD0060291,SKU010066,2025-04-15,not as described,329.83,Processed
RET001511,ORD0105480,SKU001395,2025-08-25,misleading description,175.79,Processed
RET001512,ORD0031831,SKU011138,2025-09-30,poor quality,247.71,Processed
RET001513,ORD0055651,SKU000810,2025-02-17,misleading description,135.19,Processed
RET001514,ORD0006258,SKU003351,2025-05-21,not durable,110.49,Rejected
RET001515,ORD0026073,SKU011641,2025-07-04,too tight,701.2,Processed
RET001516,ORD0098839,SKU010423,2025-11-01,SIZE PROBLEM,292.37,Processed
RET001517,ORD0062240,SKU009485,2026-06-18,found cheaper elsewhere,647.43,Processed
RET001518,ORD0108817,SKU006121,2025-07-23,Delayed delivery,1053.44,Processed
RET001519,ORD0089474,SKU004344,2025-03-23,wrong size ordered,701.06,Processed
RET001520,ORD0062560,SKU006931,2025-07-16,SIZE PROBLEM,185.88,Processed
RET001521,ORD0026636,SKU008206,2025-06-15,dont want it now,1552.29,Processed
RET001522,ORD0044291,SKU001279,2025-09-10,Doesn't fit properly,546.39,Rejected
RET001523,ORD0102846,SKU005819,2025-06-01,different sku received,156.38,Processed
RET001524,ORD0051029,SKU008273,2025-05-12,too tight,318.45,Pending
RET001525,ORD0043917,SKU001999,2025-07-26,looks different online,933.03,Processed
RET001526,ORD0102178,SKU010755,2025-09-22,changed my mind,609.07,Processed
RET001527,ORD0036862,SKU011130,2025-11-21,Size issue,97.57,Processed
RET001528,ORD0038490,SKU006744,2025-10-24,arrived damaged!!,561.31,Processed
RET001529,ORD0081071,SKU011144,2025-09-18,defective piece,1748.34,Processed
RET001530,ORD0072164,SKU003301,2026-11-09,arrived damaged!!,611.63,Processed
RET001531,ORD0054489,SKU003774,2025-10-28,stopped working after a day,557.07,Processed
RET001532,ORD0072845,SKU008390,2026-02-22,SIZE PROBLEM,7076.26,Processed
RET001533,ORD0117730,SKU000147,2025-09-25,Size issue,417.16,Processed
RET001534,ORD0005620,SKU000920,2026-06-17,item damaged,413.43,Processed
RET001535,ORD0093068,SKU008327,2026-04-03,different from website photo,1709.14,Processed
RET001536,ORD0116863,SKU002072,2026-03-09,delivered too late,602.48,Processed
RET001537,ORD0027707,SKU007863,2025-09-14,late delivery no longer needed,803.24,Processed
RET001538,ORD0027626,SKU005831,2025-12-22,too tight,1298.21,Processed
RET001539,ORD0106034,SKU000873,2025-12-06,wrong size ordered,1038.65,Processed
RET001540,ORD0008565,SKU004977,2026-05-02,Damaged in transit,254.21,Rejected
RET001541,ORD0052541,SKU004274,2026-05-31,not as described,2679.9,Processed
RET001542,ORD0074248,SKU002326,2026-12-03,Doesn't fit properly,1159.47,Processed
RET001543,ORD0023457,SKU008034,2026-06-25,Not what I ordered,1204.43,Processed
RET001544,ORD0034607,SKU008247,2025-10-17,product was cracked,996.36,Processed
RET001545,ORD0098201,SKU007320,2025-04-10,Doesn't fit properly,593.67,Processed
RET001546,ORD0011839,SKU002396,2026-05-11,arrived damaged!!,283.72,Processed
RET001547,ORD0076162,SKU011291,2026-05-23,device faulty,996.48,Processed
RET001548,ORD0003643,SKU010808,2025-07-22,dont want it now,1263.64,Processed
RET001549,ORD0065034,SKU012074,2025-02-04,poor quality,597.57,Pending
RET001550,ORD0018754,SKU009131,2025-11-12,Quality issue,338.88,Pending
RET001551,ORD0054149,SKU011879,2025-11-04,size too small,163.58,Processed
RET001552,ORD0035114,SKU009589,2026-05-18,packaging torn item broken,448.47,Processed
RET001553,ORD0107234,SKU003488,2025-12-01,received different product,842.87,Pending
RET001554,ORD0057268,SKU004553,2025-11-18,found cheaper elsewhere,809.33,Processed
RET001555,ORD0113227,SKU012218,2026-12-12,product was cracked,596.23,Processed
RET001556,ORD0084388,SKU003844,2026-10-29,not durable,273.66,Processed
RET001557,ORD0062588,SKU003453,2026-03-11,Damaged in transit,1478.89,Processed
RET001558,ORD0011325,SKU010518,2026-04-16,changed my mind,493.27,Processed
RET001559,ORD0006273,SKU004600,2025-05-10,Size issue,2200.5,Pending
RET001560,ORD0076510,SKU010545,2025-08-18,received different product,846.93,Processed
RET001561,ORD0042628,SKU006350,2026-04-11,fabric quality bad,295.29,Processed
RET001562,ORD0017765,SKU004511,2026-10-17,too tight,99.44,Pending
RET001563,ORD0025155,SKU012231,2026-03-29,ordered by mistake,601.99,Processed
RET001564,ORD0002550,SKU008331,2025-11-01,stopped working after a day,1056.12,Processed
RET001565,ORD0014577,SKU007227,2026-02-17,found cheaper elsewhere,308.34,Processed
RET001566,ORD0113723,SKU008269,2026-03-21,poor quality,1656.62,Processed
RET001567,ORD0032667,SKU007925,2025-12-12,didnt fit,993.08,Processed
RET001568,ORD0033360,SKU009400,2026-05-24,wrong colour delivered,114.3,Processed
RET001569,ORD0034539,SKU012031,2026-02-17,too tight,159.59,Processed
RET001570,ORD0102033,SKU003159,2025-03-26,misleading description,177.11,Processed
RET001571,ORD0031471,SKU007086,2025-02-02,Size issue,900.86,Pending
RET001572,ORD0021379,SKU009402,2025-10-19,Damaged in transit,240.63,Processed
RET001573,ORD0002629,SKU002790,2026-01-08,arrived after event,654.27,Processed
RET001574,ORD0065468,SKU000819,2025-03-21,SIZE PROBLEM,523.11,Processed
RET001575,ORD0110688,SKU005384,2026-03-10,Doesn't fit properly,2388.09,Processed
RET001576,ORD0103964,SKU003125,2025-09-11,battery dead,255.19,Processed
RET001577,ORD0036595,SKU007708,2025-07-23,product was cracked,269.92,Processed
RET001578,ORD0060291,SKU011335,2025-04-29,arrived after event,230.36,Processed
RET001579,ORD0054419,SKU006475,2026-05-29,Delayed delivery,403.54,Rejected
RET001580,ORD0020505,SKU007298,2025-08-30,received different product,1650.95,Processed
RET001581,ORD0025110,SKU011645,2025-08-28,not as described,1182.85,Processed
RET001582,ORD0019343,SKU004385,2025-04-13,SIZE PROBLEM,243.73,Processed
RET001583,ORD0021730,SKU004292,2026-03-13,colour different from image,636.11,Processed
RET001584,ORD0032449,SKU005117,2026-07-08,wrong colour delivered,726.76,Processed
RET001585,ORD0050036,SKU011893,2025-06-11,not durable,1074.16,Processed
RET001586,ORD0118610,SKU002868,2025-06-08,looks different online,423.11,Processed
RET001587,ORD0110906,SKU010632,2025-01-22,arrived damaged!!,308.38,Processed
RET001588,ORD0112895,SKU009440,2025-12-08,didnt fit,563.98,Processed
RET001589,ORD0036599,SKU005117,2026-07-05,didnt fit,651.75,Processed
RET001590,ORD0034319,SKU010004,2025-04-06,poor quality,1294.51,Processed
RET001591,ORD0096084,SKU006194,2025-04-05,Size issue,104.79,Processed
RET001592,ORD0021806,SKU006898,2025-11-08,too tight,563.77,Processed
RET001593,ORD0119652,SKU003833,2025-08-22,Doesn't fit properly,648.72,Pending
RET001594,ORD0071950,SKU012466,2025-08-14,arrived damaged!!,296.47,Pending
RET001595,ORD0026720,SKU008773,2025-03-04,different sku received,283.82,Processed
RET001596,ORD0025845,SKU008520,2026-02-21,SIZE PROBLEM,247.92,Processed
RET001597,ORD0119318,SKU007080,2026-05-12,colour different from image,241.31,Processed
RET001598,ORD0082391,SKU009021,2025-09-27,Size issue,515.44,Pending
RET001599,ORD0048474,SKU004040,2025-06-17,didnt fit,291.57,Processed
RET001600,ORD0047283,SKU001439,2026-03-02,poor quality,265.43,Processed
RET001601,ORD0094183,SKU005553,2026-10-27,wrong size ordered,296.41,Processed
RET001602,ORD0103662,SKU011618,2026-06-12,misleading description,433.23,Processed
RET001603,ORD0083035,SKU007140,2025-10-31,SIZE PROBLEM,829.14,Processed
RET001604,ORD0072925,SKU011136,2025-07-24,Damaged in transit,394.1,Processed
RET001605,ORD0012140,SKU007969,2025-05-03,too tight,1054.1,Processed
RET001606,ORD0047891,SKU008945,2025-08-17,different sku received,441.41,Processed
RET001607,ORD0005499,SKU009235,2025-06-07,wrong size ordered,496.87,Processed
RET001608,ORD0053883,SKU012063,2026-06-13,cheap material,745.92,Processed
RET001609,ORD0056621,SKU000766,2025-03-11,Quality issue,1723.61,Processed
RET001610,ORD0098528,SKU011299,2025-04-15,SIZE PROBLEM,1381.86,Processed
RET001611,ORD0105455,SKU006606,2026-06-16,colour different from image,385.28,Processed
RET001612,ORD0076228,SKU011318,2025-06-29,size chart misleading,717.52,Processed
RET001613,ORD0060389,SKU008299,2025-12-09,broken on arrival,2448.76,Pending
RET001614,ORD0045822,SKU005586,2026-05-22,Size issue,859.37,Processed
RET001615,ORD0081855,SKU004573,2026-05-24,Size issue,182.99,Processed
RET001616,ORD0062456,SKU001218,2025-02-20,arrived damaged!!,386.22,Processed
RET001617,ORD0081363,SKU005469,2025-07-20,Size issue,236.84,Pending
RET001618,ORD0103830,SKU005588,2026-07-25,wrong item sent,315.78,Processed
RET001619,ORD0114501,SKU001068,2025-08-09,Doesn't fit properly,365.3,Processed
RET001620,ORD0025110,SKU008415,2025-09-05,product was cracked,604.02,Processed
RET001621,ORD0107271,SKU011717,2026-02-16,ordered by mistake,453.96,Processed
RET001622,ORD0027594,SKU010379,2025-06-15,different sku received,426.21,Processed
RET001623,ORD0112884,SKU005252,2025-11-22,size chart misleading,620.49,Processed
RET001624,ORD0030774,SKU007873,2026-05-12,too tight,1366.34,Processed
RET001625,ORD0051867,SKU000416,2026-04-20,size chart misleading,442.01,Processed
RET001626,ORD0103964,SKU012367,2025-09-11,packaging torn item broken,421.89,Processed
RET001627,ORD0088688,SKU003021,2025-09-19,different sku received,528.37,Processed
RET001628,ORD0109045,SKU008578,2025-10-27,stopped working after a day,167.28,Processed
RET001629,ORD0082673,SKU012006,2026-03-15,Not what I ordered,695.77,Processed
RET001630,ORD0070252,SKU005498,2025-03-14,packaging torn item broken,849.54,Processed
RET001631,ORD0099557,SKU002631,2025-12-20,colour different from image,1331.87,Processed
RET001632,ORD0074711,SKU009639,2026-03-28,battery dead,696.2,Processed
RET001633,ORD0035361,SKU005627,2026-03-20,item damaged,175.62,Processed
RET001634,ORD0083897,SKU011846,2026-06-30,different from website photo,422.0,Pending
RET001635,ORD0026320,SKU011816,2025-09-03,not durable,1335.53,Processed
RET001636,ORD0026829,SKU006029,2025-08-13,Damaged in transit,399.58,Processed
RET001637,ORD0035374,SKU001081,2025-09-18,wrong item sent,1278.59,Processed
RET001638,ORD0085827,SKU006190,2025-08-20,poor quality,1143.4,Processed
RET001639,ORD0073655,SKU000323,2026-05-21,fabric quality bad,364.43,Processed
RET001640,ORD0029706,SKU009833,2026-01-08,wrong size ordered,489.33,Processed
RET001641,ORD0103832,SKU010968,2025-07-03,product was cracked,814.68,Processed
RET001642,ORD0008332,SKU000912,2025-06-30,Size issue,297.85,Rejected
RET001643,ORD0107106,SKU009297,2025-10-23,didnt fit,347.42,Processed
RET001644,ORD0009318,SKU010889,2025-12-28,misleading description,316.04,Processed
RET001645,ORD0045389,SKU008251,2025-05-22,poor quality,2214.05,Processed
RET001646,ORD0069505,SKU006897,2026-03-12,product was cracked,156.86,Processed
RET001647,ORD0046283,SKU002057,2026-12-16,size too small,598.13,Processed
RET001648,ORD0109087,SKU012113,2026-03-21,looks different online,146.12,Pending
RET001649,ORD0088415,SKU002398,2025-11-03,not working,3706.72,Pending
RET001650,ORD0065571,SKU001999,2025-09-27,cheap material,54.22,Processed
RET001651,ORD0049800,SKU009463,2026-07-08,cheap material,932.39,Rejected
RET001652,ORD0012227,SKU001772,2025-05-30,different sku received,8432.88,Processed
RET001653,ORD0061662,SKU003919,2025-03-10,no longer needed,1517.62,Rejected
RET001654,ORD0028038,SKU010264,2026-01-17,fabric quality bad,585.32,Processed
RET001655,ORD0091587,SKU007132,2026-04-29,poor quality,247.23,Processed
RET001656,ORD0040866,SKU000829,2025-10-19,misleading description,386.72,Pending
RET001657,ORD0066226,SKU002818,2025-04-27,defective piece,477.6,Pending
RET001658,ORD0076260,SKU008109,2025-01-22,Doesn't fit properly,563.51,Rejected
RET001659,ORD0087353,SKU003112,2025-06-28,wrong colour delivered,2696.26,Processed
RET001660,ORD0023349,SKU011702,2025-08-20,Delayed delivery,206.87,Processed
RET001661,ORD0103930,SKU009100,2026-06-26,quality not as expected,818.44,Processed
RET001662,ORD0070825,SKU005145,2025-11-11,battery dead,331.56,Processed
RET001663,ORD0064767,SKU000887,2025-11-30,not as described,71.75,Processed
RET001664,ORD0101195,SKU008791,2025-05-05,broken on arrival,600.44,Processed
RET001665,ORD0118102,SKU006342,2026-06-05,defective piece,3147.8,Processed
RET001666,ORD0064803,SKU006777,2025-05-13,different from website photo,229.43,Processed
RET001667,ORD0095137,SKU008032,2025-09-15,different sku received,1018.76,Processed
RET001668,ORD0019955,SKU008791,2025-11-10,SIZE PROBLEM,290.76,Processed
RET001669,ORD0092272,SKU003187,2026-02-17,SIZE PROBLEM,205.67,Processed
RET001670,ORD0069851,SKU002008,2025-03-01,packaging torn item broken,290.64,Processed
RET001671,ORD0104382,SKU000854,2025-11-08,arrived damaged!!,393.33,Processed
RET001672,ORD0106165,SKU007475,2025-06-10,Damaged in transit,725.04,Processed
RET001673,ORD0118707,SKU004986,2026-02-23,size chart misleading,862.47,Pending
RET001674,ORD0102891,SKU005487,2025-09-29,Damaged in transit,846.52,Processed
RET001675,ORD0049003,SKU003379,2025-08-14,Doesn't fit properly,1220.28,Processed
RET001676,ORD0075768,SKU000247,2026-01-09,Quality issue,532.84,Processed
RET001677,ORD0060653,SKU002753,2025-04-22,received different product,1448.24,Processed
RET001678,ORD0018915,SKU007178,2025-04-15,Damaged in transit,556.64,Processed
RET001679,ORD0108893,SKU004669,2026-05-02,different from website photo,253.11,Processed
RET001680,ORD0012543,SKU007782,2026-07-11,cheap material,71.87,Processed
RET001681,ORD0063174,SKU007668,2025-10-21,Quality issue,206.85,Processed
RET001682,ORD0060139,SKU004398,2025-06-14,cheap material,1255.67,Processed
RET001683,ORD0107206,SKU007710,2026-06-25,Damaged in transit,221.11,Processed
RET001684,ORD0011175,SKU009899,2025-04-30,poor quality,288.31,Processed
RET001685,ORD0077164,SKU008186,2025-02-22,different from website photo,417.04,Pending
RET001686,ORD0117942,SKU001190,2026-07-09,size chart misleading,599.79,Processed
RET001687,ORD0116378,SKU001927,2025-12-09,broken on arrival,911.84,Processed
RET001688,ORD0036131,SKU005348,2025-12-11,item damaged,838.28,Pending
RET001689,ORD0055545,SKU001069,2026-07-01,not durable,512.32,Processed
RET001690,ORD0070529,SKU007632,2025-08-04,Size issue,246.87,Processed
RET001691,ORD0103588,SKU006424,2025-06-23,didnt fit,445.46,Processed
RET001692,ORD0039896,SKU005838,2025-07-03,Size issue,1026.99,Processed
RET001693,ORD0089433,SKU006788,2025-11-15,SIZE PROBLEM,1379.86,Processed
RET001694,ORD0031554,SKU005470,2025-02-20,ordered by mistake,3806.65,Processed
RET001695,ORD0089025,SKU008760,2025-04-11,wrong size ordered,1385.33,Processed
RET001696,ORD0116246,SKU010602,2025-11-21,delivered too late,232.7,Processed
RET001697,ORD0005499,SKU006295,2025-06-05,SIZE PROBLEM,1085.66,Processed
RET001698,ORD0119230,SKU006275,2025-03-11,packaging torn item broken,358.54,Processed
RET001699,ORD0022342,SKU006290,2025-09-17,didnt fit,1118.7,Processed
RET001700,ORD0009393,SKU001003,2026-07-13,colour different from image,409.09,Processed
RET001701,ORD0101578,SKU008884,2025-06-19,Doesn't fit properly,1900.39,Processed
RET001702,ORD0045739,SKU001764,2025-04-28,Quality issue,221.42,Processed
RET001703,ORD0001012,SKU002810,2026-02-17,defective piece,381.95,Processed
RET001704,ORD0025055,SKU003905,2025-03-31,SIZE PROBLEM,186.3,Processed
RET001705,ORD0087829,SKU009520,2025-12-12,fabric quality bad,882.69,Processed
RET001706,ORD0093166,SKU002138,2025-08-13,Doesn't fit properly,869.13,Processed
RET001707,ORD0083640,SKU002613,2025-06-23,product was cracked,323.48,Rejected
RET001708,ORD0017483,SKU007846,2025-10-09,colour different from image,343.47,Processed
RET001709,ORD0007870,SKU010735,2025-12-16,changed my mind,1624.14,Processed
RET001710,ORD0039639,SKU004674,2026-07-09,poor quality,634.27,Processed
RET001711,ORD0030848,SKU011574,2026-03-11,Size issue,905.91,Pending
RET001712,ORD0042824,SKU011844,2026-04-19,wrong colour delivered,159.54,Processed
RET001713,ORD0020725,SKU011211,2026-11-28,packaging torn item broken,8553.53,Processed
RET001714,ORD0069428,SKU002582,2025-05-07,SIZE PROBLEM,408.82,Pending
RET001715,ORD0090844,SKU006759,2025-03-16,cheap material,1316.04,Processed
RET001716,ORD0010176,SKU006127,2025-08-16,Quality issue,2747.05,Processed
RET001717,ORD0066462,SKU008849,2025-12-11,arrived damaged!!,1356.94,Pending
RET001718,ORD0010172,SKU000581,2026-06-22,not durable,771.23,Processed
RET001719,ORD0091411,SKU006170,2025-02-17,broken on arrival,200.55,Processed
RET001720,ORD0085556,SKU005347,2025-05-16,wrong item sent,454.8,Processed
RET001721,ORD0010367,SKU000402,2026-11-01,size too small,1493.0,Processed
RET001722,ORD0111902,SKU002471,2025-11-04,quality not as expected,586.42,Processed
RET001723,ORD0061757,SKU009851,2025-05-22,different sku received,491.81,Pending
RET001724,ORD0001839,SKU001498,2026-03-16,Size issue,580.58,Processed
RET001725,ORD0016710,SKU011829,2025-05-30,poor quality,238.34,Processed
RET001726,ORD0069798,SKU008034,2026-05-30,different from website photo,286.66,Processed
RET001727,ORD0074800,SKU011859,2025-06-25,wrong colour delivered,1379.12,Rejected
RET001728,ORD0054910,SKU010317,2025-02-05,wrong size ordered,735.5,Processed
RET001729,ORD0053782,SKU009946,2026-02-21,product was cracked,1770.6,Processed
RET001730,ORD0018372,SKU006156,2026-05-29,misleading description,389.78,Processed
RET001731,ORD0073375,SKU004402,2026-03-09,packaging torn item broken,1133.05,Processed
RET001732,ORD0076106,SKU012150,2026-05-23,no longer needed,1151.05,Processed
RET001733,ORD0113841,SKU006988,2025-03-23,different from website photo,202.98,Processed
RET001734,ORD0053562,SKU001702,2025-06-21,arrived damaged!!,432.41,Processed
RET001735,ORD0089176,SKU001039,2025-05-03,fabric quality bad,816.3,Processed
RET001736,ORD0108514,SKU000653,2026-04-07,Quality issue,1029.22,Processed
RET001737,ORD0022128,SKU005030,2025-04-17,product was cracked,640.13,Processed
RET001738,ORD0049313,SKU007196,2025-01-25,cheap material,719.15,Processed
RET001739,ORD0110411,SKU004383,2025-06-29,item damaged,240.38,Processed
RET001740,ORD0099955,SKU003501,2026-01-31,not as described,943.78,Processed
RET001741,ORD0061993,SKU011326,2025-09-14,not as described,1215.1,Processed
RET001742,ORD0068497,SKU003530,2025-04-04,dont want it now,1041.54,Rejected
RET001743,ORD0087423,SKU011917,2026-11-08,misleading description,832.5,Processed
RET001744,ORD0001342,SKU009001,2026-05-13,size chart misleading,1170.27,Processed
RET001745,ORD0064164,SKU001532,2026-12-13,arrived after event,713.17,Rejected
RET001746,ORD0077333,SKU004379,2026-03-25,Size issue,555.88,Processed
RET001747,ORD0022805,SKU006375,2026-03-09,ordered by mistake,2081.83,Processed
RET001748,ORD0078324,SKU011244,2025-05-24,no longer needed,428.14,Processed
RET001749,ORD0027663,SKU008278,2025-11-21,Size issue,260.61,Processed
RET001750,ORD0025906,SKU009039,2025-10-16,didnt fit,357.04,Processed
RET001751,ORD0104040,SKU006175,2025-12-04,quality not as expected,1016.81,Processed
RET001752,ORD0068367,SKU002917,2025-09-09,Size issue,433.06,Processed
RET001753,ORD0106468,SKU008247,2026-03-07,wrong item sent,1060.97,Processed
RET001754,ORD0068525,SKU003304,2025-05-20,packaging torn item broken,475.37,Processed
RET001755,ORD0046660,SKU000800,2025-06-13,Delayed delivery,6916.07,Processed
RET001756,ORD0087880,SKU005585,2026-02-13,ordered by mistake,517.56,Processed
RET001757,ORD0050913,SKU000604,2026-03-20,item damaged,303.98,Processed
RET001758,ORD0010936,SKU000411,2025-03-20,device faulty,231.38,Processed
RET001759,ORD0015926,SKU001659,2025-10-26,stopped working after a day,467.28,Processed
RET001760,ORD0057351,SKU000913,2025-04-24,wrong colour delivered,1585.86,Processed
RET001761,ORD0114453,SKU005026,2026-10-24,defective piece,1174.25,Processed
RET001762,ORD0103690,SKU005667,2025-09-17,not as described,662.89,Processed
RET001763,ORD0072239,SKU000632,2025-05-25,cheap material,917.32,Processed
RET001764,ORD0006048,SKU009416,2026-02-08,item damaged,2177.12,Pending
RET001765,ORD0059543,SKU004172,2025-03-31,ordered by mistake,831.9,Processed
RET001766,ORD0049087,SKU005400,2025-08-15,different from website photo,351.81,Processed
RET001767,ORD0009178,SKU004530,2025-12-09,cheap material,324.91,Processed
RET001768,ORD0083580,SKU002844,2025-10-17,delivered too late,1205.38,Processed
RET001769,ORD0065526,SKU000088,2025-04-22,different sku received,2165.8,Processed
RET001770,ORD0003952,SKU009250,2026-12-13,fabric quality bad,216.14,Processed
RET001771,ORD0111140,SKU005230,2026-07-05,Not what I ordered,603.71,Processed
RET001772,ORD0066088,SKU007201,2025-02-11,wrong size ordered,1345.77,Processed
RET001773,ORD0115306,SKU002480,2025-01-27,changed my mind,809.51,Pending
RET001774,ORD0082040,SKU006589,2025-02-18,not durable,277.08,Processed
RET001775,ORD0008491,SKU005728,2026-03-16,different sku received,87.18,Processed
RET001776,ORD0102903,SKU009891,2026-01-13,looks different online,737.84,Processed
RET001777,ORD0052470,SKU008594,2025-12-27,fabric quality bad,434.16,Processed
RET001778,ORD0013630,SKU005800,2026-02-01,ordered by mistake,659.18,Processed
RET001779,ORD0055178,SKU011654,2025-03-30,Doesn't fit properly,571.68,Processed
RET001780,ORD0029402,SKU000064,2026-01-29,item damaged,432.53,Processed
RET001781,ORD0118566,SKU010950,2026-04-15,SIZE PROBLEM,611.24,Processed
RET001782,ORD0028295,SKU009529,2026-07-17,found cheaper elsewhere,1117.37,Processed
RET001783,ORD0064276,SKU004075,2026-06-16,not durable,319.08,Processed
RET001784,ORD0023460,SKU010393,2025-07-05,Damaged in transit,802.07,Processed
RET001785,ORD0066887,SKU010151,2025-10-03,found cheaper elsewhere,509.17,Processed
RET001786,ORD0119652,SKU011431,2025-08-24,size too small,849.98,Processed
RET001787,ORD0068031,SKU000891,2025-05-04,ordered by mistake,1057.4,Processed
RET001788,ORD0064803,SKU010525,2025-04-28,no longer needed,1572.44,Processed
RET001789,ORD0083569,SKU001990,2026-06-12,looks different online,456.72,Pending
RET001790,ORD0073377,SKU003609,2026-06-29,poor quality,381.8,Processed
RET001791,ORD0107383,SKU005557,2025-01-18,different sku received,800.53,Processed
RET001792,ORD0096771,SKU009576,2025-11-08,found cheaper elsewhere,319.48,Processed
RET001793,ORD0104637,SKU010842,2025-03-26,not working,132.06,Processed
RET001794,ORD0052983,SKU002530,2025-01-21,size chart misleading,1234.79,Processed
RET001795,ORD0091179,SKU003101,2025-11-01,too tight,548.02,Processed
RET001796,ORD0105684,SKU011354,2026-01-24,dont want it now,862.98,Rejected
RET001797,ORD0098426,SKU010048,2026-03-09,didnt fit,415.06,Processed
RET001798,ORD0032117,SKU003692,2025-01-23,cheap material,346.53,Processed
RET001799,ORD0087974,SKU004227,2026-12-08,didnt fit,833.83,Processed
RET001800,ORD0003746,SKU002348,2025-11-28,dont want it now,246.99,Processed
RET001801,ORD0074715,SKU005722,2025-07-04,product was cracked,174.25,Processed
RET001802,ORD0037614,SKU000777,2025-11-10,packaging torn item broken,324.2,Processed
RET001803,ORD0036942,SKU001619,2025-07-30,received different product,486.27,Processed
RET001804,ORD0004587,SKU000807,2025-06-11,product was cracked,2773.14,Processed
RET001805,ORD0052141,SKU002478,2025-02-11,misleading description,1052.3,Processed
RET001806,ORD0066396,SKU001403,2025-10-18,wrong colour delivered,887.42,Processed
RET001807,ORD0105446,SKU005350,2025-02-04,not as described,396.81,Processed
RET001808,ORD0026121,SKU010312,2025-01-28,different from website photo,438.55,Processed
RET001809,ORD0060465,SKU002856,2025-11-25,SIZE PROBLEM,552.75,Pending
RET001810,ORD0111365,SKU010772,2026-02-24,battery dead,516.58,Processed
RET001811,ORD0073129,SKU011469,2026-05-21,device faulty,718.27,Processed
RET001812,ORD0051565,SKU009554,2025-05-30,wrong item sent,2300.72,Pending
RET001813,ORD0102782,SKU011884,2025-03-23,colour different from image,405.63,Processed
RET001814,ORD0068888,SKU006950,2025-02-23,late delivery no longer needed,770.37,Processed
RET001815,ORD0114210,SKU005734,2025-02-24,Size issue,268.68,Processed
RET001816,ORD0094049,SKU002196,2026-03-09,not as described,615.9,Processed
RET001817,ORD0112678,SKU003518,2026-06-04,Quality issue,1422.48,Processed
RET001818,ORD0115380,SKU007033,2025-11-17,product was cracked,389.72,Rejected
RET001819,ORD0101514,SKU007935,2025-06-27,misleading description,968.74,Processed
RET001820,ORD0070792,SKU001899,2025-10-21,item damaged,196.28,Pending
RET001821,ORD0042922,SKU012113,2025-05-22,device faulty,1429.76,Pending
RET001822,ORD0112852,SKU008865,2025-11-18,SIZE PROBLEM,4544.03,Processed
RET001823,ORD0055252,SKU003944,2025-10-09,not working,326.46,Processed
RET001824,ORD0080941,SKU010168,2026-05-25,didnt fit,198.87,Processed
RET001825,ORD0099950,SKU002685,2026-03-17,Not what I ordered,883.01,Processed
RET001826,ORD0058240,SKU010129,2025-10-09,not durable,732.5,Processed
RET001827,ORD0110950,SKU005686,2026-01-13,Doesn't fit properly,283.25,Pending
RET001828,ORD0054925,SKU004313,2025-03-13,item damaged,420.51,Processed
RET001829,ORD0023615,SKU010275,2025-12-13,packaging torn item broken,778.09,Processed
RET001830,ORD0002492,SKU012004,2025-03-16,different sku received,249.66,Processed
RET001831,ORD0051679,SKU010195,2026-03-30,broken on arrival,349.88,Processed
RET001832,ORD0107035,SKU001321,2026-05-27,poor quality,524.38,Processed
RET001833,ORD0024381,SKU010473,2025-09-15,battery dead,267.23,Processed
RET001834,ORD0086991,SKU009194,2025-05-15,too tight,1435.62,Processed
RET001835,ORD0084146,SKU012349,2025-02-03,Delayed delivery,294.29,Processed
RET001836,ORD0090619,SKU003754,2026-07-08,poor quality,435.86,Processed
RET001837,ORD0116480,SKU009010,2025-05-20,fabric quality bad,186.5,Processed
RET001838,ORD0118400,SKU005262,2025-07-31,Delayed delivery,345.0,Processed
RET001839,ORD0075721,SKU001728,2025-05-10,Damaged in transit,1796.23,Processed
RET001840,ORD0052008,SKU003743,2026-11-14,arrived damaged!!,1192.6,Processed
RET001841,ORD0110745,SKU000982,2025-06-03,too tight,471.41,Processed
RET001842,ORD0008491,SKU002260,2026-03-22,didnt fit,781.99,Processed
RET001843,ORD0007402,SKU007540,2026-05-08,quality not as expected,544.22,Processed
RET001844,ORD0033390,SKU007444,2025-10-24,broken on arrival,459.4,Processed
RET001845,ORD0115522,SKU005142,2025-09-18,arrived after event,731.04,Processed
RET001846,ORD0079691,SKU007170,2025-06-09,poor quality,500.53,Processed
RET001847,ORD0109694,SKU005077,2026-02-12,colour different from image,2256.23,Pending
RET001848,ORD0036019,SKU003605,2026-02-28,late delivery no longer needed,412.4,Processed
RET001849,ORD0105954,SKU000034,2026-02-09,wrong size ordered,2312.73,Processed
RET001850,ORD0034599,SKU003177,2026-05-13,broken on arrival,1233.09,Processed
RET001851,ORD0011109,SKU008935,2025-10-26,received different product,324.72,Processed
RET001852,ORD0068234,SKU010769,2025-10-03,wrong colour delivered,789.15,Processed
RET001853,ORD0089698,SKU010020,2026-03-09,packaging torn item broken,516.03,Pending
RET001854,ORD0091560,SKU011927,2025-07-29,too tight,548.29,Processed
RET001855,ORD0118488,SKU005390,2025-11-16,found cheaper elsewhere,602.57,Processed
RET001856,ORD0097267,SKU002686,2026-04-05,poor quality,675.14,Processed
RET001857,ORD0084476,SKU009180,2025-02-07,size too small,783.61,Processed
RET001858,ORD0000229,SKU004381,2026-01-02,not durable,1072.99,Pending
RET001859,ORD0055276,SKU003971,2025-12-31,arrived after event,2303.27,Processed
RET001860,ORD0098134,SKU009984,2025-05-10,wrong colour delivered,2293.17,Processed
RET001861,ORD0015379,SKU005350,2026-01-21,looks different online,131.13,Processed
RET001862,ORD0021796,SKU004077,2026-03-29,size too small,381.24,Processed
RET001863,ORD0023600,SKU006641,2026-06-10,misleading description,1064.71,Processed
RET001864,ORD0011409,SKU009160,2026-02-04,wrong size ordered,944.5,Processed
RET001865,ORD0104144,SKU012232,2026-01-21,dont want it now,666.69,Processed
RET001866,ORD0094973,SKU008026,2025-08-15,wrong size ordered,478.83,Processed
RET001867,ORD0107078,SKU002610,2026-04-12,colour different from image,151.34,Processed
RET001868,ORD0099439,SKU005900,2025-10-11,different from website photo,387.55,Processed
RET001869,ORD0072153,SKU011653,2025-06-16,found cheaper elsewhere,227.74,Rejected
RET001870,ORD0099817,SKU010860,2025-05-06,item damaged,498.02,Processed
RET001871,ORD0089593,SKU005468,2025-12-05,SIZE PROBLEM,824.7,Processed
RET001872,ORD0064770,SKU011336,2025-11-23,Size issue,1877.98,Processed
RET001873,ORD0080024,SKU011920,2025-07-15,item damaged,827.97,Processed
RET001874,ORD0081019,SKU009555,2025-01-31,Not what I ordered,5183.06,Processed
RET001875,ORD0049512,SKU009626,2026-01-20,not durable,595.72,Processed
RET001876,ORD0080815,SKU005375,2025-12-05,defective piece,1064.58,Processed
RET001877,ORD0027200,SKU004541,2026-04-11,received different product,2607.06,Processed
RET001878,ORD0089024,SKU008407,2026-06-07,Size issue,785.13,Processed
RET001879,ORD0077780,SKU006409,2025-05-19,wrong item sent,1333.81,Processed
RET001880,ORD0101529,SKU004302,2025-08-29,product was cracked,1402.72,Processed
RET001881,ORD0113470,SKU008481,2025-11-22,quality not as expected,400.1,Processed
RET001882,ORD0017017,SKU001436,2026-05-02,different sku received,422.4,Processed
RET001883,ORD0103928,SKU002851,2026-06-24,cheap material,170.01,Pending
RET001884,ORD0102785,SKU002280,2025-06-25,wrong size ordered,804.82,Processed
RET001885,ORD0071041,SKU009947,2025-05-07,Quality issue,544.44,Processed
RET001886,ORD0038099,SKU008813,2025-11-23,received different product,777.65,Processed
RET001887,ORD0085245,SKU007007,2025-05-08,colour different from image,861.44,Rejected
RET001888,ORD0035016,SKU009499,2026-10-28,packaging torn item broken,626.01,Rejected
RET001889,ORD0092401,SKU007208,2026-03-01,size too small,383.19,Processed
RET001890,ORD0030570,SKU009104,2025-08-23,ordered by mistake,1122.29,Processed
RET001891,ORD0027296,SKU009822,2025-03-20,colour different from image,551.0,Processed
RET001892,ORD0099339,SKU008519,2025-09-11,broken on arrival,885.78,Processed
RET001893,ORD0114689,SKU001800,2025-03-22,no longer needed,371.66,Processed
RET001894,ORD0073066,SKU010576,2026-05-09,broken on arrival,1034.42,Processed
RET001895,ORD0082440,SKU004044,2025-03-16,didnt fit,1019.14,Processed
RET001896,ORD0061256,SKU008700,2025-10-29,Damaged in transit,395.95,Processed
RET001897,ORD0020721,SKU010248,2025-10-18,wrong size ordered,1863.4,Processed
RET001898,ORD0097338,SKU003382,2026-07-14,fabric quality bad,1537.5,Processed
RET001899,ORD0113995,SKU004099,2025-02-15,delivered too late,226.58,Processed
RET001900,ORD0102143,SKU004562,2025-10-23,Size issue,88.14,Processed
RET001901,ORD0085077,SKU002596,2025-04-17,wrong size ordered,214.46,Processed
RET001902,ORD0114960,SKU000239,2026-04-24,received different product,538.41,Processed
RET001903,ORD0014009,SKU004010,2025-03-13,looks different online,963.03,Processed
RET001904,ORD0099200,SKU005975,2025-10-03,broken on arrival,129.82,Processed
RET001905,ORD0021617,SKU009818,2025-11-06,device faulty,465.02,Processed
RET001906,ORD0001169,SKU006248,2026-01-26,Doesn't fit properly,317.58,Processed
RET001907,ORD0011433,SKU011279,2025-12-04,packaging torn item broken,173.96,Processed
RET001908,ORD0105313,SKU012205,2026-12-02,misleading description,201.33,Processed
RET001909,ORD0024043,SKU003749,2025-06-03,arrived damaged!!,392.5,Processed
RET001910,ORD0109275,SKU006441,2026-02-23,arrived damaged!!,200.37,Processed
RET001911,ORD0066462,SKU002675,2025-12-06,different sku received,384.9,Processed
RET001912,ORD0074855,SKU000845,2026-12-03,size too small,977.39,Processed
RET001913,ORD0093835,SKU003265,2025-10-20,wrong size ordered,380.65,Processed
RET001914,ORD0102785,SKU002028,2025-07-06,item damaged,1167.01,Processed
RET001915,ORD0093232,SKU003303,2026-05-13,Delayed delivery,824.12,Processed
RET001916,ORD0025318,SKU007096,2025-11-15,wrong size ordered,574.15,Processed
RET001917,ORD0038279,SKU011655,2025-12-28,not durable,374.62,Processed
RET001918,ORD0048767,SKU006296,2026-02-19,arrived after event,537.51,Processed
RET001919,ORD0065014,SKU010046,2025-03-17,arrived after event,292.42,Processed
RET001920,ORD0033360,SKU012085,2026-05-31,wrong item sent,326.21,Pending
RET001921,ORD0105267,SKU008794,2026-10-23,looks different online,200.07,Pending
RET001922,ORD0009589,SKU005622,2025-10-07,item damaged,459.12,Processed
RET001923,ORD0068362,SKU010349,2025-03-30,Doesn't fit properly,528.67,Processed
RET001924,ORD0044896,SKU007209,2025-03-04,late delivery no longer needed,446.99,Rejected
RET001925,ORD0027839,SKU007788,2025-07-17,Not what I ordered,370.58,Processed
RET001926,ORD0050069,SKU006709,2025-10-27,no longer needed,384.16,Rejected
RET001927,ORD0077337,SKU002624,2026-11-09,size too small,122.18,Processed
RET001928,ORD0029758,SKU011829,2025-02-24,fabric quality bad,1189.22,Processed
RET001929,ORD0114485,SKU011869,2025-06-05,Doesn't fit properly,556.86,Processed
RET001930,ORD0045314,SKU007082,2026-01-04,Damaged in transit,164.18,Processed
RET001931,ORD0028648,SKU002122,2025-04-20,not durable,1984.99,Processed
RET001932,ORD0047858,SKU003588,2025-12-14,product was cracked,613.29,Processed
RET001933,ORD0060933,SKU011665,2025-05-02,size chart misleading,1417.7,Processed
RET001934,ORD0109405,SKU011185,2026-03-29,size chart misleading,632.79,Processed
RET001935,ORD0091912,SKU000690,2025-11-02,late delivery no longer needed,77.04,Processed
RET001936,ORD0058661,SKU006262,2025-02-19,cheap material,498.95,Processed
RET001937,ORD0086868,SKU010938,2026-07-09,arrived after event,512.31,Processed
RET001938,ORD0013546,SKU002218,2025-11-15,packaging torn item broken,1596.8,Pending
RET001939,ORD0105365,SKU007233,2025-02-09,Quality issue,409.96,Processed
RET001940,ORD0012336,SKU011882,2026-02-17,product was cracked,586.03,Rejected
RET001941,ORD0107106,SKU002262,2025-10-22,packaging torn item broken,434.62,Processed
RET001942,ORD0032765,SKU012238,2025-02-16,received different product,293.28,Processed
RET001943,ORD0031092,SKU005666,2025-03-15,broken on arrival,1012.59,Processed
RET001944,ORD0114327,SKU001148,2025-10-16,size chart misleading,598.55,Pending
RET001945,ORD0119166,SKU001619,2025-03-04,packaging torn item broken,366.11,Processed
RET001946,ORD0103255,SKU005165,2026-01-18,Size issue,1357.71,Rejected
RET001947,ORD0068136,SKU008514,2026-03-09,cheap material,330.06,Processed
RET001948,ORD0055540,SKU000996,2025-12-09,not working,154.49,Processed
RET001949,ORD0005472,SKU002093,2026-11-01,poor quality,378.06,Pending
RET001950,ORD0046129,SKU009114,2025-05-22,too tight,1220.57,Processed
RET001951,ORD0000748,SKU001183,2026-02-25,size chart misleading,984.11,Processed
RET001952,ORD0054701,SKU011534,2025-08-01,wrong colour delivered,1091.16,Processed
RET001953,ORD0031928,SKU008653,2025-06-09,Not what I ordered,756.44,Processed
RET001954,ORD0089967,SKU009819,2025-12-23,Size issue,773.05,Processed
RET001955,ORD0057430,SKU011180,2025-10-16,stopped working after a day,1201.25,Processed
RET001956,ORD0105690,SKU006092,2026-06-21,not durable,443.94,Processed
RET001957,ORD0117614,SKU003519,2026-01-11,size too small,283.55,Processed
RET001958,ORD0082316,SKU002813,2026-03-25,Size issue,1274.18,Processed
RET001959,ORD0042269,SKU001787,2026-11-25,packaging torn item broken,273.57,Processed
RET001960,ORD0035260,SKU006959,2026-11-18,size too small,1501.42,Processed
RET001961,ORD0076730,SKU005852,2025-11-05,fabric quality bad,1008.69,Processed
RET001962,ORD0075477,SKU010997,2025-08-05,Quality issue,788.78,Processed
RET001963,ORD0109362,SKU005312,2025-08-14,looks different online,590.35,Processed
RET001964,ORD0068302,SKU004963,2026-02-20,arrived damaged!!,142.23,Processed
RET001965,ORD0119764,SKU009100,2025-07-09,fabric quality bad,1019.38,Processed
RET001966,ORD0076918,SKU001496,2025-11-24,different from website photo,270.9,Processed
RET001967,ORD0092658,SKU007210,2025-08-07,size too small,2051.25,Pending
RET001968,ORD0029680,SKU001021,2025-10-13,defective piece,871.06,Processed
RET001969,ORD0087753,SKU010577,2025-09-08,different sku received,1226.93,Processed
RET001970,ORD0008979,SKU004524,2025-05-05,different from website photo,239.11,Rejected
RET001971,ORD0027131,SKU009934,2025-08-23,different from website photo,1677.02,Processed
RET001972,ORD0077129,SKU011906,2025-06-10,arrived damaged!!,501.84,Processed
RET001973,ORD0063543,SKU010302,2026-06-27,Doesn't fit properly,1956.32,Processed
RET001974,ORD0000464,SKU002663,2026-03-21,Quality issue,232.68,Processed
RET001975,ORD0073943,SKU011491,2026-01-09,Delayed delivery,694.07,Processed
RET001976,ORD0000072,SKU012091,2025-11-23,different sku received,352.45,Pending
RET001977,ORD0046124,SKU005883,2026-01-02,defective piece,408.52,Pending
RET001978,ORD0075483,SKU011544,2025-08-02,Size issue,333.58,Processed
RET001979,ORD0063232,SKU004651,2025-11-17,packaging torn item broken,164.75,Processed
RET001980,ORD0023347,SKU005318,2025-09-14,received different product,305.18,Processed
RET001981,ORD0119565,SKU007488,2026-06-14,changed my mind,489.72,Processed
RET001982,ORD0102411,SKU007794,2025-09-24,Damaged in transit,974.28,Processed
RET001983,ORD0102512,SKU002738,2026-05-24,SIZE PROBLEM,637.09,Processed
RET001984,ORD0070533,SKU000006,2025-06-22,SIZE PROBLEM,1707.31,Processed
RET001985,ORD0001569,SKU001034,2025-05-28,wrong size ordered,683.24,Processed
RET001986,ORD0098504,SKU001939,2025-03-11,broken on arrival,237.01,Processed
RET001987,ORD0088021,SKU001483,2025-03-02,received different product,528.89,Processed
RET001988,ORD0097913,SKU005793,2025-12-07,misleading description,578.39,Processed
RET001989,ORD0030722,SKU001046,2025-09-19,defective piece,241.5,Processed
RET001990,ORD0118432,SKU012479,2025-09-08,size too small,421.83,Processed
RET001991,ORD0044454,SKU010745,2025-06-28,SIZE PROBLEM,162.09,Processed
RET001992,ORD0074574,SKU011582,2025-11-21,colour different from image,623.73,Processed
RET001993,ORD0065061,SKU007556,2025-03-13,not durable,754.74,Processed
RET001994,ORD0066837,SKU006343,2025-10-29,product was cracked,453.24,Pending
RET001995,ORD0082009,SKU004700,2026-02-07,size too small,1707.06,Processed
RET001996,ORD0096058,SKU007302,2025-10-11,Quality issue,1566.4,Processed
RET001997,ORD0031864,SKU011418,2025-07-29,device faulty,2425.72,Processed
RET001998,ORD0069451,SKU008584,2026-05-17,looks different online,553.34,Processed
RET001999,ORD0092878,SKU008691,2025-02-04,different from website photo,548.09,Processed
RET002000,ORD0065365,SKU002818,2025-03-30,too tight,217.96,Processed
RET002001,ORD0069355,SKU001496,2025-07-25,not as described,899.05,Processed
RET002002,ORD0061078,SKU004162,2025-08-11,changed my mind,1220.8,Processed
RET002003,ORD0064930,SKU010396,2026-12-13,wrong colour delivered,678.34,Processed
RET002004,ORD0110288,SKU005515,2025-02-18,arrived after event,600.77,Processed
RET002005,ORD0055199,SKU010401,2026-06-09,quality not as expected,1014.67,Processed
RET002006,ORD0074018,SKU001828,2025-12-25,wrong size ordered,340.68,Processed
RET002007,ORD0099557,SKU004306,2026-01-01,wrong item sent,921.39,Processed
RET002008,ORD0003605,SKU007117,2025-04-04,arrived after event,483.48,Processed
RET002009,ORD0041438,SKU009406,2025-09-28,SIZE PROBLEM,716.23,Processed
RET002010,ORD0105234,SKU007062,2025-12-08,received different product,537.22,Processed
RET002011,ORD0001635,SKU008723,2026-03-30,too tight,317.68,Processed
RET002012,ORD0065064,SKU008845,2025-03-26,device faulty,360.52,Pending
RET002013,ORD0059694,SKU001890,2025-02-06,cheap material,360.63,Processed
RET002014,ORD0119963,SKU002649,2026-05-18,too tight,1441.94,Processed
RET002015,ORD0003403,SKU003822,2025-04-25,misleading description,909.29,Pending
RET002016,ORD0027256,SKU003515,2025-11-20,device faulty,1005.01,Pending
RET002017,ORD0084100,SKU009431,2025-11-03,quality not as expected,519.06,Processed
RET002018,ORD0055199,SKU000395,2026-05-29,packaging torn item broken,121.34,Processed
RET002019,ORD0029719,SKU000695,2025-08-12,not working,993.75,Processed
RET002020,ORD0050090,SKU004637,2025-01-14,stopped working after a day,858.49,Processed
RET002021,ORD0057858,SKU009191,2026-05-25,ordered by mistake,560.25,Processed
RET002022,ORD0035299,SKU005977,2025-10-06,quality not as expected,2017.05,Processed
RET002023,ORD0017538,SKU008980,2025-06-18,Damaged in transit,2219.0,Processed
RET002024,ORD0096959,SKU007709,2025-03-19,not durable,4159.54,Processed
RET002025,ORD0110554,SKU004621,2025-08-07,didnt fit,1267.87,Processed
RET002026,ORD0079688,SKU003413,2025-10-17,wrong item sent,616.6,Processed
RET002027,ORD0026744,SKU001915,2026-01-06,didnt fit,1086.67,Processed
RET002028,ORD0011674,SKU007074,2026-01-31,no longer needed,793.26,Processed
RET002029,ORD0101788,SKU009046,2025-11-06,size too small,205.47,Processed
RET002030,ORD0049148,SKU006788,2025-12-16,quality not as expected,503.12,Processed
RET002031,ORD0086495,SKU011151,2025-10-05,broken on arrival,1053.13,Processed
RET002032,ORD0035595,SKU005397,2025-03-19,didnt fit,266.19,Processed
RET002033,ORD0052700,SKU010771,2025-03-03,Delayed delivery,1209.96,Processed
RET002034,ORD0053438,SKU007274,2025-06-01,too tight,432.15,Processed
RET002035,ORD0088234,SKU012261,2026-10-23,wrong colour delivered,880.62,Processed
RET002036,ORD0089056,SKU001301,2025-10-29,too tight,146.45,Pending
RET002037,ORD0024052,SKU005953,2025-10-24,different sku received,464.93,Processed
RET002038,ORD0048723,SKU002179,2025-10-03,packaging torn item broken,674.04,Processed
RET002039,ORD0036743,SKU009088,2025-09-28,cheap material,2024.52,Processed
RET002040,ORD0044095,SKU005264,2025-08-12,size chart misleading,1193.26,Processed
RET002041,ORD0075568,SKU003102,2025-09-30,late delivery no longer needed,845.17,Processed
RET002042,ORD0052289,SKU006713,2026-05-09,broken on arrival,287.71,Processed
RET002043,ORD0011816,SKU010643,2025-04-28,different sku received,1160.59,Processed
RET002044,ORD0038037,SKU011587,2025-10-08,defective piece,1963.41,Processed
RET002045,ORD0041611,SKU008031,2026-03-04,arrived damaged!!,429.45,Processed
RET002046,ORD0037887,SKU001957,2026-02-27,misleading description,791.88,Pending
RET002047,ORD0040896,SKU010865,2026-10-23,Quality issue,918.08,Processed
RET002048,ORD0044449,SKU012499,2025-12-18,Doesn't fit properly,501.24,Processed
RET002049,ORD0020793,SKU006297,2026-02-09,delivered too late,1623.99,Processed
RET002050,ORD0042297,SKU012006,2025-07-22,delivered too late,284.14,Processed
RET002051,ORD0084573,SKU007027,2025-11-09,Doesn't fit properly,463.07,Processed
RET002052,ORD0016001,SKU000447,2026-04-03,found cheaper elsewhere,746.03,Rejected
RET002053,ORD0105504,SKU008226,2025-05-09,defective piece,648.49,Processed
RET002054,ORD0013005,SKU010070,2025-07-27,Damaged in transit,482.59,Processed
RET002055,ORD0026192,SKU005711,2026-01-07,size too small,2210.72,Processed
RET002056,ORD0030433,SKU006041,2025-06-21,colour different from image,1589.19,Processed
RET002057,ORD0050262,SKU000277,2025-05-19,wrong colour delivered,422.67,Processed
RET002058,ORD0046057,SKU010222,2026-11-09,size chart misleading,885.31,Processed
RET002059,ORD0016408,SKU008051,2025-03-21,quality not as expected,2442.06,Processed
RET002060,ORD0108515,SKU000223,2026-11-29,changed my mind,1131.39,Processed
RET002061,ORD0102596,SKU003112,2026-01-02,Quality issue,643.18,Processed
RET002062,ORD0044407,SKU010885,2025-07-11,size too small,291.27,Processed
RET002063,ORD0004012,SKU004563,2025-03-20,Doesn't fit properly,260.22,Processed
RET002064,ORD0055364,SKU011218,2025-04-03,dont want it now,816.88,Processed
RET002065,ORD0025344,SKU007856,2025-07-20,late delivery no longer needed,5577.66,Pending
RET002066,ORD0010750,SKU001361,2026-12-19,Doesn't fit properly,767.45,Processed
RET002067,ORD0002550,SKU000150,2025-11-16,packaging torn item broken,802.56,Processed
RET002068,ORD0031251,SKU006294,2025-10-18,too tight,497.42,Processed
RET002069,ORD0075909,SKU011198,2026-04-01,SIZE PROBLEM,312.91,Pending
RET002070,ORD0112503,SKU005349,2025-02-28,too tight,1775.56,Processed
RET002071,ORD0119115,SKU005265,2026-12-01,ordered by mistake,482.45,Processed
RET002072,ORD0020725,SKU007776,2026-11-06,size too small,3387.53,Processed
RET002073,ORD0066666,SKU002646,2026-04-08,not as described,1170.85,Processed
RET002074,ORD0090516,SKU007572,2025-02-12,Doesn't fit properly,248.56,Processed
RET002075,ORD0037123,SKU003580,2025-11-14,Delayed delivery,183.57,Processed
RET002076,ORD0030774,SKU008347,2026-05-14,cheap material,430.22,Processed
RET002077,ORD0034255,SKU009902,2025-04-28,Size issue,621.92,Processed
RET002078,ORD0058069,SKU005400,2025-01-25,not durable,357.33,Processed
RET002079,ORD0080966,SKU002588,2025-12-10,colour different from image,624.81,Processed
RET002080,ORD0023014,SKU004589,2025-04-06,not as described,1024.1,Processed
RET002081,ORD0084232,SKU006157,2026-03-31,size too small,539.06,Processed
RET002082,ORD0060434,SKU006248,2025-12-24,broken on arrival,396.24,Rejected
RET002083,ORD0055649,SKU009431,2025-03-08,changed my mind,702.66,Processed
RET002084,ORD0061991,SKU000332,2025-03-15,stopped working after a day,482.58,Processed
RET002085,ORD0057838,SKU010040,2026-05-18,wrong item sent,653.51,Processed
RET002086,ORD0011713,SKU003238,2026-05-21,misleading description,533.0,Processed
RET002087,ORD0006697,SKU000406,2025-08-22,Damaged in transit,452.85,Processed
RET002088,ORD0110021,SKU011637,2025-04-06,different from website photo,1188.95,Processed
RET002089,ORD0082559,SKU011007,2026-03-19,quality not as expected,365.95,Processed
RET002090,ORD0015867,SKU000106,2025-10-23,battery dead,202.29,Processed
RET002091,ORD0052722,SKU001576,2025-04-04,fabric quality bad,249.41,Processed
RET002092,ORD0074629,SKU007595,2025-05-04,not durable,974.84,Processed
RET002093,ORD0092005,SKU002346,2025-09-27,product was cracked,561.98,Processed
RET002094,ORD0016001,SKU000263,2026-04-14,wrong colour delivered,412.13,Processed
RET002095,ORD0005232,SKU007710,2025-09-04,wrong item sent,221.2,Processed
RET002096,ORD0043418,SKU005128,2025-12-14,wrong size ordered,615.02,Processed
RET002097,ORD0037691,SKU005743,2026-11-27,wrong colour delivered,344.49,Rejected
RET002098,ORD0011301,SKU006780,2025-05-09,different from website photo,380.11,Pending
RET002099,ORD0029155,SKU003637,2026-07-06,not durable,262.48,Processed
RET002100,ORD0063265,SKU001332,2025-11-20,product was cracked,1048.5,Pending
RET002101,ORD0028573,SKU002834,2025-07-24,Size issue,462.25,Processed
RET002102,ORD0041373,SKU007028,2026-07-03,quality not as expected,218.42,Processed
RET002103,ORD0081498,SKU006227,2025-12-09,fabric quality bad,1198.08,Processed
RET002104,ORD0008172,SKU000395,2025-03-29,arrived damaged!!,802.36,Processed
RET002105,ORD0011409,SKU011253,2026-02-08,dont want it now,471.55,Processed
RET002106,ORD0028514,SKU009605,2026-04-19,SIZE PROBLEM,852.27,Pending
RET002107,ORD0001298,SKU001436,2025-05-29,product was cracked,400.85,Processed
RET002108,ORD0007994,SKU003171,2026-04-23,colour different from image,1209.18,Processed
RET002109,ORD0014817,SKU002052,2026-01-31,didnt fit,429.13,Processed
RET002110,ORD0046068,SKU005925,2025-06-25,size chart misleading,788.02,Processed
RET002111,ORD0004559,SKU011769,2025-12-10,arrived after event,3082.32,Processed
RET002112,ORD0026744,SKU003873,2026-01-09,quality not as expected,335.91,Processed
RET002113,ORD0014945,SKU001661,2026-01-23,too tight,415.47,Processed
RET002114,ORD0111551,SKU000083,2025-02-08,too tight,425.91,Processed
RET002115,ORD0042274,SKU002827,2025-04-27,poor quality,462.42,Processed
RET002116,ORD0056977,SKU010407,2026-02-17,Size issue,1286.83,Processed
RET002117,ORD0015548,SKU003799,2025-02-26,stopped working after a day,694.15,Processed
RET002118,ORD0112686,SKU008374,2025-04-14,device faulty,769.13,Processed
RET002119,ORD0001107,SKU000857,2025-10-06,arrived damaged!!,1270.27,Processed
RET002120,ORD0038867,SKU011403,2026-01-05,received different product,914.88,Processed
RET002121,ORD0025103,SKU001970,2025-03-13,battery dead,178.5,Processed
RET002122,ORD0066888,SKU006460,2025-09-22,SIZE PROBLEM,334.85,Processed
RET002123,ORD0079337,SKU009948,2025-11-26,quality not as expected,185.71,Processed
RET002124,ORD0083798,SKU008464,2025-07-03,arrived after event,691.72,Processed
RET002125,ORD0005966,SKU011424,2025-09-23,misleading description,1245.35,Processed
RET002126,ORD0097016,SKU004228,2025-12-01,wrong item sent,775.18,Pending
RET002127,ORD0048776,SKU001702,2026-06-01,Size issue,1003.86,Processed
RET002128,ORD0083882,SKU011375,2026-01-29,different from website photo,436.37,Processed
RET002129,ORD0099513,SKU009899,2025-07-06,broken on arrival,1045.97,Processed
RET002130,ORD0116198,SKU008284,2026-05-05,not durable,374.67,Processed
RET002131,ORD0011460,SKU011795,2025-09-02,wrong item sent,908.03,Processed
RET002132,ORD0099247,SKU010075,2025-02-24,cheap material,721.56,Processed
RET002133,ORD0041921,SKU000600,2025-11-06,Quality issue,286.49,Processed
RET002134,ORD0001317,SKU010000,2026-11-19,different from website photo,739.67,Processed
RET002135,ORD0080297,SKU008792,2025-04-05,cheap material,614.68,Processed
RET002136,ORD0071639,SKU003641,2026-03-17,arrived damaged!!,322.56,Processed
RET002137,ORD0079527,SKU000550,2025-10-14,looks different online,252.39,Processed
RET002138,ORD0111306,SKU012418,2026-04-19,quality not as expected,2141.95,Processed
RET002139,ORD0020163,SKU008394,2025-12-30,Size issue,1186.48,Processed
RET002140,ORD0044018,SKU010928,2025-03-11,cheap material,1848.82,Processed
RET002141,ORD0025344,SKU001169,2025-07-31,arrived damaged!!,616.33,Processed
RET002142,ORD0036589,SKU006514,2025-09-20,wrong item sent,1683.45,Processed
RET002143,ORD0021121,SKU003700,2025-10-30,not durable,678.29,Processed
RET002144,ORD0054738,SKU006682,2025-11-26,Quality issue,1057.03,Processed
RET002145,ORD0074700,SKU009473,2025-06-06,no longer needed,1139.5,Processed
RET002146,ORD0119816,SKU009742,2025-11-12,stopped working after a day,387.07,Processed
RET002147,ORD0118942,SKU009888,2025-12-07,didnt fit,1407.49,Processed
RET002148,ORD0006322,SKU007139,2025-10-26,item damaged,335.99,Processed
RET002149,ORD0063579,SKU002401,2025-11-08,found cheaper elsewhere,3340.58,Processed
RET002150,ORD0114933,SKU004434,2025-10-25,different from website photo,455.44,Processed
RET002151,ORD0114984,SKU009742,2025-08-02,wrong colour delivered,400.46,Processed
RET002152,ORD0101299,SKU011591,2025-07-03,Damaged in transit,774.01,Processed
RET002153,ORD0045389,SKU012205,2025-05-30,wrong colour delivered,623.81,Processed
RET002154,ORD0088483,SKU007131,2026-11-08,broken on arrival,295.1,Processed
RET002155,ORD0017793,SKU001025,2026-10-26,Size issue,780.26,Pending
RET002156,ORD0075720,SKU011356,2025-03-07,poor quality,315.69,Processed
RET002157,ORD0031107,SKU007486,2025-03-05,didnt fit,1480.16,Processed
RET002158,ORD0077658,SKU005481,2025-09-08,didnt fit,259.2,Processed
RET002159,ORD0016695,SKU001625,2025-11-16,too tight,635.08,Processed
RET002160,ORD0023457,SKU008850,2026-06-23,arrived after event,1541.24,Processed
RET002161,ORD0066490,SKU003365,2025-06-15,Damaged in transit,884.97,Pending
RET002162,ORD0113699,SKU011104,2025-07-17,looks different online,359.76,Pending
RET002163,ORD0003829,SKU008733,2025-10-08,poor quality,761.24,Processed
RET002164,ORD0070417,SKU011943,2025-10-22,battery dead,644.93,Processed
RET002165,ORD0023910,SKU001166,2026-05-22,broken on arrival,234.99,Processed
RET002166,ORD0047047,SKU008775,2025-11-20,item damaged,483.95,Processed
RET002167,ORD0105455,SKU007533,2026-05-29,quality not as expected,172.92,Processed
RET002168,ORD0002774,SKU000983,2025-10-03,fabric quality bad,1754.32,Processed
RET002169,ORD0037821,SKU002266,2025-08-18,arrived damaged!!,291.62,Processed
RET002170,ORD0085933,SKU005153,2025-12-03,size chart misleading,277.92,Processed
RET002171,ORD0084969,SKU008883,2025-12-08,wrong item sent,557.46,Processed
RET002172,ORD0110817,SKU009895,2025-04-24,size chart misleading,235.45,Processed
RET002173,ORD0031986,SKU005921,2025-08-05,different from website photo,729.99,Processed
RET002174,ORD0118742,SKU006094,2026-02-19,size chart misleading,759.56,Rejected
RET002175,ORD0116594,SKU009129,2025-10-18,wrong size ordered,1599.4,Processed
RET002176,ORD0113343,SKU001738,2025-11-30,received different product,877.66,Pending
RET002177,ORD0107903,SKU006627,2026-02-23,too tight,1446.22,Processed
RET002178,ORD0009925,SKU005347,2025-12-19,looks different online,300.11,Processed
RET002179,ORD0069463,SKU004550,2026-02-23,product was cracked,513.82,Processed
RET002180,ORD0052762,SKU000383,2025-05-17,colour different from image,677.82,Processed
RET002181,ORD0016921,SKU009553,2025-09-15,battery dead,835.3,Processed
RET002182,ORD0066111,SKU001467,2025-11-08,packaging torn item broken,862.93,Processed
RET002183,ORD0011803,SKU000715,2025-05-12,fabric quality bad,1511.33,Processed
RET002184,ORD0082183,SKU009860,2026-02-16,size too small,473.18,Processed
RET002185,ORD0067580,SKU011850,2026-01-13,device faulty,1114.97,Processed
RET002186,ORD0073820,SKU007360,2025-03-01,didnt fit,444.97,Processed
RET002187,ORD0112282,SKU006338,2025-01-27,wrong item sent,1019.54,Processed
RET002188,ORD0016990,SKU009768,2025-08-01,arrived damaged!!,1334.82,Processed
RET002189,ORD0104598,SKU006560,2026-06-22,misleading description,184.2,Processed
RET002190,ORD0105949,SKU011439,2025-12-04,not durable,142.86,Processed
RET002191,ORD0056503,SKU002622,2026-03-24,size chart misleading,1557.41,Processed
RET002192,ORD0059897,SKU001669,2026-03-16,different from website photo,441.94,Processed
RET002193,ORD0001868,SKU004137,2026-06-14,stopped working after a day,1408.2,Processed
RET002194,ORD0030921,SKU000161,2026-07-04,not as described,1210.98,Processed
RET002195,ORD0115648,SKU009308,2025-08-20,battery dead,3423.3,Processed
RET002196,ORD0042339,SKU002197,2026-03-15,didnt fit,465.94,Processed
RET002197,ORD0041345,SKU000545,2026-02-22,different sku received,1304.9,Processed
RET002198,ORD0060766,SKU010908,2025-12-05,Size issue,4289.94,Pending
RET002199,ORD0070614,SKU001682,2025-09-13,Size issue,1047.76,Rejected
RET002200,ORD0085694,SKU010420,2026-06-13,size chart misleading,750.3,Processed
RET002201,ORD0066060,SKU001383,2025-08-24,not durable,409.48,Processed
RET002202,ORD0064168,SKU005749,2025-11-18,product was cracked,938.91,Processed
RET002203,ORD0103148,SKU007934,2025-03-30,colour different from image,248.43,Processed
RET002204,ORD0009905,SKU003679,2026-06-11,Quality issue,434.3,Processed
RET002205,ORD0012640,SKU001626,2025-01-20,item damaged,262.8,Pending
RET002206,ORD0017815,SKU008711,2026-03-29,size too small,967.42,Processed
RET002207,ORD0103832,SKU010943,2025-07-03,stopped working after a day,895.0,Processed
RET002208,ORD0008996,SKU000344,2025-08-06,poor quality,705.47,Pending
RET002209,ORD0095992,SKU006742,2025-06-16,changed my mind,523.01,Processed
RET002210,ORD0065986,SKU002754,2026-05-13,Quality issue,435.57,Processed
RET002211,ORD0026796,SKU003790,2025-10-23,poor quality,477.84,Processed
RET002212,ORD0043939,SKU010517,2026-11-28,not working,489.86,Processed
RET002213,ORD0060693,SKU008050,2026-05-12,didnt fit,548.9,Processed
RET002214,ORD0046960,SKU000911,2025-01-22,different from website photo,118.57,Pending
RET002215,ORD0046487,SKU002670,2026-10-16,not durable,599.24,Processed
RET002216,ORD0069154,SKU005378,2026-05-17,not as described,207.9,Processed
RET002217,ORD0037452,SKU005616,2025-06-23,didnt fit,531.52,Processed
RET002218,ORD0037705,SKU000027,2026-06-24,broken on arrival,278.05,Processed
RET002219,ORD0064271,SKU004654,2026-01-05,stopped working after a day,469.65,Processed
RET002220,ORD0096825,SKU000986,2025-07-14,Doesn't fit properly,840.52,Processed
RET002221,ORD0111507,SKU002065,2025-04-03,changed my mind,1596.23,Rejected
RET002222,ORD0041464,SKU008797,2026-06-22,late delivery no longer needed,497.48,Processed
RET002223,ORD0003171,SKU006811,2025-04-08,Not what I ordered,1550.42,Processed
RET002224,ORD0071924,SKU001324,2026-01-08,Damaged in transit,763.22,Processed
RET002225,ORD0041233,SKU011641,2025-04-05,received different product,1089.37,Processed
RET002226,ORD0074271,SKU009756,2025-04-29,broken on arrival,1804.33,Processed
RET002227,ORD0044771,SKU006158,2026-03-25,received different product,291.68,Processed
RET002228,ORD0015482,SKU007762,2026-11-10,Size issue,318.48,Processed
RET002229,ORD0113380,SKU000327,2026-06-20,not durable,674.99,Processed
RET002230,ORD0117278,SKU006483,2026-03-13,not as described,830.08,Processed
RET002231,ORD0043385,SKU011953,2026-06-27,received different product,1292.37,Pending
RET002232,ORD0061581,SKU012343,2025-07-04,looks different online,367.63,Processed
RET002233,ORD0072689,SKU000787,2026-03-12,dont want it now,830.88,Processed
RET002234,ORD0103739,SKU008487,2026-03-21,Delayed delivery,830.68,Processed
RET002235,ORD0078357,SKU006606,2026-04-29,colour different from image,491.01,Processed
RET002236,ORD0076913,SKU005058,2025-01-25,not working,400.12,Processed
RET002237,ORD0048158,SKU004159,2025-01-22,delivered too late,1726.75,Processed
RET002238,ORD0037669,SKU008856,2025-08-27,wrong colour delivered,1337.69,Processed
RET002239,ORD0082080,SKU006147,2026-05-08,packaging torn item broken,945.98,Processed
RET002240,ORD0100635,SKU012159,2025-08-29,cheap material,146.87,Pending
RET002241,ORD0054470,SKU006973,2025-02-01,broken on arrival,142.45,Processed
RET002242,ORD0048474,SKU002144,2025-06-17,changed my mind,1078.11,Processed
RET002243,ORD0049220,SKU009821,2026-04-22,battery dead,389.19,Processed
RET002244,ORD0098101,SKU006697,2025-11-13,too tight,1011.55,Processed
RET002245,ORD0057608,SKU001138,2025-10-15,looks different online,152.17,Processed
RET002246,ORD0055747,SKU000003,2025-04-02,stopped working after a day,325.52,Pending
RET002247,ORD0112267,SKU005281,2025-06-24,Size issue,684.88,Processed
RET002248,ORD0001317,SKU010868,2026-11-13,Delayed delivery,703.45,Processed
RET002249,ORD0063265,SKU008913,2025-12-02,defective piece,647.45,Processed
RET002250,ORD0087732,SKU011618,2026-12-03,poor quality,2185.15,Processed
RET002251,ORD0083889,SKU008467,2025-12-14,Size issue,664.46,Processed
RET002252,ORD0087113,SKU006034,2025-02-17,Damaged in transit,2302.11,Processed
RET002253,ORD0022054,SKU001174,2026-02-07,battery dead,306.47,Processed
RET002254,ORD0092007,SKU000453,2025-09-25,wrong colour delivered,386.48,Processed
RET002255,ORD0047852,SKU009615,2026-05-12,size chart misleading,1057.77,Processed
RET002256,ORD0065188,SKU004072,2026-05-08,product was cracked,220.39,Pending
RET002257,ORD0067061,SKU002605,2025-06-11,defective piece,275.28,Processed
RET002258,ORD0067894,SKU003290,2026-12-26,colour different from image,2601.22,Processed
RET002259,ORD0108216,SKU003902,2025-03-11,found cheaper elsewhere,499.98,Processed
RET002260,ORD0109757,SKU007266,2025-06-09,Damaged in transit,3204.86,Processed
RET002261,ORD0079376,SKU011912,2026-05-19,too tight,1971.06,Rejected
RET002262,ORD0111526,SKU011609,2025-08-23,cheap material,2596.91,Processed
RET002263,ORD0035097,SKU002925,2026-06-01,broken on arrival,537.26,Pending
RET002264,ORD0104378,SKU005523,2025-03-03,size too small,1318.5,Processed
RET002265,ORD0019809,SKU008858,2025-08-17,Damaged in transit,1002.95,Processed
RET002266,ORD0018719,SKU006215,2026-06-04,fabric quality bad,541.28,Pending
RET002267,ORD0030928,SKU006624,2026-04-27,too tight,205.29,Processed
RET002268,ORD0050379,SKU004367,2025-11-25,wrong item sent,582.66,Processed
RET002269,ORD0111084,SKU009130,2026-07-04,not durable,101.87,Processed
RET002270,ORD0030172,SKU007683,2026-05-04,received different product,534.56,Processed
RET002271,ORD0009051,SKU004335,2026-06-18,not working,229.46,Processed
RET002272,ORD0092396,SKU004809,2026-03-25,packaging torn item broken,881.02,Processed
RET002273,ORD0111749,SKU001716,2025-05-18,looks different online,448.96,Processed
RET002274,ORD0048660,SKU003614,2025-11-06,ordered by mistake,529.0,Processed
RET002275,ORD0007832,SKU006990,2026-06-07,no longer needed,947.72,Processed
RET002276,ORD0020136,SKU010892,2026-01-15,wrong colour delivered,1216.81,Processed
RET002277,ORD0035307,SKU001472,2026-03-28,poor quality,1715.57,Processed
RET002278,ORD0008653,SKU004052,2025-10-19,SIZE PROBLEM,114.39,Processed
RET002279,ORD0080159,SKU004936,2025-08-11,Damaged in transit,1785.26,Processed
RET002280,ORD0104580,SKU009430,2025-05-28,not as described,2431.42,Processed
RET002281,ORD0085568,SKU007320,2026-07-07,late delivery no longer needed,133.79,Processed
RET002282,ORD0009597,SKU001484,2025-02-14,different from website photo,407.28,Processed
RET002283,ORD0009526,SKU009157,2026-04-14,stopped working after a day,166.55,Processed
RET002284,ORD0035291,SKU012465,2025-04-17,Size issue,1898.19,Processed
RET002285,ORD0093255,SKU005227,2025-11-08,Not what I ordered,2702.86,Processed
RET002286,ORD0042132,SKU011188,2026-03-08,didnt fit,577.31,Processed
RET002287,ORD0065308,SKU009610,2025-11-29,not working,1598.04,Processed
RET002288,ORD0051095,SKU007014,2026-06-18,didnt fit,355.19,Processed
RET002289,ORD0080203,SKU001933,2026-04-26,Doesn't fit properly,1655.93,Processed
RET002290,ORD0012543,SKU008503,2026-07-09,too tight,721.95,Processed
RET002291,ORD0091683,SKU007024,2025-02-09,looks different online,265.08,Processed
RET002292,ORD0004559,SKU000513,2025-12-10,cheap material,773.86,Processed
RET002293,ORD0012817,SKU000373,2026-07-13,defective piece,492.25,Processed
RET002294,ORD0056607,SKU007275,2025-07-17,item damaged,997.33,Processed
RET002295,ORD0079619,SKU003888,2025-06-20,poor quality,733.42,Rejected
RET002296,ORD0012336,SKU007206,2026-02-26,Size issue,113.9,Processed
RET002297,ORD0039206,SKU007534,2025-02-08,different sku received,524.49,Pending
RET002298,ORD0058363,SKU000903,2025-07-14,quality not as expected,691.0,Processed
RET002299,ORD0082717,SKU011832,2026-01-06,Not what I ordered,775.7,Processed
RET002300,ORD0040081,SKU004429,2025-10-30,different sku received,966.28,Processed
RET002301,ORD0085459,SKU011674,2025-01-31,cheap material,940.52,Processed
RET002302,ORD0017696,SKU005384,2025-06-11,item damaged,696.29,Processed
RET002303,ORD0077506,SKU000364,2025-04-27,quality not as expected,301.52,Rejected
RET002304,ORD0013169,SKU004819,2026-03-22,different sku received,815.29,Processed
RET002305,ORD0116480,SKU002507,2025-05-18,size chart misleading,698.95,Processed
RET002306,ORD0023963,SKU004589,2025-02-04,product was cracked,290.95,Processed
RET002307,ORD0105853,SKU000346,2025-10-13,wrong item sent,737.3,Processed
RET002308,ORD0000748,SKU001358,2026-03-09,didnt fit,173.87,Processed
RET002309,ORD0021338,SKU004425,2026-04-17,poor quality,595.04,Processed
RET002310,ORD0089593,SKU004781,2025-11-21,changed my mind,1855.89,Processed
RET002311,ORD0010290,SKU003703,2026-02-23,wrong colour delivered,461.12,Processed
RET002312,ORD0032484,SKU002806,2025-03-26,not durable,310.55,Processed
RET002313,ORD0048893,SKU006285,2026-05-21,arrived after event,1033.55,Processed
RET002314,ORD0044018,SKU010361,2025-03-09,packaging torn item broken,253.64,Processed
RET002315,ORD0112676,SKU004994,2026-07-03,not as described,381.71,Processed
RET002316,ORD0109604,SKU003273,2026-04-12,broken on arrival,1221.72,Rejected
RET002317,ORD0001118,SKU008274,2026-02-18,Doesn't fit properly,370.69,Processed
RET002318,ORD0001771,SKU004063,2026-01-24,no longer needed,469.06,Pending
RET002319,ORD0071008,SKU001879,2026-04-14,quality not as expected,340.82,Pending
RET002320,ORD0017366,SKU006784,2026-05-30,device faulty,984.6,Processed
RET002321,ORD0117575,SKU007253,2025-11-11,Quality issue,315.58,Processed
RET002322,ORD0070348,SKU007661,2026-05-22,wrong colour delivered,1111.77,Pending
RET002323,ORD0096739,SKU006791,2025-11-22,no longer needed,482.99,Pending
RET002324,ORD0092536,SKU006183,2026-04-16,SIZE PROBLEM,972.48,Processed
RET002325,ORD0033714,SKU002837,2026-06-28,stopped working after a day,1206.7,Processed
RET002326,ORD0085740,SKU010729,2025-07-26,wrong size ordered,1609.1,Pending
RET002327,ORD0053686,SKU001103,2025-05-15,didnt fit,376.46,Processed
RET002328,ORD0010542,SKU005920,2026-04-01,Not what I ordered,496.05,Processed
RET002329,ORD0071717,SKU002263,2026-02-12,battery dead,937.92,Processed
RET002330,ORD0016038,SKU000726,2025-12-11,no longer needed,579.68,Processed
RET002331,ORD0041947,SKU011198,2026-06-05,different sku received,569.96,Processed
RET002332,ORD0084182,SKU008853,2025-04-15,SIZE PROBLEM,881.89,Processed
RET002333,ORD0093099,SKU000618,2025-07-12,received different product,322.33,Processed
RET002334,ORD0028132,SKU002603,2025-08-21,wrong size ordered,821.49,Processed
RET002335,ORD0007471,SKU002559,2025-10-31,Damaged in transit,279.77,Processed
RET002336,ORD0027663,SKU012435,2025-11-13,size chart misleading,507.09,Pending
RET002337,ORD0017768,SKU012173,2025-02-12,broken on arrival,1645.53,Processed
RET002338,ORD0108239,SKU001022,2025-11-23,size chart misleading,920.32,Pending
RET002339,ORD0030464,SKU007249,2026-12-24,ordered by mistake,790.04,Processed
RET002340,ORD0009078,SKU007365,2025-07-04,too tight,2086.95,Rejected
RET002341,ORD0059883,SKU003140,2026-04-10,looks different online,493.95,Processed
RET002342,ORD0011839,SKU008445,2026-05-14,misleading description,1582.32,Processed
RET002343,ORD0075250,SKU008482,2025-11-30,Doesn't fit properly,301.03,Processed
RET002344,ORD0017554,SKU006550,2025-08-31,didnt fit,446.31,Processed
RET002345,ORD0050793,SKU003089,2026-03-24,arrived damaged!!,537.5,Processed
RET002346,ORD0026795,SKU004219,2025-04-27,Delayed delivery,155.99,Processed
RET002347,ORD0027211,SKU007572,2026-03-07,cheap material,2413.39,Processed
RET002348,ORD0091111,SKU012258,2026-06-16,arrived damaged!!,397.61,Processed
RET002349,ORD0056729,SKU003863,2026-11-13,quality not as expected,323.98,Processed
RET002350,ORD0108457,SKU002569,2026-05-24,cheap material,168.89,Pending
RET002351,ORD0084969,SKU011692,2025-12-06,ordered by mistake,514.99,Processed
RET002352,ORD0061523,SKU002237,2026-05-04,Size issue,849.17,Processed
RET002353,ORD0062890,SKU011673,2025-03-05,changed my mind,821.23,Processed
RET002354,ORD0107729,SKU008703,2026-04-16,arrived damaged!!,4845.21,Processed
RET002355,ORD0114327,SKU008772,2025-10-21,different from website photo,432.21,Processed
RET002356,ORD0099754,SKU011835,2026-03-07,wrong colour delivered,298.87,Processed
RET002357,ORD0078286,SKU009007,2026-06-28,size too small,271.08,Processed
RET002358,ORD0087751,SKU003498,2025-07-10,stopped working after a day,749.23,Pending
RET002359,ORD0048112,SKU009931,2026-02-13,wrong size ordered,350.06,Rejected
RET002360,ORD0108270,SKU003366,2025-12-15,product was cracked,971.02,Processed
RET002361,ORD0010000,SKU004723,2025-11-18,colour different from image,665.82,Processed
RET002362,ORD0069059,SKU012220,2026-03-11,Not what I ordered,549.35,Processed
RET002363,ORD0016359,SKU009157,2026-12-14,poor quality,2143.18,Processed
RET002364,ORD0071410,SKU011139,2026-03-12,device faulty,1380.28,Processed
RET002365,ORD0063574,SKU002854,2026-01-01,quality not as expected,1547.57,Processed
RET002366,ORD0001298,SKU005205,2025-05-21,Size issue,892.57,Processed
RET002367,ORD0069643,SKU009635,2026-05-09,looks different online,661.32,Processed
RET002368,ORD0001095,SKU011085,2025-12-02,battery dead,1073.22,Processed
RET002369,ORD0061168,SKU009338,2025-10-17,Size issue,247.23,Processed
RET002370,ORD0021482,SKU002068,2025-02-27,fabric quality bad,245.17,Processed
RET002371,ORD0022386,SKU004799,2026-02-18,Quality issue,779.39,Processed
RET002372,ORD0029130,SKU000875,2025-10-03,not durable,270.26,Processed
RET002373,ORD0081064,SKU002265,2025-12-13,arrived damaged!!,857.26,Processed
RET002374,ORD0015481,SKU006639,2025-11-15,different sku received,1494.01,Processed
RET002375,ORD0004559,SKU009478,2025-12-06,Doesn't fit properly,356.71,Processed
RET002376,ORD0071367,SKU008437,2025-10-07,arrived damaged!!,261.53,Pending
RET002377,ORD0047176,SKU006628,2025-11-21,poor quality,448.82,Processed
RET002378,ORD0054293,SKU000851,2026-12-22,SIZE PROBLEM,720.44,Processed
RET002379,ORD0093924,SKU010047,2025-07-16,Not what I ordered,826.9,Processed
RET002380,ORD0071316,SKU001455,2025-02-27,size too small,337.65,Processed
RET002381,ORD0035031,SKU002792,2025-12-12,didnt fit,405.49,Processed
RET002382,ORD0043170,SKU002558,2026-05-03,fabric quality bad,182.46,Processed
RET002383,ORD0103052,SKU005905,2026-05-05,size chart misleading,307.17,Processed
RET002384,ORD0001385,SKU007466,2026-12-03,wrong size ordered,365.71,Processed
RET002385,ORD0047254,SKU004691,2026-06-18,fabric quality bad,987.59,Processed
RET002386,ORD0076999,SKU007698,2025-10-22,product was cracked,731.15,Rejected
RET002387,ORD0003156,SKU008139,2025-07-17,product was cracked,1371.92,Processed
RET002388,ORD0115805,SKU007575,2026-11-15,product was cracked,530.3,Processed
RET002389,ORD0043917,SKU001215,2025-07-30,fabric quality bad,1375.24,Processed
RET002390,ORD0042345,SKU012001,2026-05-23,fabric quality bad,809.2,Processed
RET002391,ORD0002604,SKU000203,2026-07-12,too tight,782.71,Processed
RET002392,ORD0049903,SKU007310,2025-12-23,Not what I ordered,446.91,Processed
RET002393,ORD0025745,SKU006517,2026-04-10,quality not as expected,227.47,Processed
RET002394,ORD0104762,SKU006339,2025-08-30,colour different from image,301.57,Processed
RET002395,ORD0053077,SKU011617,2025-01-31,broken on arrival,904.92,Processed
RET002396,ORD0001816,SKU001549,2026-03-08,not durable,924.64,Processed
RET002397,ORD0072925,SKU005037,2025-07-23,too tight,2296.89,Processed
RET002398,ORD0073697,SKU007541,2025-12-09,quality not as expected,228.19,Processed
RET002399,ORD0003442,SKU011009,2026-02-09,SIZE PROBLEM,255.74,Processed
RET002400,ORD0037614,SKU004560,2025-11-10,late delivery no longer needed,2008.57,Processed
RET002401,ORD0007471,SKU010919,2025-10-18,size too small,176.23,Processed
RET002402,ORD0055129,SKU011393,2025-04-19,arrived after event,372.59,Processed
RET002403,ORD0111330,SKU003618,2025-07-13,misleading description,200.01,Pending
RET002404,ORD0092420,SKU010132,2025-10-23,SIZE PROBLEM,1454.4,Processed
RET002405,ORD0064028,SKU000202,2026-02-12,not durable,122.93,Processed
RET002406,ORD0084232,SKU003258,2026-03-16,Damaged in transit,554.66,Processed
RET002407,ORD0049313,SKU006726,2025-01-29,Doesn't fit properly,127.77,Processed
RET002408,ORD0102851,SKU003509,2026-05-12,cheap material,680.72,Processed
RET002409,ORD0097745,SKU000428,2025-04-24,packaging torn item broken,728.96,Processed
RET002410,ORD0000906,SKU012045,2025-12-09,didnt fit,1040.57,Processed
RET002411,ORD0047728,SKU010282,2026-05-20,arrived damaged!!,292.62,Pending
RET002412,ORD0030782,SKU002216,2026-06-28,received different product,1110.62,Processed
RET002413,ORD0101195,SKU009075,2025-05-05,battery dead,1463.98,Processed
RET002414,ORD0047636,SKU007246,2026-04-05,SIZE PROBLEM,933.82,Processed
RET002415,ORD0118176,SKU007519,2025-04-29,cheap material,1266.12,Processed
RET002416,ORD0079520,SKU002428,2025-10-15,Not what I ordered,711.43,Pending
RET002417,ORD0084452,SKU001865,2026-11-16,not working,608.66,Processed
RET002418,ORD0033722,SKU006065,2026-01-29,fabric quality bad,1165.03,Rejected
RET002419,ORD0005651,SKU010510,2025-10-07,Quality issue,289.33,Processed
RET002420,ORD0006463,SKU006247,2025-07-29,Not what I ordered,2434.57,Rejected
RET002421,ORD0009715,SKU008368,2025-02-06,different from website photo,579.16,Processed
RET002422,ORD0049551,SKU000203,2025-07-31,dont want it now,967.95,Processed
RET002423,ORD0088211,SKU006476,2026-02-12,misleading description,329.88,Processed
RET002424,ORD0115400,SKU006749,2025-01-27,Damaged in transit,797.34,Processed
RET002425,ORD0001043,SKU002492,2025-09-11,too tight,749.48,Pending
RET002426,ORD0095532,SKU004228,2025-08-29,no longer needed,573.23,Processed
RET002427,ORD0002226,SKU007650,2026-02-10,item damaged,109.67,Processed
RET002428,ORD0003929,SKU006559,2026-04-22,not working,255.42,Processed
RET002429,ORD0066747,SKU002788,2026-06-23,no longer needed,595.16,Processed
RET002430,ORD0035605,SKU009918,2025-04-28,Not what I ordered,796.1,Processed
RET002431,ORD0096453,SKU006961,2026-03-06,packaging torn item broken,1691.36,Processed
RET002432,ORD0100092,SKU007742,2026-06-02,misleading description,537.05,Processed
RET002433,ORD0092282,SKU006776,2025-05-14,Doesn't fit properly,483.96,Processed
RET002434,ORD0077590,SKU005950,2026-04-29,not as described,422.03,Processed
RET002435,ORD0035457,SKU006444,2025-03-22,item damaged,1451.04,Processed
RET002436,ORD0007652,SKU005859,2025-07-17,wrong colour delivered,1589.23,Processed
RET002437,ORD0007320,SKU010859,2025-08-30,wrong colour delivered,786.14,Processed
RET002438,ORD0018754,SKU005913,2025-11-05,size chart misleading,2325.66,Processed
RET002439,ORD0111020,SKU008844,2026-03-23,colour different from image,207.21,Processed
RET002440,ORD0073292,SKU001510,2025-06-25,Size issue,426.55,Processed
RET002441,ORD0033128,SKU007638,2026-03-18,late delivery no longer needed,727.09,Processed
RET002442,ORD0082217,SKU003465,2025-02-09,packaging torn item broken,406.17,Pending
RET002443,ORD0027510,SKU004422,2025-04-30,too tight,853.13,Processed
RET002444,ORD0099982,SKU003220,2025-04-05,misleading description,886.05,Processed
RET002445,ORD0002651,SKU007221,2025-04-01,poor quality,125.91,Processed
RET002446,ORD0019998,SKU002980,2025-08-30,size chart misleading,1119.45,Processed
RET002447,ORD0080472,SKU007454,2025-01-03,broken on arrival,667.14,Processed
RET002448,ORD0093887,SKU006495,2025-08-19,Size issue,447.76,Processed
RET002449,ORD0082713,SKU001479,2025-08-09,quality not as expected,382.06,Processed
RET002450,ORD0047461,SKU002029,2025-05-30,not as described,452.43,Processed
RET002451,ORD0015296,SKU007317,2025-02-17,found cheaper elsewhere,1245.84,Processed
RET002452,ORD0069899,SKU011324,2026-03-30,looks different online,2201.94,Processed
RET002453,ORD0021150,SKU007842,2025-02-28,cheap material,948.29,Processed
RET002454,ORD0066213,SKU003562,2026-03-18,broken on arrival,189.78,Processed
RET002455,ORD0076336,SKU007818,2026-12-25,item damaged,1012.74,Processed
RET002456,ORD0112795,SKU005336,2026-04-23,wrong colour delivered,259.89,Processed
RET002457,ORD0082921,SKU002301,2026-03-06,fabric quality bad,278.0,Processed
RET002458,ORD0089517,SKU006382,2026-05-10,found cheaper elsewhere,752.65,Processed
RET002459,ORD0072570,SKU006905,2026-02-27,received different product,389.87,Rejected
RET002460,ORD0012357,SKU006375,2025-06-16,size chart misleading,92.0,Processed
RET002461,ORD0090338,SKU002725,2025-03-28,wrong item sent,765.02,Processed
RET002462,ORD0028494,SKU006059,2025-09-14,dont want it now,1066.93,Processed
RET002463,ORD0047390,SKU001286,2026-03-12,Damaged in transit,399.37,Processed
RET002464,ORD0089772,SKU005139,2026-06-02,delivered too late,792.7,Processed
RET002465,ORD0085964,SKU011304,2025-12-17,not durable,1337.98,Processed
RET002466,ORD0087147,SKU012057,2025-11-30,too tight,254.25,Processed
RET002467,ORD0042821,SKU001622,2025-04-23,SIZE PROBLEM,188.13,Processed
RET002468,ORD0109036,SKU002270,2025-08-14,delivered too late,1162.43,Processed
RET002469,ORD0105897,SKU010131,2025-04-16,cheap material,1044.09,Processed
RET002470,ORD0045822,SKU004280,2026-05-27,Size issue,3756.43,Processed
RET002471,ORD0006804,SKU004015,2026-01-10,received different product,43.45,Processed
RET002472,ORD0035446,SKU006876,2026-03-18,colour different from image,1749.78,Processed
RET002473,ORD0040063,SKU001503,2025-04-18,too tight,459.72,Processed
RET002474,ORD0070599,SKU010793,2025-09-03,Doesn't fit properly,393.8,Processed
RET002475,ORD0089822,SKU002629,2026-06-30,Damaged in transit,1210.17,Processed
RET002476,ORD0106832,SKU005174,2026-01-07,size chart misleading,664.72,Pending
RET002477,ORD0040365,SKU003019,2025-10-25,dont want it now,795.56,Rejected
RET002478,ORD0106202,SKU007435,2025-09-13,stopped working after a day,406.03,Pending
RET002479,ORD0027569,SKU008113,2025-04-07,stopped working after a day,88.65,Rejected
RET002480,ORD0096473,SKU011345,2025-07-25,Quality issue,248.33,Processed
RET002481,ORD0075129,SKU003079,2025-07-23,SIZE PROBLEM,588.6,Processed
RET002482,ORD0105861,SKU001745,2025-06-25,received different product,1479.21,Processed
RET002483,ORD0058587,SKU007837,2026-04-03,Not what I ordered,233.93,Processed
RET002484,ORD0012702,SKU011490,2025-08-04,poor quality,170.53,Processed
RET002485,ORD0002863,SKU000825,2025-09-25,broken on arrival,256.25,Processed
RET002486,ORD0034121,SKU000638,2026-06-07,wrong item sent,1053.96,Processed
RET002487,ORD0060993,SKU011281,2026-10-11,didnt fit,554.58,Processed
RET002488,ORD0056304,SKU006526,2025-07-07,not working,2566.57,Processed
RET002489,ORD0101542,SKU001448,2025-12-24,device faulty,91.64,Processed
RET002490,ORD0090816,SKU000640,2026-04-06,packaging torn item broken,1873.55,Processed
RET002491,ORD0076860,SKU000317,2025-12-17,wrong size ordered,711.15,Processed
RET002492,ORD0034889,SKU008605,2025-10-01,looks different online,247.78,Processed
RET002493,ORD0090283,SKU002025,2025-08-24,received different product,676.26,Processed
RET002494,ORD0053967,SKU010629,2025-11-17,Delayed delivery,2005.46,Processed
RET002495,ORD0074018,SKU000145,2025-12-31,wrong size ordered,2885.94,Processed
RET002496,ORD0119318,SKU012396,2026-04-20,arrived after event,595.35,Processed
RET002497,ORD0064286,SKU006947,2026-02-15,fabric quality bad,477.85,Processed
RET002498,ORD0025330,SKU006956,2025-08-26,cheap material,992.31,Processed
RET002499,ORD0056216,SKU000079,2026-03-21,cheap material,423.21,Processed
RET002500,ORD0106165,SKU011690,2025-06-17,cheap material,323.41,Pending
RET002501,ORD0043013,SKU003688,2025-09-21,SIZE PROBLEM,436.04,Processed
RET002502,ORD0032370,SKU001724,2025-07-21,Not what I ordered,3008.04,Rejected
RET002503,ORD0080138,SKU010985,2025-11-05,packaging torn item broken,1227.93,Processed
RET002504,ORD0007889,SKU008978,2025-04-03,item damaged,1295.75,Rejected
RET002505,ORD0073777,SKU007600,2025-03-17,misleading description,659.36,Processed
RET002506,ORD0118192,SKU001325,2025-01-15,colour different from image,5282.77,Processed
RET002507,ORD0096930,SKU004925,2025-03-09,cheap material,586.47,Processed
RET002508,ORD0046017,SKU003477,2025-11-04,poor quality,218.35,Processed
RET002509,ORD0016042,SKU009154,2025-01-16,wrong size ordered,1021.43,Processed
RET002510,ORD0007783,SKU006551,2025-02-05,wrong item sent,300.19,Processed
RET002511,ORD0088108,SKU008776,2026-05-25,changed my mind,691.69,Processed
RET002512,ORD0073040,SKU007762,2026-04-18,not durable,649.62,Pending
RET002513,ORD0024375,SKU008772,2025-02-01,Doesn't fit properly,1532.61,Processed
RET002514,ORD0002895,SKU000556,2025-12-07,cheap material,210.93,Processed
RET002515,ORD0058157,SKU001976,2025-02-13,cheap material,850.74,Processed
RET002516,ORD0007783,SKU003069,2025-02-03,received different product,1608.97,Processed
RET002517,ORD0069083,SKU006637,2025-11-16,looks different online,738.26,Processed
RET002518,ORD0047653,SKU004646,2025-11-13,packaging torn item broken,213.27,Processed
RET002519,ORD0082370,SKU002289,2025-11-21,arrived damaged!!,465.98,Processed
RET002520,ORD0037381,SKU012136,2026-03-18,wrong item sent,271.18,Processed
RET002521,ORD0080236,SKU005221,2025-11-24,stopped working after a day,451.08,Processed
RET002522,ORD0103748,SKU008080,2026-04-11,colour different from image,490.61,Processed
RET002523,ORD0016227,SKU006517,2026-07-05,looks different online,455.81,Processed
RET002524,ORD0022739,SKU009287,2025-10-30,Doesn't fit properly,950.57,Processed
RET002525,ORD0083090,SKU011734,2025-10-15,Doesn't fit properly,1055.22,Processed
RET002526,ORD0036430,SKU002002,2025-04-18,Doesn't fit properly,487.17,Pending
RET002527,ORD0000472,SKU001678,2025-11-30,stopped working after a day,2613.73,Processed
RET002528,ORD0009385,SKU004000,2025-11-29,fabric quality bad,415.55,Processed
RET002529,ORD0068136,SKU006549,2026-03-16,stopped working after a day,1584.86,Processed
RET002530,ORD0066223,SKU006420,2026-11-20,packaging torn item broken,39.76,Processed
RET002531,ORD0039544,SKU011196,2026-12-26,broken on arrival,291.97,Processed
RET002532,ORD0011336,SKU008514,2025-12-02,defective piece,889.87,Pending
RET002533,ORD0025383,SKU007883,2025-03-09,quality not as expected,210.26,Processed
RET002534,ORD0094314,SKU010653,2025-12-23,SIZE PROBLEM,1202.32,Processed
RET002535,ORD0023713,SKU012081,2025-08-27,wrong item sent,1208.31,Pending
RET002536,ORD0076187,SKU009352,2026-02-24,Quality issue,1701.77,Processed
RET002537,ORD0041373,SKU000393,2026-06-09,Size issue,242.1,Processed
RET002538,ORD0092282,SKU001550,2025-05-23,product was cracked,941.34,Processed
RET002539,ORD0099987,SKU000167,2025-02-03,broken on arrival,1597.74,Processed
RET002540,ORD0022092,SKU001489,2025-07-26,ordered by mistake,407.52,Processed
RET002541,ORD0053228,SKU001011,2025-07-01,quality not as expected,74.96,Processed
RET002542,ORD0114210,SKU001675,2025-03-13,Size issue,1419.66,Processed
RET002543,ORD0070675,SKU012325,2026-07-14,item damaged,286.03,Processed
RET002544,ORD0072499,SKU012005,2025-06-07,changed my mind,425.47,Processed
RET002545,ORD0082669,SKU006930,2025-06-09,product was cracked,316.74,Processed
RET002546,ORD0032828,SKU005701,2026-02-03,not durable,198.75,Pending
RET002547,ORD0017869,SKU001364,2025-09-09,Quality issue,229.38,Processed
RET002548,ORD0107753,SKU000380,2025-11-06,Doesn't fit properly,5742.0,Processed
RET002549,ORD0068188,SKU003131,2026-02-22,SIZE PROBLEM,321.81,Processed
RET002550,ORD0061711,SKU000948,2026-06-23,product was cracked,640.54,Processed
RET002551,ORD0063204,SKU009604,2026-04-04,wrong colour delivered,262.35,Processed
RET002552,ORD0085355,SKU005682,2026-10-31,wrong size ordered,93.4,Pending
RET002553,ORD0010100,SKU000529,2026-03-30,wrong colour delivered,203.62,Processed
RET002554,ORD0066543,SKU011160,2026-01-08,different from website photo,134.54,Rejected
RET002555,ORD0054267,SKU001206,2026-07-04,wrong size ordered,704.82,Processed
RET002556,ORD0103694,SKU009857,2026-03-25,different from website photo,556.12,Processed
RET002557,ORD0065341,SKU005719,2025-07-05,wrong colour delivered,1740.47,Processed
RET002558,ORD0082798,SKU003989,2026-01-18,fabric quality bad,1709.02,Pending
RET002559,ORD0118707,SKU001543,2026-02-14,received different product,276.1,Processed
RET002560,ORD0109440,SKU001324,2025-05-15,dont want it now,847.17,Processed
RET002561,ORD0058587,SKU012143,2026-03-23,found cheaper elsewhere,601.33,Processed
RET002562,ORD0072759,SKU001764,2025-09-22,size too small,1300.81,Processed
RET002563,ORD0011244,SKU009654,2025-12-23,received different product,765.42,Processed
RET002564,ORD0005478,SKU000696,2026-01-19,battery dead,1165.28,Processed
RET002565,ORD0081749,SKU012086,2026-04-02,cheap material,1240.03,Pending
RET002566,ORD0083117,SKU011846,2026-02-17,Size issue,303.45,Processed
RET002567,ORD0067013,SKU005542,2025-05-05,Delayed delivery,902.93,Processed
RET002568,ORD0065894,SKU004708,2025-12-06,stopped working after a day,592.33,Processed
RET002569,ORD0053648,SKU003610,2025-11-25,SIZE PROBLEM,978.05,Processed
RET002570,ORD0065135,SKU009280,2025-06-25,ordered by mistake,330.7,Processed
RET002571,ORD0011829,SKU001408,2026-10-18,packaging torn item broken,923.73,Processed
RET002572,ORD0016710,SKU001254,2025-06-09,late delivery no longer needed,189.1,Pending
RET002573,ORD0075031,SKU011487,2026-10-15,size too small,835.4,Processed
RET002574,ORD0007994,SKU008734,2026-05-01,packaging torn item broken,594.97,Processed
RET002575,ORD0053562,SKU005694,2025-06-27,different from website photo,510.15,Processed
RET002576,ORD0116335,SKU005036,2025-05-31,misleading description,491.89,Processed
RET002577,ORD0033237,SKU009732,2025-07-17,looks different online,843.78,Processed
RET002578,ORD0092852,SKU000440,2025-06-22,SIZE PROBLEM,242.53,Processed
RET002579,ORD0068680,SKU004642,2025-01-19,Doesn't fit properly,178.89,Processed
RET002580,ORD0047190,SKU008049,2025-03-17,found cheaper elsewhere,348.46,Processed
RET002581,ORD0008497,SKU005591,2026-07-09,too tight,1102.31,Processed
RET002582,ORD0092372,SKU010346,2026-05-24,poor quality,69.34,Processed
RET002583,ORD0104717,SKU003859,2025-01-31,size chart misleading,1169.97,Processed
RET002584,ORD0109149,SKU001629,2026-03-14,product was cracked,689.05,Processed
RET002585,ORD0117506,SKU009919,2025-02-08,size too small,383.45,Processed
RET002586,ORD0084182,SKU012424,2025-04-27,ordered by mistake,239.21,Processed
RET002587,ORD0087732,SKU011115,2026-11-12,looks different online,1034.92,Processed
RET002588,ORD0055405,SKU001252,2025-02-05,size chart misleading,174.91,Processed
RET002589,ORD0064427,SKU011333,2026-03-14,too tight,541.69,Processed
RET002590,ORD0034670,SKU008199,2025-03-12,size too small,1363.27,Processed
RET002591,ORD0055540,SKU004175,2025-11-27,wrong item sent,687.4,Pending
RET002592,ORD0108053,SKU007564,2026-05-10,poor quality,2222.26,Processed
RET002593,ORD0111365,SKU003244,2026-03-20,didnt fit,940.15,Processed
RET002594,ORD0095446,SKU000097,2026-01-05,Size issue,896.57,Processed
RET002595,ORD0044484,SKU000796,2025-02-04,not durable,485.74,Pending
RET002596,ORD0075306,SKU001649,2026-06-17,didnt fit,379.65,Processed
RET002597,ORD0065267,SKU012282,2025-09-20,quality not as expected,249.74,Processed
RET002598,ORD0088024,SKU005046,2025-08-22,Quality issue,2132.48,Processed
RET002599,ORD0116071,SKU012440,2026-03-24,device faulty,616.62,Processed
RET002600,ORD0007871,SKU000880,2026-05-31,found cheaper elsewhere,1962.68,Processed
RET002601,ORD0108404,SKU011086,2025-02-26,product was cracked,657.62,Rejected
RET002602,ORD0065699,SKU006084,2026-05-13,broken on arrival,328.33,Processed
RET002603,ORD0100988,SKU008277,2025-09-04,not durable,746.34,Processed
RET002604,ORD0035028,SKU006556,2026-11-10,not durable,444.38,Processed
RET002605,ORD0087020,SKU003150,2025-12-23,size too small,259.98,Processed
RET002606,ORD0081961,SKU005439,2026-01-20,Delayed delivery,750.63,Processed
RET002607,ORD0043418,SKU002990,2026-01-01,not durable,467.37,Processed
RET002608,ORD0030718,SKU001161,2025-10-25,wrong colour delivered,507.73,Processed
RET002609,ORD0038178,SKU005002,2025-08-31,Doesn't fit properly,3977.38,Processed
RET002610,ORD0113679,SKU009158,2025-10-25,size chart misleading,735.85,Processed
RET002611,ORD0031636,SKU012002,2025-01-27,no longer needed,94.11,Processed
RET002612,ORD0023413,SKU010010,2025-02-05,SIZE PROBLEM,999.71,Processed
RET002613,ORD0026985,SKU004247,2026-02-22,item damaged,743.97,Rejected
RET002614,ORD0013097,SKU000118,2025-01-28,defective piece,1044.48,Processed
RET002615,ORD0116989,SKU009694,2026-03-06,packaging torn item broken,207.54,Processed
RET002616,ORD0072593,SKU011481,2025-06-03,different sku received,194.5,Processed
RET002617,ORD0067769,SKU012023,2025-09-07,stopped working after a day,998.33,Processed
RET002618,ORD0063723,SKU008127,2025-09-03,arrived damaged!!,532.07,Processed
RET002619,ORD0025383,SKU011043,2025-02-25,different sku received,1287.26,Processed
RET002620,ORD0103574,SKU003046,2026-03-13,found cheaper elsewhere,492.68,Processed
RET002621,ORD0042609,SKU007706,2025-12-28,size chart misleading,271.46,Processed
RET002622,ORD0046966,SKU009752,2025-06-25,misleading description,234.14,Processed
RET002623,ORD0086337,SKU011554,2025-09-27,wrong item sent,1292.03,Processed
RET002624,ORD0064716,SKU002197,2025-03-17,packaging torn item broken,1126.81,Processed
RET002625,ORD0097304,SKU000826,2026-05-04,arrived damaged!!,273.68,Processed
RET002626,ORD0063959,SKU004968,2025-05-24,SIZE PROBLEM,554.89,Processed
RET002627,ORD0022561,SKU004880,2025-07-01,received different product,1046.3,Processed
RET002628,ORD0100642,SKU007149,2025-11-06,not as described,203.24,Processed
RET002629,ORD0104999,SKU011870,2025-12-05,cheap material,498.92,Processed
RET002630,ORD0118217,SKU003457,2025-10-28,defective piece,1644.82,Processed
RET002631,ORD0105189,SKU005934,2026-02-27,Quality issue,526.95,Rejected
RET002632,ORD0099542,SKU004368,2026-02-12,ordered by mistake,1119.02,Processed
RET002633,ORD0063676,SKU011118,2026-01-14,Quality issue,480.79,Processed
RET002634,ORD0003643,SKU007414,2025-07-12,delivered too late,889.62,Processed
RET002635,ORD0050862,SKU005018,2026-11-06,size too small,491.65,Processed
RET002636,ORD0077333,SKU002909,2026-03-25,Quality issue,321.97,Processed
RET002637,ORD0083506,SKU008756,2025-04-17,SIZE PROBLEM,954.98,Processed
RET002638,ORD0003157,SKU000101,2026-03-01,ordered by mistake,259.51,Processed
RET002639,ORD0025494,SKU005687,2025-08-14,different from website photo,397.97,Processed
RET002640,ORD0024762,SKU011926,2026-06-26,not as described,890.01,Processed
RET002641,ORD0043726,SKU002665,2025-03-29,no longer needed,192.91,Processed
RET002642,ORD0106674,SKU012340,2026-06-21,late delivery no longer needed,473.84,Processed
RET002643,ORD0038505,SKU009795,2025-06-17,arrived damaged!!,1074.74,Processed
RET002644,ORD0049226,SKU003474,2026-03-09,arrived after event,460.94,Processed
RET002645,ORD0024770,SKU000879,2025-06-17,product was cracked,935.99,Processed
RET002646,ORD0110753,SKU011840,2025-04-24,battery dead,347.31,Processed
RET002647,ORD0009541,SKU012448,2026-06-12,product was cracked,1151.19,Processed
RET002648,ORD0042342,SKU009318,2026-11-06,not as described,769.9,Processed
RET002649,ORD0104627,SKU004860,2026-04-03,Doesn't fit properly,943.22,Processed
RET002650,ORD0052289,SKU008044,2026-06-02,Doesn't fit properly,1304.62,Pending
RET002651,ORD0102253,SKU007962,2025-04-25,dont want it now,1994.83,Processed
RET002652,ORD0022355,SKU006126,2025-04-22,arrived after event,1036.57,Processed
RET002653,ORD0067910,SKU009005,2025-11-29,quality not as expected,747.83,Processed
RET002654,ORD0099840,SKU000495,2025-02-21,Delayed delivery,963.45,Processed
RET002655,ORD0021442,SKU005946,2025-10-26,Not what I ordered,494.1,Processed
RET002656,ORD0067211,SKU002890,2025-09-27,product was cracked,826.27,Processed
RET002657,ORD0007014,SKU008131,2025-05-23,poor quality,231.05,Processed
RET002658,ORD0025055,SKU003278,2025-03-16,late delivery no longer needed,1043.26,Processed
RET002659,ORD0093940,SKU003804,2025-07-03,arrived damaged!!,416.57,Processed
RET002660,ORD0000670,SKU006379,2025-03-23,too tight,1557.13,Processed
RET002661,ORD0062463,SKU005851,2026-07-02,device faulty,1761.1,Processed
RET002662,ORD0017942,SKU006290,2025-04-27,looks different online,423.05,Processed
RET002663,ORD0046001,SKU009360,2025-05-21,packaging torn item broken,402.08,Processed
RET002664,ORD0101261,SKU007379,2026-04-26,SIZE PROBLEM,667.64,Processed
RET002665,ORD0021338,SKU007348,2026-04-27,arrived after event,344.47,Processed
RET002666,ORD0032447,SKU010952,2026-01-11,different from website photo,387.29,Pending
RET002667,ORD0119011,SKU002132,2026-03-13,Quality issue,144.81,Processed
RET002668,ORD0095436,SKU011649,2025-10-06,fabric quality bad,460.7,Processed
RET002669,ORD0117353,SKU010912,2026-05-04,Doesn't fit properly,178.74,Processed
RET002670,ORD0110462,SKU011480,2026-04-24,item damaged,159.89,Processed
RET002671,ORD0000973,SKU010057,2025-08-13,broken on arrival,951.59,Processed
RET002672,ORD0039903,SKU002008,2025-09-08,dont want it now,1017.8,Processed
RET002673,ORD0104435,SKU001270,2025-09-16,looks different online,707.47,Processed
RET002674,ORD0096372,SKU005247,2026-12-06,battery dead,153.7,Processed
RET002675,ORD0114590,SKU006205,2026-07-10,arrived damaged!!,2226.59,Pending
RET002676,ORD0035361,SKU000898,2026-03-11,different sku received,459.73,Processed
RET002677,ORD0034607,SKU007239,2025-10-13,arrived damaged!!,598.54,Processed
RET002678,ORD0004191,SKU010418,2026-11-17,too tight,822.66,Processed
RET002679,ORD0116768,SKU003936,2026-06-19,size too small,307.6,Processed
RET002680,ORD0030452,SKU003326,2025-04-11,colour different from image,186.56,Processed
RET002681,ORD0111693,SKU004916,2026-05-01,poor quality,1399.61,Processed
RET002682,ORD0017598,SKU009204,2025-11-05,arrived after event,696.42,Processed
RET002683,ORD0107271,SKU003155,2026-02-11,wrong size ordered,389.49,Processed
RET002684,ORD0043030,SKU001582,2025-08-16,too tight,316.66,Processed
RET002685,ORD0045537,SKU010069,2025-12-06,quality not as expected,391.75,Rejected
RET002686,ORD0090385,SKU009216,2025-12-21,Doesn't fit properly,1488.74,Processed
RET002687,ORD0035097,SKU001029,2026-05-31,wrong size ordered,524.15,Processed
RET002688,ORD0082720,SKU005345,2026-06-28,product was cracked,404.1,Processed
RET002689,ORD0105047,SKU003658,2025-05-23,Damaged in transit,2099.51,Rejected
RET002690,ORD0109490,SKU008116,2025-07-29,Doesn't fit properly,1207.2,Processed
RET002691,ORD0072029,SKU003349,2025-03-13,didnt fit,142.76,Processed
RET002692,ORD0035598,SKU001867,2025-04-19,arrived damaged!!,887.52,Processed
RET002693,ORD0056396,SKU002574,2025-10-27,late delivery no longer needed,162.56,Pending
RET002694,ORD0112773,SKU006102,2025-01-26,Delayed delivery,275.84,Processed
RET002695,ORD0072164,SKU000509,2026-10-25,arrived damaged!!,165.34,Processed
RET002696,ORD0076071,SKU008265,2026-03-10,Doesn't fit properly,377.3,Processed
RET002697,ORD0076260,SKU011701,2025-02-05,size too small,444.29,Processed
RET002698,ORD0032117,SKU007794,2025-01-13,cheap material,2574.71,Processed
RET002699,ORD0026080,SKU008300,2026-05-30,size too small,1285.95,Pending
RET002700,ORD0066195,SKU005621,2025-05-26,arrived damaged!!,669.26,Processed
RET002701,ORD0038728,SKU009499,2025-02-07,size chart misleading,139.83,Processed
RET002702,ORD0081839,SKU005302,2025-12-25,cheap material,297.04,Processed
RET002703,ORD0021092,SKU010908,2026-03-30,Delayed delivery,1698.9,Processed
RET002704,ORD0047861,SKU009300,2025-06-25,different sku received,696.64,Processed
RET002705,ORD0114975,SKU004134,2026-11-10,Damaged in transit,326.84,Processed
RET002706,ORD0094605,SKU009373,2025-07-18,Size issue,198.0,Processed
RET002707,ORD0007162,SKU010553,2026-11-19,fabric quality bad,823.88,Processed
RET002708,ORD0045234,SKU005310,2025-03-22,item damaged,768.65,Processed
RET002709,ORD0060394,SKU007790,2025-11-04,size too small,2095.53,Processed
RET002710,ORD0026505,SKU003172,2025-12-25,not working,117.78,Processed
RET002711,ORD0013885,SKU006652,2025-04-06,Doesn't fit properly,751.53,Processed
RET002712,ORD0002226,SKU009794,2026-02-12,Doesn't fit properly,822.79,Processed
RET002713,ORD0085846,SKU001950,2025-05-20,poor quality,258.11,Processed
RET002714,ORD0028239,SKU011231,2026-02-05,wrong colour delivered,1019.83,Processed
RET002715,ORD0077821,SKU000852,2025-12-03,wrong size ordered,879.53,Processed
RET002716,ORD0007599,SKU002875,2026-05-24,wrong size ordered,304.9,Processed
RET002717,ORD0060267,SKU011331,2026-03-11,looks different online,2068.61,Processed
RET002718,ORD0026622,SKU005123,2025-11-14,defective piece,374.09,Processed
RET002719,ORD0011816,SKU009958,2025-04-20,colour different from image,318.97,Processed
RET002720,ORD0115140,SKU009943,2025-11-12,different sku received,840.37,Processed
RET002721,ORD0078719,SKU009962,2025-12-01,Damaged in transit,770.4,Processed
RET002722,ORD0086140,SKU008884,2025-10-20,dont want it now,113.89,Processed
RET002723,ORD0016108,SKU008723,2026-01-28,quality not as expected,350.87,Processed
RET002724,ORD0060968,SKU002155,2025-08-22,different sku received,2715.34,Processed
RET002725,ORD0077260,SKU008884,2025-04-02,not working,2403.24,Processed
RET002726,ORD0020829,SKU004952,2026-05-29,item damaged,262.29,Pending
RET002727,ORD0039990,SKU010619,2025-10-25,product was cracked,196.1,Processed
RET002728,ORD0063068,SKU004331,2026-04-26,quality not as expected,273.21,Pending
RET002729,ORD0103551,SKU009209,2026-02-01,device faulty,1045.05,Pending
RET002730,ORD0090236,SKU000617,2025-05-22,ordered by mistake,607.89,Processed
RET002731,ORD0085833,SKU008005,2025-11-18,size too small,3238.88,Pending
RET002732,ORD0070891,SKU000008,2026-03-06,stopped working after a day,1947.99,Processed
RET002733,ORD0014823,SKU007961,2025-06-16,Not what I ordered,590.81,Processed
RET002734,ORD0027707,SKU005584,2025-09-27,product was cracked,320.04,Processed
RET002735,ORD0019149,SKU002031,2025-08-08,Delayed delivery,1123.05,Pending
RET002736,ORD0107754,SKU000733,2026-06-24,different sku received,136.42,Pending
RET002737,ORD0015084,SKU002421,2025-04-06,poor quality,303.19,Processed
RET002738,ORD0034580,SKU008242,2025-08-04,not durable,892.0,Processed
RET002739,ORD0016359,SKU007056,2026-12-05,not durable,855.23,Processed
RET002740,ORD0060503,SKU000207,2025-05-23,Delayed delivery,375.77,Processed
RET002741,ORD0002629,SKU008184,2026-01-21,ordered by mistake,1082.51,Processed
RET002742,ORD0093873,SKU008074,2025-06-20,Doesn't fit properly,215.01,Rejected
RET002743,ORD0114168,SKU005436,2025-09-28,item damaged,227.73,Processed
RET002744,ORD0017826,SKU008802,2025-02-08,wrong colour delivered,337.66,Processed
RET002745,ORD0119166,SKU004795,2025-02-17,defective piece,646.88,Processed
RET002746,ORD0064152,SKU003383,2026-01-16,too tight,1147.33,Processed
RET002747,ORD0068094,SKU006850,2026-03-30,arrived damaged!!,2788.62,Processed
RET002748,ORD0071098,SKU004290,2026-07-20,broken on arrival,333.54,Rejected
RET002749,ORD0040544,SKU004378,2025-09-14,found cheaper elsewhere,887.35,Processed
RET002750,ORD0101195,SKU010253,2025-05-10,size chart misleading,210.29,Processed
RET002751,ORD0109136,SKU011993,2025-06-01,wrong size ordered,921.85,Processed
RET002752,ORD0015113,SKU005839,2025-03-16,no longer needed,125.68,Pending
RET002753,ORD0113227,SKU003303,2026-11-24,SIZE PROBLEM,1378.89,Processed
RET002754,ORD0088040,SKU009386,2026-03-10,too tight,1278.99,Processed
RET002755,ORD0061122,SKU008692,2025-10-30,wrong colour delivered,795.41,Pending
RET002756,ORD0043917,SKU003932,2025-07-25,Doesn't fit properly,171.62,Processed
RET002757,ORD0027322,SKU008889,2025-12-05,Doesn't fit properly,410.32,Processed
RET002758,ORD0038582,SKU000713,2025-10-27,SIZE PROBLEM,560.74,Pending
RET002759,ORD0091571,SKU003115,2025-08-24,fabric quality bad,517.2,Pending
RET002760,ORD0077300,SKU008424,2025-11-29,size too small,1792.84,Processed
RET002761,ORD0079205,SKU009950,2026-06-18,SIZE PROBLEM,153.68,Processed
RET002762,ORD0036356,SKU004753,2026-05-14,found cheaper elsewhere,227.32,Processed
RET002763,ORD0095201,SKU003856,2026-03-09,not as described,330.47,Processed
RET002764,ORD0064686,SKU008896,2025-07-14,packaging torn item broken,92.79,Processed
RET002765,ORD0055874,SKU010737,2025-09-24,poor quality,811.75,Rejected
RET002766,ORD0070792,SKU003098,2025-11-03,fabric quality bad,265.3,Processed
RET002767,ORD0083540,SKU003730,2025-10-15,found cheaper elsewhere,401.6,Processed
RET002768,ORD0117473,SKU007826,2026-04-07,Delayed delivery,327.05,Processed
RET002769,ORD0067370,SKU001497,2026-11-03,different sku received,301.35,Pending
RET002770,ORD0038867,SKU010434,2025-12-19,Damaged in transit,1093.46,Processed
RET002771,ORD0048755,SKU011070,2026-03-02,fabric quality bad,3806.28,Processed
RET002772,ORD0102299,SKU000391,2025-08-11,Quality issue,1034.01,Processed
RET002773,ORD0087974,SKU010809,2026-12-10,SIZE PROBLEM,930.59,Processed
RET002774,ORD0116046,SKU007853,2025-11-06,no longer needed,562.64,Processed
RET002775,ORD0068458,SKU002841,2025-08-26,Damaged in transit,817.29,Processed
RET002776,ORD0006375,SKU008491,2026-11-06,not as described,100.7,Processed
RET002777,ORD0057202,SKU001625,2025-11-17,size too small,334.26,Processed
RET002778,ORD0067314,SKU002444,2025-08-20,poor quality,2023.88,Processed
RET002779,ORD0098528,SKU004285,2025-04-22,found cheaper elsewhere,1391.55,Processed
RET002780,ORD0035849,SKU002191,2025-03-20,not as described,1243.93,Processed
RET002781,ORD0077554,SKU001966,2026-01-01,looks different online,369.04,Processed
RET002782,ORD0085882,SKU006821,2026-12-09,packaging torn item broken,2164.86,Processed
RET002783,ORD0072540,SKU009553,2025-05-22,not working,906.28,Pending
RET002784,ORD0060633,SKU007211,2025-08-30,Doesn't fit properly,1113.73,Processed
RET002785,ORD0047696,SKU009421,2025-11-19,no longer needed,868.55,Processed
RET002786,ORD0003193,SKU004493,2025-03-23,Damaged in transit,230.07,Processed
RET002787,ORD0103551,SKU006717,2026-01-24,Quality issue,934.31,Processed
RET002788,ORD0027882,SKU004194,2025-10-04,found cheaper elsewhere,1246.0,Processed
RET002789,ORD0042173,SKU004222,2025-08-13,didnt fit,790.1,Processed
RET002790,ORD0080581,SKU009322,2025-04-20,size chart misleading,320.2,Processed
RET002791,ORD0104176,SKU003324,2025-05-05,wrong size ordered,1199.89,Processed
RET002792,ORD0084074,SKU009043,2026-02-05,changed my mind,367.39,Processed
RET002793,ORD0019266,SKU000560,2026-03-13,item damaged,1159.85,Processed
RET002794,ORD0059763,SKU001397,2025-05-04,different from website photo,264.41,Processed
RET002795,ORD0090434,SKU005268,2026-11-24,Damaged in transit,206.45,Processed
RET002796,ORD0027587,SKU004217,2025-11-25,found cheaper elsewhere,713.01,Processed
RET002797,ORD0016129,SKU012325,2026-02-01,arrived damaged!!,676.24,Rejected
RET002798,ORD0026636,SKU009377,2025-07-05,packaging torn item broken,282.0,Pending
RET002799,ORD0021229,SKU012015,2025-08-26,delivered too late,217.55,Processed
RET002800,ORD0047648,SKU001161,2026-11-09,broken on arrival,198.07,Processed
RET002801,ORD0077715,SKU008395,2026-01-05,Not what I ordered,645.97,Processed
RET002802,ORD0108277,SKU002560,2026-10-24,ordered by mistake,365.57,Pending
RET002803,ORD0011986,SKU001849,2026-04-02,not durable,873.18,Processed
RET002804,ORD0071998,SKU000082,2025-08-07,wrong item sent,1051.4,Pending
RET002805,ORD0029119,SKU010984,2025-11-01,cheap material,432.81,Processed
RET002806,ORD0049148,SKU011534,2025-12-20,different from website photo,624.32,Processed
RET002807,ORD0005087,SKU003074,2025-07-23,SIZE PROBLEM,87.03,Processed
RET002808,ORD0016313,SKU009225,2025-09-22,Damaged in transit,645.9,Processed
RET002809,ORD0059883,SKU007340,2026-04-27,not durable,1688.5,Processed
RET002810,ORD0045017,SKU012051,2025-06-29,not as described,218.56,Processed
RET002811,ORD0083404,SKU011539,2026-02-01,cheap material,927.73,Processed
RET002812,ORD0023402,SKU010603,2026-01-30,ordered by mistake,1552.1,Processed
RET002813,ORD0060027,SKU004459,2025-06-23,Not what I ordered,599.35,Pending
RET002814,ORD0028742,SKU007634,2026-06-07,Delayed delivery,266.72,Processed
RET002815,ORD0062259,SKU010351,2026-04-06,late delivery no longer needed,1807.39,Processed
RET002816,ORD0029166,SKU000938,2025-10-15,battery dead,368.63,Processed
RET002817,ORD0049649,SKU007581,2026-01-19,different from website photo,809.41,Processed
RET002818,ORD0064272,SKU002680,2026-06-23,broken on arrival,128.89,Processed
RET002819,ORD0017832,SKU010689,2025-04-27,dont want it now,321.05,Processed
RET002820,ORD0044526,SKU009356,2025-08-14,too tight,1793.28,Pending
RET002821,ORD0095992,SKU002701,2025-06-17,item damaged,475.27,Processed
RET002822,ORD0044315,SKU010072,2025-09-12,misleading description,1792.51,Processed
RET002823,ORD0079781,SKU003738,2026-05-23,Size issue,463.39,Pending
RET002824,ORD0106832,SKU006878,2026-01-05,late delivery no longer needed,286.43,Pending
RET002825,ORD0021616,SKU010117,2026-05-16,Doesn't fit properly,902.28,Processed
RET002826,ORD0072682,SKU011831,2025-08-25,wrong size ordered,335.86,Processed
RET002827,ORD0028741,SKU008528,2025-07-25,SIZE PROBLEM,535.75,Processed
RET002828,ORD0051568,SKU000351,2026-01-23,item damaged,866.3,Processed
RET002829,ORD0014636,SKU002933,2026-02-02,SIZE PROBLEM,2200.77,Processed
RET002830,ORD0113569,SKU005639,2025-02-17,size chart misleading,573.48,Processed
RET002831,ORD0048611,SKU004177,2026-02-20,wrong item sent,717.51,Processed
RET002832,ORD0068136,SKU010127,2026-03-22,Doesn't fit properly,590.32,Processed
RET002833,ORD0080433,SKU008174,2026-06-27,packaging torn item broken,44.36,Processed
RET002834,ORD0077595,SKU001406,2026-05-28,wrong item sent,801.22,Processed
RET002835,ORD0066581,SKU008123,2026-04-29,changed my mind,1233.67,Processed
RET002836,ORD0046891,SKU011562,2026-04-16,arrived damaged!!,1002.98,Processed
RET002837,ORD0027131,SKU007205,2025-07-31,Size issue,3368.49,Pending
RET002838,ORD0063827,SKU008785,2025-03-10,Size issue,287.61,Processed
RET002839,ORD0061896,SKU007486,2025-06-30,defective piece,682.91,Processed
RET002840,ORD0005149,SKU003936,2026-04-17,Not what I ordered,3464.32,Processed
RET002841,ORD0092921,SKU008842,2025-05-27,size too small,740.15,Processed
RET002842,ORD0074715,SKU002019,2025-06-28,size too small,491.51,Processed
RET002843,ORD0065064,SKU005417,2025-04-01,not as described,882.36,Processed
RET002844,ORD0085556,SKU003881,2025-05-14,arrived after event,739.31,Processed
RET002845,ORD0039264,SKU003473,2025-01-16,quality not as expected,394.85,Processed
RET002846,ORD0039270,SKU011765,2025-12-27,too tight,282.42,Processed
RET002847,ORD0001591,SKU010925,2025-03-07,found cheaper elsewhere,944.88,Processed
RET002848,ORD0096771,SKU010875,2025-10-30,not durable,108.58,Pending
RET002849,ORD0098419,SKU006981,2025-04-17,misleading description,764.31,Processed
RET002850,ORD0059542,SKU003332,2025-09-28,Delayed delivery,469.14,Processed
RET002851,ORD0064427,SKU002730,2026-02-27,Size issue,479.35,Processed
RET002852,ORD0079784,SKU012452,2026-07-01,fabric quality bad,1771.97,Processed
RET002853,ORD0078261,SKU003839,2025-04-12,product was cracked,238.46,Processed
RET002854,ORD0016688,SKU003189,2025-06-12,packaging torn item broken,1061.28,Processed
RET002855,ORD0027755,SKU007489,2026-02-12,too tight,182.72,Processed
RET002856,ORD0115728,SKU012246,2026-05-24,arrived damaged!!,594.43,Processed
RET002857,ORD0019310,SKU001258,2026-05-22,arrived after event,197.04,Processed
RET002858,ORD0082183,SKU006863,2026-03-02,received different product,836.28,Processed
RET002859,ORD0096597,SKU001502,2026-01-16,arrived damaged!!,177.08,Processed
RET002860,ORD0012879,SKU003561,2025-07-30,not working,293.75,Rejected
RET002861,ORD0068397,SKU004415,2026-03-08,misleading description,1634.11,Processed
RET002862,ORD0102253,SKU005533,2025-04-17,Damaged in transit,473.74,Processed
RET002863,ORD0017015,SKU008166,2025-05-23,Doesn't fit properly,793.78,Pending
RET002864,ORD0038897,SKU000093,2026-06-18,delivered too late,225.87,Processed
RET002865,ORD0065913,SKU003278,2025-06-17,broken on arrival,276.31,Processed
RET002866,ORD0089698,SKU007705,2026-02-24,arrived damaged!!,1264.4,Processed
RET002867,ORD0094254,SKU006813,2025-11-07,Delayed delivery,1067.5,Processed
RET002868,ORD0108013,SKU010480,2025-08-26,dont want it now,1041.85,Pending
RET002869,ORD0068938,SKU000817,2026-06-22,dont want it now,1191.71,Processed
RET002870,ORD0096592,SKU008556,2025-10-23,looks different online,436.93,Processed
RET002871,ORD0064803,SKU005989,2025-05-09,wrong colour delivered,441.33,Rejected
RET002872,ORD0037569,SKU006447,2025-12-28,different from website photo,332.98,Processed
RET002873,ORD0060993,SKU010087,2026-10-14,item damaged,282.72,Processed
RET002874,ORD0081828,SKU012251,2025-06-22,different sku received,635.04,Processed
RET002875,ORD0022101,SKU007543,2026-03-07,late delivery no longer needed,78.28,Pending
RET002876,ORD0117504,SKU008672,2025-12-27,Doesn't fit properly,1474.62,Processed
RET002877,ORD0080649,SKU004199,2025-11-24,delivered too late,624.82,Processed
RET002878,ORD0074984,SKU002369,2026-04-11,product was cracked,691.56,Processed
RET002879,ORD0088850,SKU004926,2025-05-31,didnt fit,451.17,Processed
RET002880,ORD0028008,SKU007969,2025-05-19,product was cracked,364.19,Processed
RET002881,ORD0021150,SKU005399,2025-02-19,didnt fit,413.68,Processed
RET002882,ORD0090433,SKU003522,2025-03-24,wrong colour delivered,296.39,Processed
RET002883,ORD0092427,SKU011255,2025-12-24,arrived after event,1578.06,Processed
RET002884,ORD0026566,SKU003978,2026-05-11,Quality issue,366.99,Processed
RET002885,ORD0077379,SKU001467,2025-07-30,wrong colour delivered,233.93,Processed
RET002886,ORD0078442,SKU008846,2025-02-16,didnt fit,253.48,Processed
RET002887,ORD0000748,SKU011679,2026-03-07,packaging torn item broken,77.26,Processed
RET002888,ORD0017366,SKU011313,2026-05-27,wrong colour delivered,1169.95,Processed
RET002889,ORD0097414,SKU003313,2025-08-12,not as described,1303.78,Processed
RET002890,ORD0037773,SKU007677,2026-06-15,didnt fit,595.09,Processed
RET002891,ORD0000577,SKU003483,2025-08-27,fabric quality bad,1310.79,Processed
RET002892,ORD0055874,SKU004969,2025-10-01,arrived damaged!!,325.64,Processed
RET002893,ORD0036282,SKU001076,2026-05-29,colour different from image,507.95,Rejected
RET002894,ORD0072572,SKU004285,2026-05-14,wrong size ordered,308.27,Processed
RET002895,ORD0001569,SKU004916,2025-06-16,received different product,361.15,Processed
RET002896,ORD0104200,SKU000239,2026-03-01,not working,379.54,Processed
RET002897,ORD0090083,SKU000768,2025-09-05,broken on arrival,805.95,Processed
RET002898,ORD0114979,SKU011679,2025-12-08,found cheaper elsewhere,252.61,Processed
RET002899,ORD0031864,SKU010126,2025-07-28,packaging torn item broken,1129.82,Processed
RET002900,ORD0095299,SKU011802,2026-04-01,broken on arrival,411.09,Processed
RET002901,ORD0097604,SKU000439,2026-10-23,battery dead,547.83,Processed
RET002902,ORD0081737,SKU006690,2026-01-12,wrong item sent,40.42,Processed
RET002903,ORD0103323,SKU009197,2026-07-27,received different product,641.09,Processed
RET002904,ORD0015606,SKU010012,2025-09-05,poor quality,2093.8,Processed
RET002905,ORD0050010,SKU006078,2025-12-15,dont want it now,421.98,Processed
RET002906,ORD0052110,SKU009195,2025-02-23,broken on arrival,708.28,Processed
RET002907,ORD0028831,SKU010796,2025-12-09,wrong size ordered,2436.46,Processed
RET002908,ORD0116506,SKU012399,2025-01-27,no longer needed,309.5,Processed
RET002909,ORD0068305,SKU012091,2025-07-03,different from website photo,520.25,Rejected
RET002910,ORD0115080,SKU004820,2025-03-18,wrong colour delivered,330.23,Processed
RET002911,ORD0116071,SKU001620,2026-03-27,Doesn't fit properly,176.28,Processed
RET002912,ORD0077479,SKU008027,2026-04-20,Doesn't fit properly,518.22,Processed
RET002913,ORD0052080,SKU007728,2025-11-21,dont want it now,1022.07,Processed
RET002914,ORD0079326,SKU004649,2025-05-17,product was cracked,707.53,Processed
RET002915,ORD0086337,SKU007490,2025-09-28,product was cracked,492.17,Processed
RET002916,ORD0087243,SKU006488,2026-06-21,SIZE PROBLEM,344.68,Processed
RET002917,ORD0079404,SKU007109,2026-10-13,Not what I ordered,1346.51,Processed
RET002918,ORD0003596,SKU007813,2025-04-08,defective piece,100.73,Processed
RET002919,ORD0076138,SKU007377,2025-11-04,fabric quality bad,257.02,Processed
RET002920,ORD0111551,SKU001895,2025-02-20,stopped working after a day,360.97,Processed
RET002921,ORD0087243,SKU002667,2026-06-20,wrong colour delivered,2555.29,Processed
RET002922,ORD0053228,SKU007341,2025-07-05,size chart misleading,258.51,Processed
RET002923,ORD0025542,SKU004512,2025-02-19,cheap material,633.65,Processed
RET002924,ORD0023636,SKU001999,2025-07-25,size chart misleading,790.68,Processed
RET002925,ORD0116793,SKU012494,2025-09-05,different sku received,3358.99,Processed
RET002926,ORD0030256,SKU004067,2026-04-05,changed my mind,350.91,Processed
RET002927,ORD0113546,SKU011619,2026-03-06,size too small,446.37,Processed
RET002928,ORD0007707,SKU008289,2026-03-17,different sku received,481.88,Processed
RET002929,ORD0104026,SKU007505,2026-01-25,SIZE PROBLEM,567.58,Processed
RET002930,ORD0074533,SKU005532,2025-02-06,Size issue,1409.05,Processed
RET002931,ORD0072556,SKU008117,2025-11-16,Quality issue,968.64,Processed
RET002932,ORD0071092,SKU007249,2026-03-15,wrong colour delivered,257.81,Processed
RET002933,ORD0076276,SKU004437,2025-11-10,Not what I ordered,532.0,Processed
RET002934,ORD0107360,SKU001589,2025-08-21,SIZE PROBLEM,1158.51,Pending
RET002935,ORD0082775,SKU010157,2026-07-24,ordered by mistake,159.87,Pending
RET002936,ORD0039805,SKU004394,2026-06-13,arrived damaged!!,743.17,Processed
RET002937,ORD0035343,SKU000401,2026-03-03,size too small,1113.64,Processed
RET002938,ORD0041464,SKU007242,2026-06-06,found cheaper elsewhere,313.48,Processed
RET002939,ORD0066976,SKU005055,2026-07-06,different sku received,834.51,Processed
RET002940,ORD0044852,SKU004143,2026-04-30,late delivery no longer needed,477.5,Processed
RET002941,ORD0096453,SKU010558,2026-03-09,wrong size ordered,748.97,Processed
RET002942,ORD0016753,SKU011407,2026-12-18,broken on arrival,949.01,Processed
RET002943,ORD0076905,SKU002357,2025-04-12,defective piece,528.02,Processed
RET002944,ORD0034825,SKU003829,2025-08-13,product was cracked,315.59,Processed
RET002945,ORD0007081,SKU006490,2025-11-19,size too small,326.51,Processed
RET002946,ORD0040121,SKU006907,2025-04-16,quality not as expected,421.09,Processed
RET002947,ORD0112195,SKU005185,2025-01-25,item damaged,428.37,Processed
RET002948,ORD0013112,SKU006529,2025-08-20,arrived after event,935.01,Processed
RET002949,ORD0116068,SKU003877,2025-05-07,Not what I ordered,954.4,Processed
RET002950,ORD0076742,SKU000423,2026-03-25,product was cracked,999.58,Processed
RET002951,ORD0112877,SKU002330,2025-07-17,not as described,1439.72,Processed
RET002952,ORD0108651,SKU007294,2025-07-24,didnt fit,294.53,Processed
RET002953,ORD0094605,SKU004960,2025-07-22,item damaged,1757.37,Processed
RET002954,ORD0044960,SKU008868,2026-10-21,arrived after event,1225.33,Pending
RET002955,ORD0114561,SKU010305,2026-02-19,fabric quality bad,1511.08,Processed
RET002956,ORD0024264,SKU000025,2025-09-21,product was cracked,676.76,Processed
RET002957,ORD0085088,SKU002126,2025-04-02,not durable,2972.89,Processed
RET002958,ORD0045022,SKU009217,2026-04-18,not as described,240.03,Processed
RET002959,ORD0038227,SKU011591,2025-11-30,packaging torn item broken,463.87,Processed
RET002960,ORD0028239,SKU009421,2026-01-18,battery dead,700.84,Processed
RET002961,ORD0050139,SKU011532,2025-11-16,Doesn't fit properly,221.69,Processed
RET002962,ORD0088024,SKU001965,2025-08-22,quality not as expected,480.13,Processed
RET002963,ORD0018314,SKU002546,2025-08-03,fabric quality bad,588.83,Processed
RET002964,ORD0038364,SKU008310,2026-04-04,Not what I ordered,341.96,Processed
RET002965,ORD0084112,SKU003985,2026-02-14,product was cracked,1012.95,Processed
RET002966,ORD0052709,SKU008199,2025-10-10,Quality issue,827.99,Processed
RET002967,ORD0099361,SKU001721,2026-06-26,fabric quality bad,1941.3,Processed
RET002968,ORD0051472,SKU000014,2025-12-07,size too small,392.36,Processed
RET002969,ORD0109846,SKU012247,2026-07-04,Damaged in transit,2457.12,Processed
RET002970,ORD0081363,SKU002810,2025-07-27,no longer needed,430.6,Processed
RET002971,ORD0067134,SKU007333,2026-06-23,late delivery no longer needed,458.21,Processed
RET002972,ORD0073006,SKU008190,2025-03-03,misleading description,490.63,Rejected
RET002973,ORD0091571,SKU009254,2025-08-25,not durable,48.22,Processed
RET002974,ORD0058653,SKU004510,2025-06-22,changed my mind,480.22,Rejected
RET002975,ORD0015313,SKU009792,2025-06-24,Damaged in transit,1203.34,Processed
RET002976,ORD0044245,SKU009014,2025-09-07,wrong colour delivered,1850.12,Processed
RET002977,ORD0020305,SKU009271,2026-02-13,device faulty,428.73,Processed
RET002978,ORD0087770,SKU012355,2026-01-24,dont want it now,527.66,Processed
RET002979,ORD0057993,SKU012276,2026-11-15,arrived after event,941.37,Processed
RET002980,ORD0050913,SKU009377,2026-03-20,ordered by mistake,390.58,Processed
RET002981,ORD0008479,SKU005927,2026-03-21,Damaged in transit,1462.27,Processed
RET002982,ORD0018610,SKU006862,2026-07-06,colour different from image,1365.0,Processed
RET002983,ORD0106022,SKU004963,2025-05-16,looks different online,799.71,Processed
RET002984,ORD0006258,SKU010024,2025-05-05,quality not as expected,932.68,Processed
RET002985,ORD0021398,SKU000500,2026-07-01,looks different online,1280.38,Processed
RET002986,ORD0091684,SKU011840,2026-11-12,no longer needed,680.92,Pending
RET002987,ORD0076860,SKU009340,2026-01-06,received different product,1410.45,Processed
RET002988,ORD0048997,SKU001990,2026-04-11,wrong colour delivered,3483.7,Processed
RET002989,ORD0024770,SKU006197,2025-06-24,Delayed delivery,818.39,Processed
RET002990,ORD0087777,SKU003645,2025-06-22,Quality issue,2856.8,Pending
RET002991,ORD0039049,SKU002871,2026-06-04,SIZE PROBLEM,1185.14,Processed
RET002992,ORD0078256,SKU008044,2025-05-01,SIZE PROBLEM,511.35,Processed
RET002993,ORD0104269,SKU000885,2026-01-19,Size issue,503.46,Processed
RET002994,ORD0008046,SKU010628,2025-05-09,looks different online,486.98,Processed
RET002995,ORD0113227,SKU007507,2026-12-21,found cheaper elsewhere,299.36,Pending
RET002996,ORD0017538,SKU008692,2025-06-19,poor quality,1551.02,Processed
RET002997,ORD0065835,SKU004039,2025-12-29,arrived damaged!!,3278.6,Processed
RET002998,ORD0090311,SKU012267,2025-09-21,different sku received,110.31,Processed
RET002999,ORD0047461,SKU001956,2025-05-23,device faulty,524.93,Processed
RET003000,ORD0102186,SKU005207,2025-09-29,item damaged,787.64,Processed
RET003001,ORD0080472,SKU010699,2025-01-10,broken on arrival,598.94,Processed
RET003002,ORD0105366,SKU010889,2026-07-03,found cheaper elsewhere,1197.86,Processed
RET003003,ORD0040133,SKU008448,2025-04-04,didnt fit,487.58,Processed
RET003004,ORD0028607,SKU009010,2026-05-11,item damaged,487.2,Processed
RET003005,ORD0111306,SKU000398,2026-05-02,wrong item sent,210.66,Processed
RET003006,ORD0011629,SKU000797,2025-05-03,arrived after event,504.98,Processed
RET003007,ORD0007707,SKU001183,2026-03-04,fabric quality bad,1840.47,Processed
RET003008,ORD0068289,SKU008326,2025-02-08,changed my mind,266.49,Processed
RET003009,ORD0085084,SKU009565,2025-01-30,different sku received,480.69,Processed
RET003010,ORD0092904,SKU010770,2025-08-10,wrong colour delivered,188.58,Processed
RET003011,ORD0058363,SKU003110,2025-07-09,SIZE PROBLEM,2255.5,Processed
RET003012,ORD0116818,SKU009384,2025-06-26,different from website photo,192.8,Processed
RET003013,ORD0009850,SKU010448,2026-02-27,didnt fit,238.03,Processed
RET003014,ORD0053278,SKU005452,2025-12-24,size too small,935.46,Processed
RET003015,ORD0015318,SKU001539,2025-03-31,product was cracked,116.51,Processed
RET003016,ORD0087922,SKU009435,2025-03-18,wrong colour delivered,367.21,Processed
RET003017,ORD0110082,SKU008398,2026-01-20,Not what I ordered,543.16,Processed
RET003018,ORD0051072,SKU012179,2025-03-20,too tight,463.37,Processed
RET003019,ORD0067316,SKU002319,2025-03-18,delivered too late,366.79,Processed
RET003020,ORD0108492,SKU009650,2025-04-07,wrong size ordered,489.64,Processed
RET003021,ORD0087570,SKU000649,2026-06-14,wrong size ordered,481.92,Processed
RET003022,ORD0105804,SKU001722,2025-11-20,too tight,267.77,Processed
RET003023,ORD0083271,SKU006344,2026-06-01,size chart misleading,634.34,Processed
RET003024,ORD0041066,SKU004467,2026-11-06,product was cracked,401.68,Rejected
RET003025,ORD0015192,SKU001814,2025-02-09,Quality issue,364.98,Processed
RET003026,ORD0042830,SKU000896,2026-05-05,product was cracked,376.32,Processed
RET003027,ORD0056472,SKU008165,2026-02-16,Damaged in transit,384.43,Processed
RET003028,ORD0100021,SKU008182,2026-06-04,misleading description,1662.54,Processed
RET003029,ORD0074395,SKU004122,2025-10-13,size too small,1293.11,Processed
RET003030,ORD0119540,SKU005963,2026-03-06,delivered too late,154.44,Processed
RET003031,ORD0037691,SKU005486,2026-11-30,Size issue,760.86,Processed
RET003032,ORD0031863,SKU004496,2025-09-19,wrong colour delivered,392.24,Processed
RET003033,ORD0106393,SKU011478,2025-03-06,dont want it now,1229.98,Processed
RET003034,ORD0064709,SKU011364,2025-05-07,ordered by mistake,926.86,Processed
RET003035,ORD0061548,SKU007648,2025-10-29,late delivery no longer needed,1045.71,Processed
RET003036,ORD0084498,SKU007575,2026-03-16,Not what I ordered,1435.87,Processed
RET003037,ORD0009582,SKU010564,2025-06-07,didnt fit,449.28,Processed
RET003038,ORD0049313,SKU010096,2025-01-04,packaging torn item broken,1115.07,Pending
RET003039,ORD0094104,SKU001833,2025-05-04,didnt fit,778.44,Processed
RET003040,ORD0047413,SKU006680,2025-11-10,item damaged,458.08,Processed
RET003041,ORD0038526,SKU009645,2026-03-02,too tight,1019.22,Processed
RET003042,ORD0085964,SKU003487,2025-12-12,packaging torn item broken,667.08,Processed
RET003043,ORD0052656,SKU004617,2025-08-08,not as described,682.65,Pending
RET003044,ORD0037242,SKU008638,2026-02-26,misleading description,421.92,Processed
RET003045,ORD0047606,SKU011842,2025-07-20,looks different online,928.36,Processed
RET003046,ORD0022841,SKU011419,2025-03-03,SIZE PROBLEM,1628.27,Processed
RET003047,ORD0068906,SKU011497,2025-10-23,cheap material,1177.6,Pending
RET003048,ORD0093931,SKU001085,2025-09-16,misleading description,1107.76,Processed
RET003049,ORD0097438,SKU002352,2025-06-06,Size issue,526.32,Rejected
RET003050,ORD0101012,SKU006552,2025-05-12,fabric quality bad,502.27,Processed
RET003051,ORD0065014,SKU008382,2025-03-14,product was cracked,531.01,Processed
RET003052,ORD0046671,SKU010676,2026-10-20,size chart misleading,88.01,Processed
RET003053,ORD0064461,SKU000800,2026-01-13,SIZE PROBLEM,259.5,Processed
RET003054,ORD0054351,SKU006883,2026-05-22,received different product,717.57,Processed
RET003055,ORD0068535,SKU008255,2026-02-25,cheap material,397.09,Processed
RET003056,ORD0085307,SKU002527,2026-05-23,Size issue,442.19,Processed
RET003057,ORD0083169,SKU006829,2025-07-14,Size issue,359.69,Processed
RET003058,ORD0006848,SKU011226,2026-04-17,Size issue,1488.46,Processed
RET003059,ORD0044782,SKU000302,2025-10-24,dont want it now,792.62,Processed
RET003060,ORD0065014,SKU003035,2025-03-11,device faulty,594.31,Processed
RET003061,ORD0111365,SKU007538,2026-03-23,wrong colour delivered,640.99,Processed
RET003062,ORD0111902,SKU006527,2025-10-12,wrong size ordered,1630.78,Processed
RET003063,ORD0102851,SKU003607,2026-04-30,Doesn't fit properly,360.62,Processed
RET003064,ORD0019639,SKU008623,2026-03-07,not as described,792.46,Processed
RET003065,ORD0032776,SKU009553,2026-04-25,Not what I ordered,202.28,Processed
RET003066,ORD0009301,SKU006428,2025-08-23,Delayed delivery,742.97,Processed
RET003067,ORD0017094,SKU004655,2025-02-11,received different product,269.98,Processed
RET003068,ORD0074069,SKU005037,2025-01-22,Quality issue,258.16,Processed
RET003069,ORD0044018,SKU009065,2025-03-07,dont want it now,2726.72,Processed
RET003070,ORD0077545,SKU010124,2025-04-07,fabric quality bad,321.18,Processed
RET003071,ORD0113227,SKU004363,2026-12-21,misleading description,318.6,Processed
RET003072,ORD0102846,SKU012224,2025-06-05,different from website photo,437.53,Processed
RET003073,ORD0070804,SKU010708,2026-05-24,ordered by mistake,473.86,Processed
RET003074,ORD0104764,SKU010465,2026-11-21,dont want it now,506.45,Processed
RET003075,ORD0032461,SKU004362,2026-10-21,didnt fit,271.77,Processed
RET003076,ORD0007306,SKU009035,2025-03-06,Not what I ordered,316.82,Pending
RET003077,ORD0080109,SKU004542,2026-03-06,battery dead,767.55,Processed
RET003078,ORD0055178,SKU002159,2025-03-18,Delayed delivery,396.64,Processed
RET003079,ORD0065181,SKU010983,2025-09-20,size too small,629.37,Processed
RET003080,ORD0094263,SKU009132,2025-05-08,arrived damaged!!,289.83,Processed
RET003081,ORD0015557,SKU003571,2025-05-19,Not what I ordered,361.64,Processed
RET003082,ORD0052706,SKU003422,2025-08-17,packaging torn item broken,273.98,Processed
RET003083,ORD0000229,SKU006913,2026-01-02,ordered by mistake,3064.5,Processed
RET003084,ORD0003829,SKU003997,2025-10-28,size chart misleading,1077.43,Processed
RET003085,ORD0109317,SKU007266,2026-06-30,Size issue,235.63,Processed
RET003086,ORD0086380,SKU007695,2025-07-25,stopped working after a day,249.89,Processed
RET003087,ORD0004012,SKU006191,2025-03-21,didnt fit,262.92,Processed
RET003088,ORD0071959,SKU011427,2025-10-19,didnt fit,422.55,Processed
RET003089,ORD0115522,SKU004296,2025-09-19,not working,332.14,Processed
RET003090,ORD0021376,SKU000301,2026-12-09,didnt fit,186.79,Processed
RET003091,ORD0036662,SKU010039,2025-07-11,didnt fit,824.87,Processed
RET003092,ORD0110837,SKU004580,2025-06-02,wrong item sent,263.07,Processed
RET003093,ORD0021530,SKU005948,2025-04-08,late delivery no longer needed,1304.56,Processed
RET003094,ORD0070792,SKU001617,2025-11-03,dont want it now,871.44,Pending
RET003095,ORD0011175,SKU006942,2025-05-09,not as described,635.81,Processed
RET003096,ORD0077465,SKU006003,2025-11-30,ordered by mistake,1119.42,Processed
RET003097,ORD0099806,SKU001915,2026-01-03,didnt fit,702.34,Processed
RET003098,ORD0018217,SKU003411,2025-03-04,wrong size ordered,397.44,Pending
RET003099,ORD0006375,SKU001473,2026-11-09,product was cracked,1418.27,Processed
RET003100,ORD0018457,SKU008081,2025-12-26,packaging torn item broken,774.88,Processed
RET003101,ORD0107903,SKU006369,2026-02-24,Delayed delivery,886.09,Processed
RET003102,ORD0090896,SKU010879,2025-10-02,looks different online,455.08,Processed
RET003103,ORD0067515,SKU006696,2026-06-09,broken on arrival,864.39,Processed
RET003104,ORD0105853,SKU004051,2025-10-14,broken on arrival,404.93,Processed
RET003105,ORD0029643,SKU009088,2026-06-11,wrong size ordered,439.38,Processed
RET003106,ORD0110862,SKU009497,2026-12-13,arrived after event,654.94,Pending
RET003107,ORD0060722,SKU002458,2026-02-10,Damaged in transit,202.17,Processed
RET003108,ORD0083452,SKU012445,2025-12-03,defective piece,399.22,Processed
RET003109,ORD0056873,SKU006708,2026-12-03,Delayed delivery,653.0,Processed
RET003110,ORD0088818,SKU004578,2025-02-02,size too small,880.53,Pending
RET003111,ORD0026921,SKU004178,2026-04-16,changed my mind,641.89,Processed
RET003112,ORD0053420,SKU007242,2026-04-16,fabric quality bad,1926.64,Processed
RET003113,ORD0028849,SKU011936,2025-07-04,arrived damaged!!,964.07,Processed
RET003114,ORD0032998,SKU008500,2025-02-01,different sku received,369.93,Processed
RET003115,ORD0086624,SKU000164,2025-11-14,packaging torn item broken,516.52,Processed
RET003116,ORD0060159,SKU007731,2025-07-04,looks different online,268.44,Processed
RET003117,ORD0020305,SKU000952,2026-02-23,product was cracked,292.96,Processed
RET003118,ORD0034599,SKU006242,2026-05-06,Size issue,563.69,Processed
RET003119,ORD0027671,SKU005934,2025-12-25,arrived damaged!!,482.82,Processed
RET003120,ORD0058530,SKU010303,2025-07-13,different sku received,355.45,Processed
RET003121,ORD0097193,SKU004100,2026-03-30,product was cracked,874.82,Processed
RET003122,ORD0012088,SKU007875,2025-01-10,wrong colour delivered,118.09,Processed
RET003123,ORD0102648,SKU002196,2025-04-19,SIZE PROBLEM,162.74,Processed
RET003124,ORD0025095,SKU011630,2025-04-19,didnt fit,534.32,Processed
RET003125,ORD0004574,SKU000776,2025-07-06,not as described,586.62,Rejected
RET003126,ORD0050026,SKU001168,2026-11-24,delivered too late,1585.09,Pending
RET003127,ORD0024311,SKU008435,2026-05-05,Damaged in transit,609.27,Processed
RET003128,ORD0066364,SKU008797,2026-06-29,Damaged in transit,870.26,Processed
RET003129,ORD0092769,SKU001399,2025-06-25,item damaged,332.36,Processed
RET003130,ORD0091243,SKU005018,2025-10-24,Size issue,221.24,Processed
RET003131,ORD0045017,SKU006925,2025-07-03,size too small,431.45,Processed
RET003132,ORD0113867,SKU005818,2025-05-10,packaging torn item broken,1444.81,Pending
RET003133,ORD0019034,SKU003467,2025-08-15,product was cracked,889.15,Processed
RET003134,ORD0101578,SKU007086,2025-07-02,dont want it now,310.33,Rejected
RET003135,ORD0019491,SKU001123,2026-03-29,Doesn't fit properly,1434.97,Processed
RET003136,ORD0105275,SKU011639,2025-11-13,quality not as expected,834.6,Processed
RET003137,ORD0104630,SKU010970,2025-05-27,battery dead,460.28,Processed
RET003138,ORD0043862,SKU009026,2026-06-08,fabric quality bad,471.7,Processed
RET003139,ORD0013005,SKU010290,2025-07-23,poor quality,113.01,Pending
RET003140,ORD0118893,SKU010160,2026-06-06,too tight,297.49,Processed
RET003141,ORD0056237,SKU001350,2026-06-20,Quality issue,284.79,Pending
RET003142,ORD0010176,SKU004692,2025-08-03,different sku received,600.72,Processed
RET003143,ORD0011228,SKU002327,2025-11-04,not as described,415.82,Processed
RET003144,ORD0057381,SKU003397,2026-05-12,received different product,188.21,Processed
RET003145,ORD0013340,SKU008600,2025-02-14,SIZE PROBLEM,1133.38,Processed
RET003146,ORD0106832,SKU009268,2026-01-06,Damaged in transit,1353.83,Processed
RET003147,ORD0109587,SKU010735,2025-10-16,quality not as expected,1254.94,Processed
RET003148,ORD0006137,SKU011743,2025-09-20,size too small,350.58,Processed
RET003149,ORD0119835,SKU010465,2025-10-27,different from website photo,485.65,Pending
RET003150,ORD0104764,SKU004411,2026-11-22,item damaged,440.24,Processed
RET003151,ORD0083035,SKU001890,2025-10-20,size chart misleading,281.15,Processed
RET003152,ORD0010390,SKU005423,2026-11-20,product was cracked,1397.92,Pending
RET003153,ORD0006773,SKU001091,2025-11-06,Doesn't fit properly,197.26,Pending
RET003154,ORD0059451,SKU004145,2026-02-22,Quality issue,1123.04,Processed
RET003155,ORD0031092,SKU001813,2025-03-24,misleading description,457.21,Processed
RET003156,ORD0013357,SKU007688,2026-01-25,wrong size ordered,705.08,Processed
RET003157,ORD0076937,SKU003030,2025-12-22,broken on arrival,1211.93,Processed
RET003158,ORD0082798,SKU005778,2026-01-26,Size issue,185.83,Processed
RET003159,ORD0076510,SKU002200,2025-09-01,different sku received,1410.59,Processed
RET003160,ORD0031438,SKU009958,2025-07-08,fabric quality bad,1578.5,Processed
RET003161,ORD0032198,SKU006374,2025-10-05,product was cracked,1045.76,Processed
RET003162,ORD0089024,SKU007502,2026-06-14,not durable,303.41,Pending
RET003163,ORD0009363,SKU007145,2025-11-03,quality not as expected,1022.11,Processed
RET003164,ORD0085933,SKU003245,2025-12-03,misleading description,622.0,Processed
RET003165,ORD0056277,SKU000764,2025-12-17,product was cracked,849.56,Processed
RET003166,ORD0096323,SKU011510,2026-05-06,wrong item sent,1260.99,Processed
RET003167,ORD0110712,SKU010645,2025-10-06,size chart misleading,494.25,Processed
RET003168,ORD0045135,SKU005692,2025-07-23,fabric quality bad,597.07,Processed
RET003169,ORD0032796,SKU007733,2025-11-29,item damaged,512.36,Processed
RET003170,ORD0094922,SKU001165,2026-01-15,Doesn't fit properly,677.0,Processed
RET003171,ORD0078117,SKU011100,2025-06-30,poor quality,1477.18,Processed
RET003172,ORD0044358,SKU001705,2026-03-23,Delayed delivery,1293.64,Pending
RET003173,ORD0095207,SKU004682,2026-04-12,SIZE PROBLEM,424.5,Processed
RET003174,ORD0033191,SKU010358,2026-01-15,no longer needed,778.41,Processed
RET003175,ORD0022355,SKU001211,2025-04-16,arrived damaged!!,1106.99,Processed
RET003176,ORD0006328,SKU011826,2026-04-27,wrong item sent,107.35,Processed
RET003177,ORD0109052,SKU005106,2025-11-19,Quality issue,1793.84,Processed
RET003178,ORD0065918,SKU007042,2025-12-18,broken on arrival,378.93,Processed
RET003179,ORD0082791,SKU002113,2025-10-11,Quality issue,1909.5,Processed
RET003180,ORD0102534,SKU000114,2026-03-17,dont want it now,429.16,Processed
RET003181,ORD0054313,SKU011449,2025-04-05,item damaged,520.7,Pending
RET003182,ORD0002672,SKU001804,2025-11-19,arrived damaged!!,413.73,Processed
RET003183,ORD0015139,SKU011922,2025-08-15,delivered too late,1359.36,Processed
RET003184,ORD0104038,SKU012016,2026-11-09,size too small,1183.76,Processed
RET003185,ORD0043775,SKU002313,2025-08-14,wrong size ordered,3512.24,Processed
RET003186,ORD0071098,SKU002421,2026-06-24,didnt fit,120.82,Processed
RET003187,ORD0014802,SKU000268,2025-12-11,not as described,1979.84,Processed
RET003188,ORD0110082,SKU006722,2026-01-18,Quality issue,605.16,Processed
RET003189,ORD0056663,SKU007921,2026-03-05,packaging torn item broken,861.89,Processed
RET003190,ORD0119932,SKU002833,2025-05-23,item damaged,319.69,Processed
RET003191,ORD0071385,SKU003716,2025-04-22,different sku received,290.81,Processed
RET003192,ORD0073777,SKU006800,2025-03-21,too tight,818.42,Processed
RET003193,ORD0022886,SKU007996,2025-11-17,quality not as expected,383.97,Pending
RET003194,ORD0055276,SKU005603,2026-01-09,product was cracked,1398.27,Processed
RET003195,ORD0057267,SKU003306,2026-07-16,Quality issue,305.13,Processed
RET003196,ORD0102304,SKU003529,2026-06-08,different from website photo,596.66,Processed
RET003197,ORD0048045,SKU000163,2025-05-10,defective piece,1708.92,Processed
RET003198,ORD0098726,SKU002376,2025-05-07,delivered too late,276.87,Processed
RET003199,ORD0087370,SKU000393,2025-11-07,late delivery no longer needed,568.34,Processed
RET003200,ORD0010480,SKU011835,2026-01-21,changed my mind,620.1,Processed
RET003201,ORD0061238,SKU001684,2026-12-01,SIZE PROBLEM,752.68,Processed
RET003202,ORD0073040,SKU007047,2026-04-05,didnt fit,422.05,Processed
RET003203,ORD0053077,SKU007454,2025-01-21,arrived damaged!!,53.35,Processed
RET003204,ORD0064172,SKU005953,2025-03-04,delivered too late,323.24,Processed
RET003205,ORD0067731,SKU005772,2026-04-27,packaging torn item broken,1034.5,Processed
RET003206,ORD0016945,SKU004556,2026-07-13,cheap material,445.52,Processed
RET003207,ORD0002060,SKU005739,2026-05-13,no longer needed,516.22,Pending
RET003208,ORD0016741,SKU003594,2025-06-10,not durable,894.91,Processed
RET003209,ORD0026767,SKU011389,2025-09-20,Damaged in transit,74.2,Processed
RET003210,ORD0043963,SKU003256,2026-02-20,stopped working after a day,487.79,Processed
RET003211,ORD0081336,SKU006777,2025-11-07,product was cracked,193.26,Processed
RET003212,ORD0076913,SKU011816,2025-02-04,delivered too late,2402.57,Processed
RET003213,ORD0067332,SKU009802,2026-05-16,too tight,1390.88,Processed
RET003214,ORD0056508,SKU005566,2026-01-06,late delivery no longer needed,223.41,Processed
RET003215,ORD0092912,SKU007225,2025-07-24,delivered too late,4274.78,Processed
RET003216,ORD0101224,SKU009274,2026-01-13,Delayed delivery,367.54,Processed
RET003217,ORD0053967,SKU004068,2025-11-11,delivered too late,514.82,Pending
RET003218,ORD0012357,SKU009095,2025-06-28,SIZE PROBLEM,503.81,Processed
RET003219,ORD0016740,SKU009336,2025-03-07,defective piece,222.56,Processed
RET003220,ORD0115010,SKU007345,2025-11-12,broken on arrival,923.65,Pending
RET003221,ORD0117888,SKU003613,2025-06-15,Doesn't fit properly,1000.55,Processed
RET003222,ORD0087491,SKU003985,2025-10-09,size chart misleading,686.45,Processed
RET003223,ORD0032998,SKU009018,2025-01-21,defective piece,539.37,Processed
RET003224,ORD0079722,SKU000249,2025-11-01,not durable,847.8,Processed
RET003225,ORD0025103,SKU006624,2025-02-28,not as described,543.37,Pending
RET003226,ORD0033821,SKU006466,2026-01-03,product was cracked,665.5,Processed
RET003227,ORD0036478,SKU007803,2026-01-10,wrong colour delivered,240.51,Processed
RET003228,ORD0087611,SKU008789,2026-11-04,different sku received,622.59,Rejected
RET003229,ORD0099840,SKU010485,2025-02-15,arrived after event,669.61,Processed
RET003230,ORD0012047,SKU002244,2026-02-01,Not what I ordered,1373.93,Processed
RET003231,ORD0105455,SKU009187,2026-06-23,wrong item sent,1129.99,Processed
RET003232,ORD0024762,SKU002367,2026-06-18,late delivery no longer needed,994.75,Processed
RET003233,ORD0014345,SKU010710,2025-08-15,arrived after event,2920.23,Pending
RET003234,ORD0041017,SKU008985,2025-09-05,Size issue,453.42,Processed
RET003235,ORD0114689,SKU012399,2025-03-17,delivered too late,240.87,Processed
RET003236,ORD0111563,SKU009210,2026-03-17,too tight,2326.91,Processed
RET003237,ORD0054325,SKU000282,2025-11-14,SIZE PROBLEM,2377.78,Processed
RET003238,ORD0087434,SKU011523,2025-11-07,quality not as expected,356.0,Processed
RET003239,ORD0078261,SKU008821,2025-04-20,poor quality,928.11,Processed
RET003240,ORD0021211,SKU001555,2025-08-29,Damaged in transit,242.92,Processed
RET003241,ORD0015945,SKU001742,2026-06-09,dont want it now,639.72,Processed
RET003242,ORD0103313,SKU010877,2025-08-14,late delivery no longer needed,622.87,Processed
RET003243,ORD0115080,SKU001204,2025-03-23,Size issue,398.03,Processed
RET003244,ORD0083944,SKU004966,2025-12-30,received different product,632.22,Processed
RET003245,ORD0004772,SKU002907,2026-01-09,arrived after event,2221.11,Processed
RET003246,ORD0083274,SKU006366,2026-06-19,wrong size ordered,773.65,Processed
RET003247,ORD0052001,SKU007342,2025-08-12,arrived after event,614.84,Processed
RET003248,ORD0006657,SKU001326,2025-01-15,poor quality,912.41,Processed
RET003249,ORD0075150,SKU004051,2025-12-12,not durable,244.09,Processed
RET003250,ORD0105246,SKU008728,2025-05-10,not durable,71.18,Processed
RET003251,ORD0078286,SKU006559,2026-06-25,size too small,1269.35,Processed
RET003252,ORD0000229,SKU001671,2025-12-27,didnt fit,374.82,Processed
RET003253,ORD0067071,SKU003132,2025-02-23,Quality issue,851.44,Processed
RET003254,ORD0096058,SKU008117,2025-10-28,misleading description,1681.94,Processed
RET003255,ORD0036060,SKU008794,2025-06-23,broken on arrival,797.26,Processed
RET003256,ORD0072729,SKU000926,2025-10-28,didnt fit,330.65,Processed
RET003257,ORD0012088,SKU010121,2025-01-23,ordered by mistake,220.59,Pending
RET003258,ORD0072259,SKU006701,2026-01-10,arrived damaged!!,312.36,Pending
RET003259,ORD0115569,SKU012096,2025-06-04,size chart misleading,597.97,Processed
RET003260,ORD0040341,SKU000671,2025-11-23,wrong colour delivered,268.12,Rejected
RET003261,ORD0090338,SKU000812,2025-04-02,Delayed delivery,619.77,Processed
RET003262,ORD0004860,SKU000706,2026-02-13,item damaged,241.79,Processed
RET003263,ORD0053523,SKU010054,2025-10-09,delivered too late,1448.53,Processed
RET003264,ORD0114388,SKU006891,2025-11-18,changed my mind,618.28,Pending
RET003265,ORD0088544,SKU005857,2025-11-29,item damaged,2525.36,Processed
RET003266,ORD0012455,SKU009766,2025-01-20,defective piece,252.5,Processed
RET003267,ORD0117736,SKU007284,2026-12-02,received different product,142.46,Processed
RET003268,ORD0077404,SKU002886,2026-01-29,fabric quality bad,474.4,Processed
RET003269,ORD0070855,SKU000659,2025-06-16,delivered too late,1603.49,Processed
RET003270,ORD0055459,SKU000583,2026-11-13,arrived after event,288.3,Rejected
RET003271,ORD0117830,SKU005757,2026-10-31,Not what I ordered,412.82,Processed
RET003272,ORD0113102,SKU007949,2026-06-29,cheap material,1027.32,Processed
RET003273,ORD0032777,SKU011908,2025-12-15,packaging torn item broken,1864.15,Processed
RET003274,ORD0066297,SKU003283,2025-11-21,Not what I ordered,1990.74,Processed
RET003275,ORD0019472,SKU010937,2025-10-07,colour different from image,647.2,Processed
RET003276,ORD0009071,SKU006520,2025-07-06,delivered too late,442.21,Processed
RET003277,ORD0014945,SKU006660,2026-02-08,wrong item sent,529.05,Processed
RET003278,ORD0018287,SKU006557,2025-05-13,arrived damaged!!,174.05,Pending
RET003279,ORD0082539,SKU001383,2025-02-22,broken on arrival,493.49,Processed
RET003280,ORD0060667,SKU000919,2026-02-26,quality not as expected,1306.57,Pending
RET003281,ORD0035374,SKU011150,2025-09-19,size too small,2671.55,Processed
RET003282,ORD0034040,SKU007364,2025-04-15,found cheaper elsewhere,835.41,Processed
RET003283,ORD0111809,SKU007206,2025-02-28,stopped working after a day,954.5,Processed
RET003284,ORD0022197,SKU006430,2025-05-09,different from website photo,469.96,Processed
RET003285,ORD0108184,SKU001669,2025-08-12,Damaged in transit,1176.56,Processed
RET003286,ORD0025619,SKU001808,2026-04-16,looks different online,365.5,Processed
RET003287,ORD0046959,SKU010465,2025-03-17,different sku received,2080.19,Processed
RET003288,ORD0030511,SKU003121,2025-07-07,Doesn't fit properly,883.23,Processed
RET003289,ORD0059358,SKU001028,2026-02-23,cheap material,629.57,Processed
RET003290,ORD0033955,SKU006182,2026-04-15,Doesn't fit properly,669.73,Processed
RET003291,ORD0074124,SKU001858,2026-07-01,Size issue,104.9,Processed
RET003292,ORD0119932,SKU003575,2025-05-16,SIZE PROBLEM,1523.36,Processed
RET003293,ORD0049649,SKU008889,2025-12-31,size too small,205.07,Processed
RET003294,ORD0034779,SKU009318,2025-10-21,SIZE PROBLEM,182.47,Processed
RET003295,ORD0046964,SKU004687,2025-10-24,wrong size ordered,193.2,Pending
RET003296,ORD0081855,SKU003783,2026-05-27,battery dead,472.17,Processed
RET003297,ORD0119881,SKU008682,2026-02-04,broken on arrival,743.21,Processed
RET003298,ORD0019955,SKU003209,2025-11-18,didnt fit,412.27,Processed
RET003299,ORD0071116,SKU012061,2025-08-19,ordered by mistake,4053.16,Processed
RET003300,ORD0002803,SKU005000,2026-01-25,Not what I ordered,90.02,Processed
RET003301,ORD0026663,SKU004851,2026-03-04,battery dead,163.76,Processed
RET003302,ORD0078864,SKU002428,2026-07-22,quality not as expected,574.28,Processed
RET003303,ORD0026790,SKU006189,2025-06-06,colour different from image,477.74,Pending
RET003304,ORD0111507,SKU002706,2025-04-07,Doesn't fit properly,156.66,Processed
RET003305,ORD0049703,SKU007230,2025-11-19,colour different from image,643.92,Processed
RET003306,ORD0019452,SKU011995,2025-07-04,size too small,908.96,Pending
RET003307,ORD0056652,SKU009731,2026-06-27,no longer needed,257.19,Processed
RET003308,ORD0117018,SKU009814,2025-03-01,stopped working after a day,184.29,Processed
RET003309,ORD0097642,SKU004968,2025-10-04,broken on arrival,2889.72,Processed
RET003310,ORD0058452,SKU009463,2025-02-23,Not what I ordered,396.31,Processed
RET003311,ORD0016165,SKU007836,2025-06-05,found cheaper elsewhere,1243.28,Processed
RET003312,ORD0116275,SKU009671,2025-11-16,misleading description,457.26,Processed
RET003313,ORD0051107,SKU007436,2025-08-19,not as described,774.17,Processed
RET003314,ORD0023306,SKU009359,2025-11-06,wrong colour delivered,1284.03,Processed
RET003315,ORD0109286,SKU011142,2025-07-28,size chart misleading,1399.71,Processed
RET003316,ORD0012617,SKU011281,2025-01-28,size too small,194.43,Pending
RET003317,ORD0019805,SKU005693,2026-01-28,fabric quality bad,339.38,Processed
RET003318,ORD0053642,SKU007497,2026-07-04,Delayed delivery,367.71,Processed
RET003319,ORD0062348,SKU010972,2025-09-23,not working,466.65,Processed
RET003320,ORD0042485,SKU008148,2026-02-24,received different product,416.88,Processed
RET003321,ORD0114287,SKU009787,2026-02-19,changed my mind,1180.05,Processed
RET003322,ORD0037493,SKU012147,2026-05-25,Quality issue,615.43,Processed
RET003323,ORD0086495,SKU007510,2025-10-05,Damaged in transit,1214.94,Processed
RET003324,ORD0094364,SKU012055,2025-09-30,size chart misleading,3266.5,Processed
RET003325,ORD0032667,SKU007005,2025-12-22,Not what I ordered,311.95,Pending
RET003326,ORD0040121,SKU010022,2025-03-31,didnt fit,1574.89,Processed
RET003327,ORD0007081,SKU010877,2025-11-27,packaging torn item broken,243.46,Processed
RET003328,ORD0058437,SKU005419,2025-12-30,didnt fit,205.25,Processed
RET003329,ORD0095207,SKU002795,2026-04-20,not as described,1681.57,Processed
RET003330,ORD0031245,SKU000365,2026-05-25,wrong size ordered,336.26,Processed
RET003331,ORD0046329,SKU011835,2025-02-11,ordered by mistake,1026.23,Processed
RET003332,ORD0025565,SKU005915,2026-04-13,changed my mind,881.23,Rejected
RET003333,ORD0021907,SKU010302,2025-03-12,Damaged in transit,2981.13,Processed
RET003334,ORD0078480,SKU003642,2025-07-04,ordered by mistake,289.72,Processed
RET003335,ORD0003552,SKU003542,2025-02-21,didnt fit,791.01,Processed
RET003336,ORD0101387,SKU008857,2025-12-20,delivered too late,655.15,Processed
RET003337,ORD0006137,SKU007344,2025-10-04,item damaged,743.17,Processed
RET003338,ORD0018262,SKU005099,2025-11-06,battery dead,584.18,Processed
RET003339,ORD0038245,SKU007613,2026-01-21,not as described,68.28,Processed
RET003340,ORD0089967,SKU010485,2025-12-18,broken on arrival,1944.23,Rejected
RET003341,ORD0049322,SKU001665,2026-11-19,Quality issue,387.2,Processed
RET003342,ORD0018917,SKU008945,2025-04-23,product was cracked,283.52,Processed
RET003343,ORD0088130,SKU005331,2026-03-14,not as described,1036.01,Processed
RET003344,ORD0078398,SKU001195,2025-06-09,SIZE PROBLEM,557.02,Processed
RET003345,ORD0064344,SKU002532,2025-05-04,ordered by mistake,1557.2,Processed
RET003346,ORD0033237,SKU000720,2025-08-02,cheap material,382.06,Processed
RET003347,ORD0075250,SKU002801,2025-12-08,size chart misleading,68.79,Processed
RET003348,ORD0074335,SKU011158,2025-01-29,too tight,449.37,Processed
RET003349,ORD0044656,SKU009139,2025-04-20,Damaged in transit,584.88,Processed
RET003350,ORD0060076,SKU010475,2025-06-05,size too small,591.34,Processed
RET003351,ORD0109907,SKU011682,2026-12-04,different sku received,703.4,Processed
RET003352,ORD0007891,SKU002428,2026-04-19,poor quality,580.67,Processed
RET003353,ORD0037782,SKU003627,2025-02-11,too tight,512.54,Processed
RET003354,ORD0007499,SKU010037,2025-11-15,colour different from image,2381.47,Processed
RET003355,ORD0026796,SKU003253,2025-10-28,SIZE PROBLEM,1707.08,Processed
RET003356,ORD0003402,SKU007275,2025-05-19,wrong colour delivered,2110.57,Processed
RET003357,ORD0034539,SKU011779,2026-02-19,Quality issue,1138.23,Rejected
RET003358,ORD0046471,SKU006399,2025-04-30,different sku received,160.4,Processed
RET003359,ORD0057048,SKU000745,2025-10-31,size chart misleading,606.55,Processed
RET003360,ORD0004641,SKU003337,2026-03-30,item damaged,476.99,Processed
RET003361,ORD0102802,SKU006436,2025-10-24,battery dead,762.1,Processed
RET003362,ORD0085637,SKU009415,2025-01-16,Doesn't fit properly,394.6,Processed
RET003363,ORD0097193,SKU006859,2026-03-10,poor quality,427.9,Processed
RET003364,ORD0011767,SKU006693,2025-04-17,dont want it now,723.43,Pending
RET003365,ORD0061385,SKU000624,2026-03-24,fabric quality bad,697.63,Processed
RET003366,ORD0030180,SKU011220,2025-01-19,size chart misleading,206.55,Pending
RET003367,ORD0084503,SKU005734,2026-02-02,Quality issue,231.24,Processed
RET003368,ORD0104795,SKU000058,2025-11-25,defective piece,536.9,Processed
RET003369,ORD0037695,SKU008902,2026-11-01,wrong size ordered,2185.57,Processed
RET003370,ORD0065879,SKU004083,2025-11-27,too tight,569.84,Processed
RET003371,ORD0020907,SKU003429,2026-11-08,misleading description,908.41,Pending
RET003372,ORD0040193,SKU009484,2025-06-02,received different product,262.24,Processed
RET003373,ORD0015867,SKU002100,2025-11-14,colour different from image,1204.33,Processed
RET003374,ORD0105934,SKU003870,2025-10-19,size too small,1104.91,Processed
RET003375,ORD0020393,SKU004863,2025-06-07,arrived after event,1015.46,Processed
RET003376,ORD0087611,SKU008429,2026-10-27,wrong item sent,1794.79,Processed
RET003377,ORD0118076,SKU003045,2026-02-25,packaging torn item broken,138.14,Processed
RET003378,ORD0070654,SKU009895,2026-03-08,Doesn't fit properly,162.97,Processed
RET003379,ORD0055022,SKU005577,2025-07-14,broken on arrival,1117.88,Processed
RET003380,ORD0115728,SKU004438,2026-05-27,different sku received,518.05,Processed
RET003381,ORD0019999,SKU008003,2025-12-28,wrong colour delivered,836.18,Processed
RET003382,ORD0028765,SKU012384,2025-12-19,SIZE PROBLEM,474.26,Processed
RET003383,ORD0042988,SKU002086,2025-12-13,arrived damaged!!,3356.26,Processed
RET003384,ORD0044662,SKU004029,2026-04-27,too tight,450.79,Processed
RET003385,ORD0015432,SKU005750,2026-04-12,Doesn't fit properly,649.25,Processed
RET003386,ORD0048082,SKU011964,2026-05-28,didnt fit,416.05,Processed
RET003387,ORD0062408,SKU005756,2025-12-04,too tight,1153.24,Processed
RET003388,ORD0089841,SKU003943,2025-11-22,Not what I ordered,1070.56,Processed
RET003389,ORD0026192,SKU007941,2026-01-22,not as described,746.68,Processed
RET003390,ORD0082713,SKU006540,2025-08-02,arrived damaged!!,1141.42,Pending
RET003391,ORD0025084,SKU008879,2026-07-18,not working,791.69,Pending
RET003392,ORD0080082,SKU012025,2025-01-28,Quality issue,409.02,Processed
RET003393,ORD0091199,SKU006262,2026-05-20,Size issue,505.4,Rejected
RET003394,ORD0103071,SKU002528,2025-11-01,cheap material,2194.42,Processed
RET003395,ORD0102512,SKU000046,2026-05-28,size chart misleading,531.04,Processed
RET003396,ORD0032699,SKU009552,2026-02-21,not durable,782.94,Processed
RET003397,ORD0049522,SKU005502,2025-11-27,poor quality,159.85,Processed
RET003398,ORD0052562,SKU008097,2026-05-06,cheap material,730.24,Processed
RET003399,ORD0063500,SKU012409,2026-04-22,received different product,352.49,Processed
RET003400,ORD0037430,SKU006149,2026-01-27,too tight,2329.42,Processed
RET003401,ORD0018878,SKU010682,2026-06-07,received different product,1203.05,Processed
RET003402,ORD0012956,SKU000301,2025-08-16,colour different from image,457.54,Processed
RET003403,ORD0085637,SKU002213,2025-01-13,not as described,688.61,Processed
RET003404,ORD0003450,SKU004714,2025-11-14,defective piece,1096.39,Processed
RET003405,ORD0071847,SKU000008,2026-05-03,wrong size ordered,797.35,Processed
RET003406,ORD0078864,SKU001230,2026-07-12,dont want it now,597.0,Pending
RET003407,ORD0010499,SKU004691,2025-05-17,Quality issue,435.38,Processed
RET003408,ORD0068521,SKU005280,2025-09-10,poor quality,827.55,Processed
RET003409,ORD0080086,SKU001995,2026-03-21,quality not as expected,913.43,Processed
RET003410,ORD0061108,SKU010483,2026-06-14,size too small,1542.98,Processed
RET003411,ORD0002135,SKU009830,2025-07-23,Size issue,822.42,Processed
RET003412,ORD0067139,SKU008652,2025-05-04,item damaged,955.09,Processed
RET003413,ORD0103445,SKU002250,2025-07-18,SIZE PROBLEM,652.2,Processed
RET003414,ORD0096338,SKU002136,2025-04-17,size too small,1730.64,Processed
RET003415,ORD0096832,SKU005509,2025-01-14,no longer needed,261.79,Processed
RET003416,ORD0014463,SKU005413,2025-05-14,not as described,350.66,Processed
RET003417,ORD0117769,SKU002903,2026-05-27,too tight,231.22,Processed
RET003418,ORD0000467,SKU006239,2026-11-12,product was cracked,292.59,Processed
RET003419,ORD0003552,SKU006794,2025-02-14,packaging torn item broken,1601.95,Processed
RET003420,ORD0100991,SKU004811,2025-05-03,different sku received,1639.68,Processed
RET003421,ORD0042884,SKU011240,2025-10-04,not durable,828.42,Processed
RET003422,ORD0048357,SKU003416,2025-02-03,didnt fit,745.4,Processed
RET003423,ORD0104717,SKU002083,2025-02-07,packaging torn item broken,969.52,Processed
RET003424,ORD0058658,SKU005332,2025-03-13,Damaged in transit,417.19,Processed
RET003425,ORD0103289,SKU004873,2025-07-01,didnt fit,603.98,Processed
RET003426,ORD0081047,SKU000399,2025-07-26,late delivery no longer needed,279.5,Rejected
RET003427,ORD0018314,SKU008201,2025-08-20,packaging torn item broken,1432.33,Processed
RET003428,ORD0090965,SKU004789,2026-11-28,Not what I ordered,667.07,Processed
RET003429,ORD0019805,SKU010963,2026-01-27,arrived after event,520.1,Processed
RET003430,ORD0047030,SKU004084,2026-11-13,Doesn't fit properly,367.03,Processed
RET003431,ORD0009051,SKU001603,2026-06-19,looks different online,1408.18,Processed
RET003432,ORD0073707,SKU001191,2026-05-29,misleading description,842.15,Processed
RET003433,ORD0039990,SKU002847,2025-10-23,colour different from image,292.32,Processed
RET003434,ORD0043252,SKU004390,2026-05-11,wrong item sent,367.22,Rejected
RET003435,ORD0030012,SKU010092,2026-03-24,different from website photo,86.25,Processed
RET003436,ORD0062277,SKU002776,2026-02-05,different sku received,939.67,Processed
RET003437,ORD0090193,SKU000225,2026-05-20,found cheaper elsewhere,778.11,Pending
RET003438,ORD0057083,SKU012258,2025-10-31,ordered by mistake,737.88,Processed
RET003439,ORD0049131,SKU010177,2025-08-22,item damaged,585.13,Processed
RET003440,ORD0096563,SKU008337,2026-12-04,looks different online,558.88,Processed
RET003441,ORD0072284,SKU007109,2026-01-07,not as described,226.3,Processed
RET003442,ORD0108514,SKU001380,2026-04-30,not durable,984.29,Processed
RET003443,ORD0071804,SKU009371,2025-12-03,different from website photo,1748.99,Processed
RET003444,ORD0013392,SKU008490,2025-05-01,Size issue,457.72,Processed
RET003445,ORD0084146,SKU004202,2025-02-02,item damaged,225.2,Rejected
RET003446,ORD0052015,SKU004973,2025-09-30,size chart misleading,392.88,Processed
RET003447,ORD0000206,SKU004302,2026-06-07,misleading description,261.76,Processed
RET003448,ORD0042505,SKU002081,2025-12-02,ordered by mistake,646.0,Processed
RET003449,ORD0089697,SKU008005,2025-07-13,not as described,512.43,Processed
RET003450,ORD0069899,SKU001922,2026-03-08,dont want it now,870.83,Processed
RET003451,ORD0065064,SKU011309,2025-04-16,Size issue,269.66,Processed
RET003452,ORD0061078,SKU008626,2025-08-18,too tight,485.39,Processed
RET003453,ORD0003516,SKU000775,2026-01-14,didnt fit,332.38,Processed
RET003454,ORD0018533,SKU006997,2025-08-16,different sku received,526.98,Processed
RET003455,ORD0015940,SKU004528,2026-05-31,changed my mind,710.35,Processed
RET003456,ORD0095695,SKU003408,2026-04-16,quality not as expected,1244.6,Processed
RET003457,ORD0094975,SKU010981,2025-05-06,wrong size ordered,136.62,Pending
RET003458,ORD0097849,SKU010474,2025-02-03,colour different from image,406.04,Processed
RET003459,ORD0016146,SKU006982,2025-05-02,didnt fit,477.57,Processed
RET003460,ORD0087020,SKU005233,2025-12-24,fabric quality bad,476.2,Processed
RET003461,ORD0043963,SKU008985,2026-02-24,not durable,520.59,Processed
RET003462,ORD0071039,SKU005417,2026-06-11,arrived after event,184.43,Processed
RET003463,ORD0044407,SKU006974,2025-06-27,found cheaper elsewhere,1213.9,Processed
RET003464,ORD0030984,SKU000774,2026-03-16,wrong size ordered,595.05,Processed
RET003465,ORD0046368,SKU005532,2026-01-29,dont want it now,1163.03,Processed
RET003466,ORD0114501,SKU001433,2025-08-09,poor quality,574.09,Processed
RET003467,ORD0034380,SKU001517,2025-11-16,arrived damaged!!,633.83,Processed
RET003468,ORD0018148,SKU009673,2026-10-06,fabric quality bad,396.46,Processed
RET003469,ORD0051869,SKU002838,2025-03-08,wrong size ordered,1481.5,Processed
RET003470,ORD0088311,SKU001287,2025-06-25,wrong item sent,123.62,Pending
RET003471,ORD0036950,SKU008974,2025-03-05,wrong colour delivered,1028.21,Processed
RET003472,ORD0049815,SKU008632,2025-05-17,broken on arrival,240.07,Pending
RET003473,ORD0094375,SKU007037,2025-06-27,product was cracked,2332.81,Processed
RET003474,ORD0099888,SKU011970,2025-11-10,delivered too late,177.69,Processed
RET003475,ORD0057056,SKU006831,2026-04-13,colour different from image,1170.68,Processed
RET003476,ORD0037760,SKU002559,2026-01-22,not durable,887.77,Processed
RET003477,ORD0049131,SKU000373,2025-08-10,didnt fit,488.25,Processed
RET003478,ORD0056472,SKU007626,2026-02-18,arrived damaged!!,231.93,Processed
RET003479,ORD0026080,SKU005224,2026-06-01,different from website photo,546.73,Pending
RET003480,ORD0054499,SKU006254,2025-10-26,Size issue,1127.71,Processed
RET003481,ORD0102997,SKU001090,2026-06-23,size too small,583.69,Processed
RET003482,ORD0089433,SKU005814,2025-11-16,cheap material,904.88,Processed
RET003483,ORD0110317,SKU007161,2025-04-10,Damaged in transit,123.51,Processed
RET003484,ORD0116053,SKU001139,2025-12-01,no longer needed,549.24,Processed
RET003485,ORD0039196,SKU003179,2026-03-10,product was cracked,843.16,Processed
RET003486,ORD0049226,SKU011037,2026-03-14,fabric quality bad,345.93,Processed
RET003487,ORD0065119,SKU007889,2025-10-13,Not what I ordered,682.91,Processed
RET003488,ORD0109362,SKU011017,2025-08-04,found cheaper elsewhere,3430.4,Processed
RET003489,ORD0012737,SKU012100,2025-09-03,delivered too late,1940.46,Processed
RET003490,ORD0077095,SKU006573,2025-03-17,different from website photo,348.03,Processed
RET003491,ORD0063425,SKU009737,2025-03-05,misleading description,226.2,Processed
RET003492,ORD0094539,SKU006628,2025-03-29,Size issue,193.22,Processed
RET003493,ORD0019765,SKU007186,2026-01-18,delivered too late,439.79,Processed
RET003494,ORD0113723,SKU008019,2026-03-16,Size issue,485.8,Processed
RET003495,ORD0061474,SKU006117,2025-09-26,delivered too late,80.86,Pending
RET003496,ORD0003894,SKU008029,2025-02-11,Doesn't fit properly,1346.85,Processed
RET003497,ORD0053077,SKU005176,2025-01-28,size chart misleading,865.87,Processed
RET003498,ORD0078603,SKU011035,2025-12-28,SIZE PROBLEM,183.57,Processed
RET003499,ORD0063200,SKU001795,2025-07-18,size too small,995.07,Processed
RET003500,ORD0102134,SKU001125,2026-03-29,wrong size ordered,712.26,Processed
RET003501,ORD0074816,SKU010454,2026-04-12,poor quality,490.94,Processed
RET003502,ORD0108270,SKU001994,2025-12-07,different from website photo,286.08,Processed
RET003503,ORD0086815,SKU010329,2025-12-26,misleading description,1369.55,Processed
RET003504,ORD0033292,SKU011609,2025-04-25,product was cracked,435.59,Processed
RET003505,ORD0025230,SKU007682,2026-06-23,misleading description,759.08,Processed
RET003506,ORD0028482,SKU001517,2025-11-25,not as described,2382.55,Processed
RET003507,ORD0025344,SKU009615,2025-07-24,Damaged in transit,285.76,Pending
RET003508,ORD0014636,SKU002490,2026-02-03,broken on arrival,2521.11,Processed
RET003509,ORD0047395,SKU009060,2026-06-04,product was cracked,1092.8,Processed
RET003510,ORD0023910,SKU008780,2026-05-31,cheap material,1317.51,Pending
RET003511,ORD0114184,SKU005039,2025-08-06,found cheaper elsewhere,349.84,Processed
RET003512,ORD0082687,SKU009760,2025-07-29,not durable,227.3,Processed
RET003513,ORD0105286,SKU010074,2025-10-12,fabric quality bad,1405.89,Processed
RET003514,ORD0008407,SKU012424,2025-02-24,size too small,1835.92,Pending
RET003515,ORD0110996,SKU003231,2026-02-26,dont want it now,724.0,Processed
RET003516,ORD0049865,SKU002270,2026-12-01,too tight,1171.05,Processed
RET003517,ORD0073981,SKU005534,2025-03-14,Not what I ordered,822.96,Processed
RET003518,ORD0112368,SKU000058,2026-04-13,arrived damaged!!,580.83,Processed
RET003519,ORD0010602,SKU006096,2025-12-23,Delayed delivery,35.18,Processed
RET003520,ORD0010407,SKU008399,2026-06-12,cheap material,338.63,Processed
RET003521,ORD0095420,SKU002554,2025-07-03,SIZE PROBLEM,593.09,Processed
RET003522,ORD0098419,SKU007845,2025-03-23,stopped working after a day,508.45,Processed
RET003523,ORD0068847,SKU001122,2026-06-09,too tight,154.46,Processed
RET003524,ORD0100774,SKU000964,2025-11-29,SIZE PROBLEM,333.79,Processed
RET003525,ORD0000484,SKU011329,2025-08-12,looks different online,1379.8,Pending
RET003526,ORD0053169,SKU000761,2025-08-25,Quality issue,237.27,Pending
RET003527,ORD0016108,SKU009713,2026-02-12,misleading description,481.26,Processed
RET003528,ORD0040710,SKU007293,2025-05-07,Damaged in transit,384.8,Processed
RET003529,ORD0036058,SKU003211,2026-11-10,Damaged in transit,731.92,Processed
RET003530,ORD0117689,SKU011611,2026-03-05,size chart misleading,1095.09,Processed
RET003531,ORD0077095,SKU004159,2025-03-13,size chart misleading,672.01,Processed
RET003532,ORD0006142,SKU001623,2025-03-16,wrong item sent,563.79,Processed
RET003533,ORD0072764,SKU008525,2025-04-29,different from website photo,360.79,Processed
RET003534,ORD0113208,SKU001016,2025-10-27,SIZE PROBLEM,565.28,Processed
RET003535,ORD0055783,SKU001577,2025-01-12,battery dead,1011.43,Processed
RET003536,ORD0106969,SKU008182,2025-08-21,size too small,1422.02,Pending
RET003537,ORD0024633,SKU001106,2025-07-28,received different product,679.67,Processed
RET003538,ORD0104149,SKU002659,2025-10-22,product was cracked,2225.72,Rejected
RET003539,ORD0081592,SKU006974,2025-11-30,found cheaper elsewhere,640.46,Processed
RET003540,ORD0111099,SKU011725,2026-04-18,didnt fit,2125.31,Processed
RET003541,ORD0090357,SKU003920,2025-01-28,wrong colour delivered,1107.79,Processed
RET003542,ORD0006142,SKU010779,2025-03-15,arrived damaged!!,234.15,Processed
RET003543,ORD0113526,SKU004183,2026-07-09,product was cracked,122.17,Processed
RET003544,ORD0071323,SKU008924,2025-02-27,quality not as expected,798.67,Processed
RET003545,ORD0036636,SKU004242,2025-07-28,changed my mind,482.86,Processed
RET003546,ORD0103748,SKU001871,2026-04-10,Size issue,196.2,Processed
RET003547,ORD0095245,SKU010454,2026-01-28,size too small,582.54,Processed
RET003548,ORD0088559,SKU005973,2025-03-04,arrived damaged!!,446.35,Processed
RET003549,ORD0078938,SKU011394,2025-08-09,too tight,414.62,Processed
RET003550,ORD0112469,SKU002516,2026-10-16,wrong item sent,1493.14,Processed
RET003551,ORD0016018,SKU008648,2025-12-10,quality not as expected,321.5,Processed
RET003552,ORD0114124,SKU001965,2026-03-05,quality not as expected,719.9,Processed
RET003553,ORD0065913,SKU010195,2025-06-04,device faulty,1357.48,Processed
RET003554,ORD0071901,SKU005739,2026-07-13,dont want it now,439.89,Rejected
RET003555,ORD0051380,SKU004651,2025-05-05,arrived damaged!!,431.02,Processed
RET003556,ORD0068202,SKU007371,2025-12-05,not durable,873.79,Processed
RET003557,ORD0027174,SKU004132,2025-02-16,poor quality,1365.38,Processed
RET003558,ORD0020598,SKU006855,2026-03-10,Size issue,750.06,Processed
RET003559,ORD0066075,SKU008455,2025-09-11,Quality issue,1048.58,Pending
RET003560,ORD0076459,SKU002055,2025-03-13,broken on arrival,130.55,Pending
RET003561,ORD0004763,SKU001432,2026-05-14,item damaged,816.24,Processed
RET003562,ORD0055649,SKU004169,2025-03-04,size chart misleading,92.84,Processed
RET003563,ORD0108519,SKU005980,2025-07-25,didnt fit,2472.8,Processed
RET003564,ORD0046881,SKU010908,2025-10-13,wrong size ordered,740.27,Processed
RET003565,ORD0105949,SKU010165,2025-12-17,not durable,478.84,Processed
RET003566,ORD0069224,SKU011974,2025-03-26,device faulty,940.47,Processed
RET003567,ORD0034913,SKU008646,2025-10-27,changed my mind,368.33,Processed
RET003568,ORD0058071,SKU008598,2025-04-03,Quality issue,530.36,Processed
RET003569,ORD0039049,SKU001375,2026-05-22,size chart misleading,344.66,Pending
RET003570,ORD0014037,SKU009230,2026-05-31,arrived damaged!!,1112.14,Processed
RET003571,ORD0103230,SKU001298,2025-03-26,late delivery no longer needed,413.86,Processed
RET003572,ORD0036478,SKU012066,2026-01-16,didnt fit,1456.36,Processed
RET003573,ORD0114238,SKU011337,2026-02-27,SIZE PROBLEM,1072.13,Processed
RET003574,ORD0060159,SKU006299,2025-06-29,not as described,506.38,Processed
RET003575,ORD0092826,SKU006263,2025-06-22,found cheaper elsewhere,745.01,Processed
RET003576,ORD0068234,SKU007685,2025-10-11,colour different from image,271.94,Processed
RET003577,ORD0085833,SKU006833,2025-11-16,Quality issue,1158.29,Processed
RET003578,ORD0038218,SKU003634,2025-08-29,wrong size ordered,1222.89,Processed
RET003579,ORD0112510,SKU008140,2026-03-31,fabric quality bad,2926.65,Processed
RET003580,ORD0025774,SKU009378,2025-01-31,stopped working after a day,638.31,Processed
RET003581,ORD0015113,SKU005807,2025-04-04,changed my mind,302.2,Processed
RET003582,ORD0109846,SKU011035,2026-06-26,ordered by mistake,611.71,Processed
RET003583,ORD0015090,SKU011477,2026-04-21,too tight,554.53,Pending
RET003584,ORD0075250,SKU000606,2025-11-27,Doesn't fit properly,1372.37,Processed
RET003585,ORD0108492,SKU003612,2025-04-14,product was cracked,588.84,Rejected
RET003586,ORD0114045,SKU007034,2026-11-26,colour different from image,211.3,Processed
RET003587,ORD0114327,SKU008885,2025-10-14,device faulty,440.93,Pending
RET003588,ORD0103445,SKU001103,2025-08-05,device faulty,600.86,Processed
RET003589,ORD0070004,SKU000954,2025-06-20,quality not as expected,2760.57,Rejected
RET003590,ORD0055396,SKU010695,2025-02-05,fabric quality bad,990.28,Processed
RET003591,ORD0098132,SKU011497,2026-11-26,Size issue,1056.77,Processed
RET003592,ORD0062375,SKU010401,2026-05-14,item damaged,379.75,Processed
RET003593,ORD0034636,SKU006238,2025-12-05,not durable,682.18,Processed
RET003594,ORD0063761,SKU006571,2025-12-27,cheap material,1074.77,Processed
RET003595,ORD0103688,SKU007213,2025-12-25,Size issue,1126.02,Processed
RET003596,ORD0005317,SKU008573,2025-06-25,size chart misleading,715.61,Processed
RET003597,ORD0107202,SKU008680,2025-02-24,item damaged,309.79,Processed
RET003598,ORD0114494,SKU000656,2025-01-03,found cheaper elsewhere,184.29,Processed
RET003599,ORD0013373,SKU003592,2025-07-13,not working,1919.47,Processed
RET003600,ORD0046057,SKU004418,2026-11-14,misleading description,662.63,Processed
RET003601,ORD0036679,SKU006136,2026-11-25,dont want it now,408.18,Pending
RET003602,ORD0006375,SKU000326,2026-11-16,broken on arrival,657.66,Processed
RET003603,ORD0036380,SKU012377,2025-08-16,arrived damaged!!,1334.92,Processed
RET003604,ORD0005474,SKU012202,2025-08-16,not as described,400.52,Pending
RET003605,ORD0108514,SKU002204,2026-04-15,size too small,1046.0,Processed
RET003606,ORD0093695,SKU011877,2026-02-24,Doesn't fit properly,310.36,Processed
RET003607,ORD0095329,SKU009693,2026-10-14,poor quality,1519.23,Processed
RET003608,ORD0078286,SKU006190,2026-06-24,packaging torn item broken,591.98,Processed
RET003609,ORD0104832,SKU004283,2025-08-29,received different product,184.15,Processed
RET003610,ORD0061413,SKU000901,2026-03-22,wrong size ordered,374.13,Processed
RET003611,ORD0064418,SKU010097,2025-09-18,wrong size ordered,312.26,Processed
RET003612,ORD0009170,SKU002112,2026-01-31,wrong item sent,796.11,Pending
RET003613,ORD0000893,SKU010611,2025-06-20,stopped working after a day,1297.21,Processed
RET003614,ORD0066769,SKU006832,2026-12-01,quality not as expected,2036.74,Pending
RET003615,ORD0068938,SKU011543,2026-06-18,not as described,549.97,Processed
RET003616,ORD0104380,SKU002038,2025-12-28,packaging torn item broken,1049.94,Processed
RET003617,ORD0091179,SKU004747,2025-10-30,Delayed delivery,584.79,Processed
RET003618,ORD0101640,SKU009433,2025-12-15,size chart misleading,1476.16,Pending
RET003619,ORD0063706,SKU004877,2025-04-24,Quality issue,234.8,Processed
RET003620,ORD0062496,SKU008657,2025-07-28,too tight,138.87,Pending
RET003621,ORD0040454,SKU002042,2025-10-27,Doesn't fit properly,487.06,Processed
RET003622,ORD0083941,SKU006798,2025-03-19,fabric quality bad,6801.36,Processed
RET003623,ORD0025571,SKU010021,2025-06-27,not as described,631.52,Processed
RET003624,ORD0060553,SKU001828,2026-04-23,didnt fit,1336.13,Processed
RET003625,ORD0019522,SKU004944,2025-10-14,didnt fit,1302.55,Processed
RET003626,ORD0117689,SKU002273,2026-02-20,cheap material,408.17,Processed
RET003627,ORD0068420,SKU000656,2025-11-22,Size issue,1343.26,Processed
RET003628,ORD0031245,SKU003259,2026-05-07,broken on arrival,127.53,Processed
RET003629,ORD0082010,SKU010486,2025-06-18,arrived damaged!!,1025.58,Processed
RET003630,ORD0081064,SKU000160,2026-01-01,wrong item sent,346.01,Pending
RET003631,ORD0068604,SKU006066,2025-11-11,late delivery no longer needed,315.15,Processed
RET003632,ORD0044373,SKU011603,2025-05-01,product was cracked,122.82,Pending
RET003633,ORD0060482,SKU011510,2025-09-23,no longer needed,2548.49,Processed
RET003634,ORD0019892,SKU008457,2026-01-21,size too small,1192.42,Processed
RET003635,ORD0005797,SKU004034,2025-05-28,different sku received,515.99,Processed
RET003636,ORD0022215,SKU007546,2026-07-13,misleading description,635.6,Processed
RET003637,ORD0000716,SKU004710,2026-02-18,Doesn't fit properly,2348.92,Pending
RET003638,ORD0035598,SKU004365,2025-04-19,didnt fit,329.59,Processed
RET003639,ORD0084412,SKU009631,2025-08-31,no longer needed,542.26,Processed
RET003640,ORD0023143,SKU007982,2025-04-23,Damaged in transit,433.58,Processed
RET003641,ORD0060584,SKU003365,2025-11-13,poor quality,477.2,Processed
RET003642,ORD0115080,SKU007278,2025-03-13,size too small,523.77,Processed
RET003643,ORD0019914,SKU010023,2025-01-30,size chart misleading,566.54,Processed
RET003644,ORD0116932,SKU011961,2025-04-02,dont want it now,457.03,Processed
RET003645,ORD0028132,SKU004068,2025-08-18,Delayed delivery,1789.7,Processed
RET003646,ORD0032740,SKU011908,2026-01-14,SIZE PROBLEM,1949.88,Processed
RET003647,ORD0033908,SKU011057,2026-05-04,not durable,184.36,Processed
RET003648,ORD0048774,SKU000166,2026-01-24,didnt fit,4333.43,Processed
RET003649,ORD0085964,SKU004746,2025-12-24,wrong item sent,343.38,Processed
RET003650,ORD0036688,SKU006644,2025-11-13,misleading description,719.27,Processed
RET003651,ORD0075909,SKU001570,2026-03-26,cheap material,468.66,Processed
RET003652,ORD0057811,SKU009848,2026-05-04,dont want it now,157.47,Processed
RET003653,ORD0093835,SKU008691,2025-09-29,poor quality,1139.46,Processed
RET003654,ORD0051796,SKU000798,2026-07-15,Quality issue,237.31,Processed
RET003655,ORD0072862,SKU011919,2026-06-01,not as described,174.64,Processed
RET003656,ORD0040121,SKU002077,2025-04-20,different from website photo,899.69,Processed
RET003657,ORD0006773,SKU008530,2025-10-28,misleading description,697.91,Processed
RET003658,ORD0012909,SKU002782,2026-07-19,wrong size ordered,1141.91,Processed
RET003659,ORD0044642,SKU003867,2026-05-16,SIZE PROBLEM,111.01,Processed
RET003660,ORD0054764,SKU005675,2025-11-10,item damaged,802.89,Processed
RET003661,ORD0095839,SKU001836,2025-11-27,product was cracked,765.79,Processed
RET003662,ORD0024097,SKU002208,2025-10-24,packaging torn item broken,1164.26,Processed
RET003663,ORD0114802,SKU005600,2025-11-12,arrived damaged!!,535.86,Processed
RET003664,ORD0049341,SKU008752,2026-10-23,broken on arrival,359.34,Processed
RET003665,ORD0114235,SKU005647,2026-03-14,cheap material,252.56,Processed
RET003666,ORD0093437,SKU009364,2025-04-16,size too small,413.29,Processed
RET003667,ORD0119890,SKU010363,2025-05-22,arrived damaged!!,2424.92,Processed
RET003668,ORD0067464,SKU011274,2025-11-15,fabric quality bad,790.58,Processed
RET003669,ORD0051370,SKU002134,2026-03-22,too tight,423.52,Processed
RET003670,ORD0107591,SKU002078,2026-05-16,size chart misleading,1550.77,Processed
RET003671,ORD0114494,SKU006331,2025-01-30,late delivery no longer needed,1027.75,Processed
RET003672,ORD0038178,SKU002609,2025-08-27,arrived after event,648.78,Processed
RET003673,ORD0055678,SKU004428,2025-12-10,size chart misleading,795.12,Pending
RET003674,ORD0096832,SKU002799,2025-01-22,product was cracked,281.94,Pending
RET003675,ORD0105532,SKU004416,2026-04-16,size chart misleading,1383.54,Processed
RET003676,ORD0057374,SKU000922,2026-11-27,too tight,3308.18,Processed
RET003677,ORD0109490,SKU010081,2025-07-23,Delayed delivery,234.56,Processed
RET003678,ORD0090357,SKU007231,2025-02-02,wrong colour delivered,569.39,Processed
RET003679,ORD0002627,SKU001546,2025-12-08,wrong item sent,716.33,Processed
RET003680,ORD0065751,SKU004171,2026-04-02,looks different online,890.14,Pending
RET003681,ORD0088544,SKU008533,2025-12-19,didnt fit,370.21,Processed
RET003682,ORD0096663,SKU000806,2025-03-18,Damaged in transit,218.81,Processed
RET003683,ORD0057021,SKU005134,2025-08-26,Damaged in transit,376.11,Processed
RET003684,ORD0056469,SKU003334,2026-05-17,item damaged,919.97,Processed
RET003685,ORD0109011,SKU000312,2025-02-17,size too small,1269.18,Processed
RET003686,ORD0025529,SKU000657,2026-12-05,SIZE PROBLEM,262.31,Processed
RET003687,ORD0115995,SKU005638,2025-08-31,arrived after event,3348.26,Processed
RET003688,ORD0105724,SKU010120,2025-07-05,colour different from image,305.95,Processed
RET003689,ORD0096663,SKU000564,2025-03-13,item damaged,592.91,Processed
RET003690,ORD0022015,SKU004979,2025-09-18,wrong size ordered,96.33,Processed
RET003691,ORD0066664,SKU007456,2025-07-12,found cheaper elsewhere,849.37,Processed
RET003692,ORD0045617,SKU010724,2025-06-30,item damaged,282.05,Processed
RET003693,ORD0000800,SKU010695,2025-02-18,wrong size ordered,762.35,Processed
RET003694,ORD0077688,SKU010255,2026-03-08,found cheaper elsewhere,1049.54,Processed
RET003695,ORD0105462,SKU011800,2025-05-02,quality not as expected,311.88,Processed
RET003696,ORD0049928,SKU009820,2025-03-06,defective piece,1372.55,Processed
RET003697,ORD0085268,SKU010537,2026-01-13,found cheaper elsewhere,292.31,Processed
RET003698,ORD0108195,SKU011698,2025-11-04,quality not as expected,237.32,Processed
RET003699,ORD0027610,SKU005976,2025-06-10,broken on arrival,1009.06,Processed
RET003700,ORD0063712,SKU005419,2026-02-13,size chart misleading,586.02,Processed
RET003701,ORD0086408,SKU004663,2026-06-05,size chart misleading,690.85,Processed
RET003702,ORD0059451,SKU008664,2026-03-13,arrived damaged!!,780.09,Processed
RET003703,ORD0056442,SKU003955,2025-02-01,Size issue,827.35,Processed
RET003704,ORD0070533,SKU006180,2025-06-26,size too small,192.54,Rejected
RET003705,ORD0044858,SKU005960,2025-02-09,wrong item sent,728.61,Processed
RET003706,ORD0047611,SKU010388,2025-11-29,different sku received,571.4,Processed
RET003707,ORD0097637,SKU005531,2026-01-13,size too small,567.94,Processed
RET003708,ORD0030429,SKU005358,2025-03-05,too tight,824.56,Processed
RET003709,ORD0088893,SKU005476,2026-05-19,Size issue,569.09,Processed
RET003710,ORD0038526,SKU008121,2026-03-16,received different product,1021.4,Pending
RET003711,ORD0048747,SKU008400,2025-12-20,different from website photo,374.61,Processed
RET003712,ORD0111624,SKU006304,2026-12-14,different sku received,893.22,Processed
RET003713,ORD0062971,SKU008834,2025-02-19,product was cracked,2203.1,Processed
RET003714,ORD0056977,SKU007999,2026-02-27,Size issue,2075.44,Pending
RET003715,ORD0054485,SKU003067,2025-04-11,cheap material,794.89,Processed
RET003716,ORD0026874,SKU001734,2026-07-02,size too small,374.4,Processed
RET003717,ORD0030764,SKU004874,2025-12-18,battery dead,1887.63,Processed
RET003718,ORD0104020,SKU012046,2025-12-25,Damaged in transit,254.18,Processed
RET003719,ORD0002099,SKU006457,2025-04-19,Not what I ordered,432.67,Processed
RET003720,ORD0059271,SKU011338,2026-06-01,size chart misleading,475.52,Processed
RET003721,ORD0017738,SKU008702,2025-12-08,product was cracked,603.34,Processed
RET003722,ORD0061749,SKU008625,2026-10-15,size too small,412.04,Pending
RET003723,ORD0044704,SKU010827,2025-03-18,ordered by mistake,3323.71,Processed
RET003724,ORD0035114,SKU012371,2026-05-27,packaging torn item broken,660.04,Processed
RET003725,ORD0062496,SKU011572,2025-07-16,ordered by mistake,1755.41,Processed
RET003726,ORD0069851,SKU001201,2025-02-13,item damaged,281.57,Pending
RET003727,ORD0017798,SKU008433,2026-01-02,found cheaper elsewhere,362.55,Processed
RET003728,ORD0013275,SKU008265,2025-05-30,different from website photo,422.21,Processed
RET003729,ORD0050448,SKU005998,2025-05-21,didnt fit,661.96,Processed
RET003730,ORD0109757,SKU005751,2025-06-19,quality not as expected,3421.4,Processed
RET003731,ORD0091571,SKU010205,2025-08-28,poor quality,283.25,Processed
RET003732,ORD0098948,SKU000513,2025-04-30,delivered too late,187.69,Processed
RET003733,ORD0056799,SKU000910,2026-04-10,no longer needed,299.56,Processed
RET003734,ORD0072251,SKU007126,2025-11-09,cheap material,1041.5,Processed
RET003735,ORD0088280,SKU011173,2025-07-02,changed my mind,786.83,Processed
RET003736,ORD0003926,SKU011971,2025-10-31,not durable,160.8,Processed
RET003737,ORD0074229,SKU007366,2026-11-24,product was cracked,155.39,Processed
RET003738,ORD0014277,SKU005444,2026-03-20,dont want it now,777.08,Processed
RET003739,ORD0087968,SKU004213,2025-05-10,poor quality,266.32,Processed
RET003740,ORD0019343,SKU007740,2025-04-06,not working,1347.67,Processed
RET003741,ORD0066837,SKU005724,2025-11-06,product was cracked,525.78,Processed
RET003742,ORD0106628,SKU001186,2025-03-18,dont want it now,362.01,Processed
RET003743,ORD0090705,SKU005882,2025-12-30,Not what I ordered,461.58,Processed
RET003744,ORD0029230,SKU005214,2026-03-25,Doesn't fit properly,318.59,Processed
RET003745,ORD0111361,SKU009187,2025-09-09,device faulty,1009.67,Processed
RET003746,ORD0052141,SKU005435,2025-02-19,poor quality,492.72,Processed
RET003747,ORD0042917,SKU012498,2025-12-27,arrived after event,748.24,Processed
RET003748,ORD0063493,SKU003884,2026-05-06,didnt fit,727.36,Processed
RET003749,ORD0116246,SKU002075,2025-11-14,poor quality,1388.22,Processed
RET003750,ORD0060968,SKU007395,2025-08-30,defective piece,896.26,Processed
RET003751,ORD0074387,SKU001379,2025-06-23,wrong size ordered,393.31,Processed
RET003752,ORD0071039,SKU008871,2026-06-30,size too small,364.22,Processed
RET003753,ORD0099890,SKU009127,2025-12-28,Size issue,465.64,Processed
RET003754,ORD0010164,SKU012473,2026-02-06,Damaged in transit,1142.4,Processed
RET003755,ORD0100419,SKU001028,2025-04-26,misleading description,464.79,Processed
RET003756,ORD0063020,SKU000573,2026-02-18,Quality issue,406.88,Pending
RET003757,ORD0092989,SKU006100,2025-10-10,colour different from image,66.95,Processed
RET003758,ORD0041825,SKU000863,2025-02-02,delivered too late,238.13,Pending
RET003759,ORD0026690,SKU003312,2025-04-23,product was cracked,289.52,Processed
RET003760,ORD0056804,SKU010829,2026-12-12,not durable,215.75,Processed
RET003761,ORD0073159,SKU000054,2025-10-03,wrong item sent,276.19,Processed
RET003762,ORD0051915,SKU009737,2025-05-23,size chart misleading,411.02,Processed
RET003763,ORD0050737,SKU010795,2025-10-27,Size issue,2088.46,Processed
RET003764,ORD0079410,SKU005199,2026-06-23,SIZE PROBLEM,1289.63,Processed
RET003765,ORD0038823,SKU012182,2026-01-07,SIZE PROBLEM,1106.2,Processed
RET003766,ORD0003571,SKU003289,2025-04-24,Quality issue,313.68,Processed
RET003767,ORD0077230,SKU010992,2025-04-12,size too small,1828.44,Processed
RET003768,ORD0107388,SKU007350,2025-11-28,Size issue,194.49,Rejected
RET003769,ORD0000363,SKU011141,2025-04-13,stopped working after a day,1070.46,Processed
RET003770,ORD0066720,SKU004428,2025-09-26,late delivery no longer needed,476.69,Processed
RET003771,ORD0115674,SKU005615,2025-04-25,not working,109.3,Pending
RET003772,ORD0108139,SKU001168,2025-11-11,battery dead,2022.54,Processed
RET003773,ORD0061443,SKU007048,2025-09-07,Quality issue,991.53,Pending
RET003774,ORD0044771,SKU008219,2026-03-18,looks different online,499.99,Processed
RET003775,ORD0013723,SKU011563,2026-11-27,not as described,437.4,Processed
RET003776,ORD0024633,SKU008513,2025-08-04,looks different online,327.17,Processed
RET003777,ORD0089639,SKU004791,2025-02-23,wrong size ordered,438.21,Processed
RET003778,ORD0087999,SKU003304,2025-06-17,size chart misleading,361.92,Processed
RET003779,ORD0093931,SKU010866,2025-10-07,not working,351.53,Rejected
RET003780,ORD0020725,SKU011184,2026-11-10,misleading description,461.25,Processed
RET003781,ORD0073157,SKU006206,2025-12-21,stopped working after a day,506.08,Processed
RET003782,ORD0073251,SKU001603,2025-01-08,different from website photo,142.96,Processed
RET003783,ORD0037569,SKU010373,2025-12-13,didnt fit,268.82,Processed
RET003784,ORD0075786,SKU010370,2026-03-11,dont want it now,1370.95,Processed
RET003785,ORD0046713,SKU003445,2026-07-02,size chart misleading,492.68,Processed
RET003786,ORD0080076,SKU000182,2025-02-18,wrong colour delivered,815.41,Processed
RET003787,ORD0058035,SKU010864,2026-06-09,poor quality,483.31,Processed
RET003788,ORD0003509,SKU008732,2026-04-28,packaging torn item broken,98.72,Processed
RET003789,ORD0100021,SKU002233,2026-05-25,Not what I ordered,429.25,Processed
RET003790,ORD0076607,SKU000614,2025-01-07,received different product,1301.92,Processed
RET003791,ORD0087819,SKU006402,2026-07-02,quality not as expected,724.64,Processed
RET003792,ORD0097219,SKU006129,2025-07-30,product was cracked,3042.41,Processed
RET003793,ORD0099817,SKU000996,2025-05-24,packaging torn item broken,276.45,Pending
RET003794,ORD0045769,SKU008283,2026-01-23,arrived damaged!!,1140.34,Processed
RET003795,ORD0023895,SKU006789,2025-09-26,different from website photo,701.71,Pending
RET003796,ORD0111792,SKU006270,2025-06-30,size too small,378.61,Processed
RET003797,ORD0099224,SKU008364,2025-10-29,Doesn't fit properly,755.67,Processed
RET003798,ORD0007327,SKU003923,2026-12-16,received different product,1237.52,Processed
RET003799,ORD0031151,SKU001864,2026-02-02,quality not as expected,799.1,Processed
RET003800,ORD0000467,SKU000596,2026-11-13,wrong item sent,274.94,Rejected
RET003801,ORD0038913,SKU010399,2025-06-26,didnt fit,2837.79,Processed
RET003802,ORD0001577,SKU003276,2025-11-06,Damaged in transit,621.29,Processed
RET003803,ORD0027657,SKU000353,2026-01-11,Quality issue,641.33,Processed
RET003804,ORD0034200,SKU012266,2026-12-07,packaging torn item broken,283.77,Processed
RET003805,ORD0076607,SKU011978,2025-01-24,wrong colour delivered,382.37,Processed
RET003806,ORD0087611,SKU005074,2026-11-06,wrong size ordered,459.65,Processed
RET003807,ORD0066462,SKU007145,2025-11-20,item damaged,462.91,Rejected
RET003808,ORD0074225,SKU008481,2025-02-03,no longer needed,1189.51,Pending
RET003809,ORD0009564,SKU007501,2026-06-20,device faulty,283.71,Processed
RET003810,ORD0073164,SKU009092,2025-03-07,Not what I ordered,408.83,Processed
RET003811,ORD0115647,SKU003269,2025-08-09,Delayed delivery,1027.89,Processed
RET003812,ORD0028552,SKU010893,2026-10-07,not durable,746.73,Processed
RET003813,ORD0000297,SKU003213,2025-06-14,too tight,548.26,Pending
RET003814,ORD0029719,SKU012349,2025-08-19,dont want it now,907.41,Processed
RET003815,ORD0108404,SKU000837,2025-02-23,cheap material,879.82,Processed
RET003816,ORD0034607,SKU008352,2025-10-13,size chart misleading,918.02,Processed
RET003817,ORD0002929,SKU001724,2026-04-07,found cheaper elsewhere,501.3,Processed
RET003818,ORD0050978,SKU003425,2025-02-28,too tight,261.74,Processed
RET003819,ORD0011325,SKU004693,2026-04-15,product was cracked,3137.75,Processed
RET003820,ORD0044503,SKU000575,2025-08-11,too tight,797.24,Processed
RET003821,ORD0046698,SKU011511,2026-05-22,packaging torn item broken,402.89,Processed
RET003822,ORD0049002,SKU008517,2026-01-20,different from website photo,759.75,Rejected
RET003823,ORD0052001,SKU009891,2025-08-11,too tight,572.73,Processed
RET003824,ORD0075250,SKU004222,2025-12-10,not durable,557.35,Pending
RET003825,ORD0098090,SKU009937,2025-10-09,arrived damaged!!,1036.7,Processed
RET003826,ORD0022429,SKU004592,2025-02-06,too tight,342.34,Processed
RET003827,ORD0100912,SKU009161,2025-11-07,fabric quality bad,449.32,Processed
RET003828,ORD0067171,SKU012221,2026-04-12,different sku received,455.01,Processed
RET003829,ORD0088030,SKU003909,2026-03-10,item damaged,649.74,Processed
RET003830,ORD0114839,SKU012394,2026-01-08,wrong size ordered,784.07,Processed
RET003831,ORD0006322,SKU007154,2025-10-11,fabric quality bad,73.14,Pending
RET003832,ORD0057351,SKU010594,2025-04-24,Doesn't fit properly,572.16,Processed
RET003833,ORD0093621,SKU000989,2025-09-02,quality not as expected,4154.03,Processed
RET003834,ORD0063116,SKU011717,2026-06-21,different from website photo,1500.69,Processed
RET003835,ORD0030231,SKU011120,2025-10-23,device faulty,2401.66,Processed
RET003836,ORD0045857,SKU004527,2026-05-31,fabric quality bad,959.78,Processed
RET003837,ORD0114235,SKU007347,2026-03-07,Quality issue,449.74,Processed
RET003838,ORD0111676,SKU002760,2025-11-25,not as described,1131.25,Processed
RET003839,ORD0006172,SKU009286,2025-05-30,looks different online,2103.36,Processed
RET003840,ORD0012702,SKU006705,2025-08-10,wrong size ordered,374.59,Pending
RET003841,ORD0007530,SKU005922,2025-11-07,ordered by mistake,176.47,Processed
RET003842,ORD0105772,SKU007834,2026-01-09,Damaged in transit,387.86,Pending
RET003843,ORD0011899,SKU006187,2025-07-22,product was cracked,1038.41,Processed
RET003844,ORD0067061,SKU011271,2025-05-30,fabric quality bad,367.62,Processed
RET003845,ORD0096058,SKU008431,2025-10-02,changed my mind,806.56,Processed
RET003846,ORD0118410,SKU000785,2025-11-04,different sku received,637.33,Processed
RET003847,ORD0103880,SKU005901,2025-02-23,defective piece,103.38,Processed
RET003848,ORD0025095,SKU006118,2025-04-06,broken on arrival,528.6,Pending
RET003849,ORD0109440,SKU003471,2025-05-08,misleading description,1794.89,Processed
RET003850,ORD0021851,SKU009380,2025-05-12,Size issue,1654.53,Processed
RET003851,ORD0091851,SKU007763,2026-11-14,size too small,734.93,Processed
RET003852,ORD0075250,SKU002609,2025-11-25,cheap material,519.96,Processed
RET003853,ORD0065587,SKU002258,2025-09-30,late delivery no longer needed,259.48,Processed
RET003854,ORD0066932,SKU008652,2026-02-19,too tight,70.2,Processed
RET003855,ORD0012574,SKU003102,2026-04-07,quality not as expected,557.52,Processed
RET003856,ORD0021156,SKU007634,2026-02-19,wrong size ordered,623.55,Rejected
RET003857,ORD0091243,SKU003895,2025-11-12,fabric quality bad,376.86,Processed
RET003858,ORD0112279,SKU002175,2025-06-22,size too small,655.43,Processed
RET003859,ORD0030077,SKU012268,2025-12-25,didnt fit,451.4,Processed
RET003860,ORD0075744,SKU004628,2026-10-13,packaging torn item broken,344.32,Processed
RET003861,ORD0058782,SKU011923,2026-01-19,ordered by mistake,382.54,Processed
RET003862,ORD0040346,SKU010718,2025-08-11,Size issue,601.84,Processed
RET003863,ORD0111961,SKU010559,2025-03-28,found cheaper elsewhere,464.59,Processed
RET003864,ORD0075858,SKU004446,2025-08-19,size chart misleading,2167.43,Processed
RET003865,ORD0042342,SKU009065,2026-10-15,stopped working after a day,353.26,Processed
RET003866,ORD0065458,SKU003038,2025-02-11,product was cracked,1209.43,Processed
RET003867,ORD0026686,SKU000284,2025-06-28,not as described,207.71,Processed
RET003868,ORD0096773,SKU008107,2026-03-09,late delivery no longer needed,3466.92,Processed
RET003869,ORD0108120,SKU011067,2025-08-05,Damaged in transit,536.2,Pending
RET003870,ORD0089825,SKU012392,2026-10-09,cheap material,579.39,Processed
RET003871,ORD0035324,SKU008179,2025-05-06,size too small,337.26,Pending
RET003872,ORD0024375,SKU010274,2025-02-16,arrived damaged!!,460.78,Processed
RET003873,ORD0054910,SKU007241,2025-02-18,defective piece,635.81,Pending
RET003874,ORD0112852,SKU006636,2025-11-25,dont want it now,1532.0,Processed
RET003875,ORD0000113,SKU004758,2025-08-06,Quality issue,823.1,Processed
RET003876,ORD0009748,SKU010378,2026-12-07,arrived damaged!!,318.87,Processed
RET003877,ORD0015723,SKU011477,2025-10-13,wrong size ordered,928.14,Processed
RET003878,ORD0109387,SKU003148,2026-02-25,size too small,619.97,Processed
RET003879,ORD0069044,SKU003322,2025-10-29,fabric quality bad,776.64,Processed
RET003880,ORD0075996,SKU000605,2025-08-05,Quality issue,712.28,Processed
RET003881,ORD0030856,SKU001142,2025-05-11,ordered by mistake,792.57,Processed
RET003882,ORD0022658,SKU002603,2025-04-17,Size issue,2021.52,Processed
RET003883,ORD0058202,SKU003816,2026-10-20,size chart misleading,283.16,Processed
RET003884,ORD0057608,SKU003802,2025-10-28,Doesn't fit properly,480.71,Processed
RET003885,ORD0023139,SKU003588,2026-01-27,didnt fit,170.59,Processed
RET003886,ORD0032207,SKU002943,2025-11-06,arrived after event,616.79,Processed
RET003887,ORD0076731,SKU010068,2025-11-27,not working,457.76,Processed
RET003888,ORD0053608,SKU003868,2026-04-30,not durable,701.99,Processed
RET003889,ORD0099467,SKU005795,2026-06-24,Damaged in transit,404.31,Processed
RET003890,ORD0088237,SKU012329,2026-02-21,fabric quality bad,553.95,Processed
RET003891,ORD0048537,SKU002323,2025-02-21,didnt fit,451.13,Processed
RET003892,ORD0038279,SKU005672,2026-01-04,arrived after event,1205.22,Processed
RET003893,ORD0075879,SKU010877,2026-05-14,Damaged in transit,909.39,Processed
RET003894,ORD0073251,SKU007751,2025-02-03,item damaged,196.13,Processed
RET003895,ORD0014389,SKU000949,2025-10-29,SIZE PROBLEM,685.33,Processed
RET003896,ORD0085245,SKU000479,2025-05-07,delivered too late,147.15,Processed
RET003897,ORD0021319,SKU009257,2025-02-04,colour different from image,320.28,Processed
RET003898,ORD0040374,SKU001988,2026-02-04,quality not as expected,566.39,Processed
RET003899,ORD0048774,SKU000856,2026-01-25,different sku received,233.36,Rejected
RET003900,ORD0008632,SKU004499,2025-12-18,arrived damaged!!,352.38,Pending
RET003901,ORD0061548,SKU001528,2025-11-11,fabric quality bad,1201.55,Processed
RET003902,ORD0057430,SKU007806,2025-10-31,arrived damaged!!,334.84,Processed
RET003903,ORD0010224,SKU008898,2026-06-05,cheap material,909.47,Processed
RET003904,ORD0068572,SKU002036,2025-07-31,different sku received,1035.0,Processed
RET003905,ORD0109523,SKU003182,2025-04-13,not durable,533.93,Processed
RET003906,ORD0035115,SKU010458,2025-07-11,colour different from image,392.78,Processed
RET003907,ORD0061775,SKU006609,2025-11-09,found cheaper elsewhere,1016.44,Processed
RET003908,ORD0058546,SKU000107,2025-06-17,too tight,987.1,Processed
RET003909,ORD0093784,SKU006390,2026-02-21,Damaged in transit,397.59,Processed
RET003910,ORD0058877,SKU005745,2026-05-14,didnt fit,455.18,Processed
RET003911,ORD0073129,SKU003961,2026-05-16,looks different online,1058.76,Processed
RET003912,ORD0027468,SKU011660,2026-01-14,size chart misleading,416.06,Processed
RET003913,ORD0048723,SKU001571,2025-09-26,Damaged in transit,1542.45,Processed
RET003914,ORD0112469,SKU001467,2026-10-12,fabric quality bad,93.45,Processed
RET003915,ORD0067390,SKU012498,2026-05-07,fabric quality bad,2437.27,Processed
RET003916,ORD0080966,SKU005032,2025-11-21,size too small,673.32,Processed
RET003917,ORD0113486,SKU011802,2026-04-08,broken on arrival,1714.24,Processed
RET003918,ORD0069382,SKU004024,2025-03-11,misleading description,2179.26,Processed
RET003919,ORD0031851,SKU001275,2025-10-17,arrived after event,652.09,Processed
RET003920,ORD0086657,SKU011927,2025-10-20,changed my mind,198.05,Processed
RET003921,ORD0014817,SKU003926,2026-02-02,packaging torn item broken,159.41,Rejected
RET003922,ORD0052001,SKU011168,2025-08-09,stopped working after a day,118.32,Processed
RET003923,ORD0107271,SKU005592,2026-01-27,Not what I ordered,410.99,Processed
RET003924,ORD0089553,SKU002350,2025-03-14,dont want it now,662.0,Processed
RET003925,ORD0108454,SKU000394,2026-10-26,late delivery no longer needed,458.69,Processed
RET003926,ORD0037568,SKU004028,2025-05-08,wrong colour delivered,202.11,Pending
RET003927,ORD0080938,SKU001817,2026-06-15,Damaged in transit,341.98,Processed
RET003928,ORD0047087,SKU002559,2026-07-25,different from website photo,351.66,Processed
RET003929,ORD0084388,SKU002279,2026-10-16,too tight,211.49,Processed
RET003930,ORD0103255,SKU009284,2026-01-02,different sku received,888.39,Processed
RET003931,ORD0033264,SKU008880,2025-02-02,Doesn't fit properly,438.11,Processed
RET003932,ORD0097293,SKU010033,2025-10-18,Size issue,704.68,Processed
RET003933,ORD0038842,SKU008247,2025-05-19,Quality issue,1261.37,Processed
RET003934,ORD0118400,SKU002609,2025-08-10,SIZE PROBLEM,329.52,Processed
RET003935,ORD0046712,SKU008167,2025-03-20,not as described,522.34,Processed
RET003936,ORD0019999,SKU008683,2025-12-31,wrong size ordered,71.97,Processed
RET003937,ORD0060605,SKU005755,2025-08-31,Quality issue,2537.61,Processed
RET003938,ORD0060693,SKU003985,2026-04-21,late delivery no longer needed,264.19,Processed
RET003939,ORD0062939,SKU009551,2025-05-17,wrong size ordered,471.54,Processed
RET003940,ORD0048660,SKU004319,2025-11-25,product was cracked,373.72,Processed
RET003941,ORD0088024,SKU004385,2025-08-15,received different product,840.18,Rejected
RET003942,ORD0076877,SKU011672,2026-02-11,fabric quality bad,571.42,Processed
RET003943,ORD0059871,SKU011490,2025-03-07,wrong item sent,1816.26,Processed
RET003944,ORD0109282,SKU002318,2026-11-14,received different product,171.68,Processed
RET003945,ORD0045835,SKU010669,2026-11-06,wrong size ordered,499.07,Processed
RET003946,ORD0052110,SKU008552,2025-02-24,different sku received,108.86,Processed
RET003947,ORD0055583,SKU001015,2025-04-09,didnt fit,1600.13,Pending
RET003948,ORD0051676,SKU000212,2025-09-04,colour different from image,628.11,Processed
RET003949,ORD0114648,SKU001023,2025-05-27,arrived after event,720.1,Processed
RET003950,ORD0019790,SKU011157,2025-08-20,not durable,385.91,Rejected
RET003951,ORD0107088,SKU005151,2025-05-20,fabric quality bad,587.68,Processed
RET003952,ORD0076199,SKU001037,2025-01-31,misleading description,380.9,Processed
RET003953,ORD0027954,SKU010525,2025-11-21,size chart misleading,156.2,Processed
RET003954,ORD0037671,SKU004607,2026-02-15,defective piece,5235.92,Processed
RET003955,ORD0015334,SKU004307,2025-08-13,Delayed delivery,1433.01,Processed
RET003956,ORD0069095,SKU001828,2026-10-10,fabric quality bad,806.16,Processed
RET003957,ORD0088510,SKU005908,2025-02-27,not working,178.05,Processed
RET003958,ORD0078541,SKU011527,2026-03-19,Quality issue,1270.03,Processed
RET003959,ORD0114331,SKU009608,2025-11-25,found cheaper elsewhere,1347.0,Processed
RET003960,ORD0023855,SKU011551,2025-06-26,Doesn't fit properly,1395.46,Processed
RET003961,ORD0090336,SKU005804,2026-03-21,not as described,679.63,Pending
RET003962,ORD0035052,SKU007264,2025-12-26,stopped working after a day,1148.8,Processed
RET003963,ORD0118926,SKU001572,2026-05-15,product was cracked,207.92,Pending
RET003964,ORD0066052,SKU012091,2026-04-21,Not what I ordered,1081.19,Processed
RET003965,ORD0075072,SKU004330,2025-03-05,Size issue,682.12,Processed
RET003966,ORD0035673,SKU004330,2026-04-11,SIZE PROBLEM,325.35,Processed
RET003967,ORD0108274,SKU003223,2025-08-13,packaging torn item broken,390.94,Processed
RET003968,ORD0043862,SKU007682,2026-06-12,arrived after event,503.98,Processed
RET003969,ORD0032374,SKU006756,2025-10-22,Not what I ordered,1588.9,Processed
RET003970,ORD0042821,SKU011827,2025-04-20,Not what I ordered,465.54,Processed
RET003971,ORD0081565,SKU011502,2026-05-03,not working,421.82,Processed
RET003972,ORD0109566,SKU003748,2026-03-15,didnt fit,760.29,Processed
RET003973,ORD0119963,SKU009672,2026-06-06,arrived damaged!!,1644.4,Processed
RET003974,ORD0026165,SKU006327,2026-02-04,size too small,442.52,Processed
RET003975,ORD0019627,SKU003062,2025-12-04,Size issue,313.82,Processed
RET003976,ORD0081828,SKU002962,2025-06-18,packaging torn item broken,791.49,Processed
RET003977,ORD0025193,SKU008434,2026-07-08,received different product,471.16,Processed
RET003978,ORD0073415,SKU004419,2026-02-05,different sku received,2002.45,Processed
RET003979,ORD0050029,SKU002938,2025-07-11,size too small,900.85,Processed
RET003980,ORD0027929,SKU005165,2026-11-03,broken on arrival,1940.1,Processed
RET003981,ORD0066223,SKU003242,2026-11-09,didnt fit,301.32,Processed
RET003982,ORD0010964,SKU007442,2025-11-07,broken on arrival,945.63,Processed
RET003983,ORD0107388,SKU000952,2025-12-14,wrong item sent,920.74,Processed
RET003984,ORD0074415,SKU011289,2026-01-03,fabric quality bad,801.38,Processed
RET003985,ORD0114744,SKU011753,2025-11-10,Delayed delivery,491.5,Processed
RET003986,ORD0043939,SKU007415,2026-12-04,fabric quality bad,403.14,Processed
RET003987,ORD0118969,SKU010302,2025-10-18,broken on arrival,962.62,Processed
RET003988,ORD0087105,SKU003699,2026-02-04,looks different online,250.15,Processed
RET003989,ORD0098634,SKU002942,2025-11-06,broken on arrival,392.7,Processed
RET003990,ORD0051868,SKU004869,2025-04-18,product was cracked,990.22,Processed
RET003991,ORD0036743,SKU009107,2025-09-17,didnt fit,503.4,Processed
RET003992,ORD0103437,SKU010217,2025-08-09,too tight,182.7,Processed
RET003993,ORD0090153,SKU004775,2025-08-02,delivered too late,1272.87,Processed
RET003994,ORD0060352,SKU008330,2026-04-15,packaging torn item broken,149.68,Processed
RET003995,ORD0013169,SKU006033,2026-04-07,didnt fit,56.94,Pending
RET003996,ORD0005695,SKU007399,2025-07-31,Not what I ordered,1073.84,Processed
RET003997,ORD0022794,SKU005696,2026-01-25,fabric quality bad,243.8,Processed
RET003998,ORD0086522,SKU009206,2026-05-26,battery dead,322.41,Processed
RET003999,ORD0059071,SKU001829,2025-01-22,different sku received,1102.97,Processed
RET004000,ORD0115522,SKU006359,2025-09-06,not durable,339.06,Processed
RET004001,ORD0074717,SKU010748,2026-11-13,SIZE PROBLEM,745.45,Processed
RET004002,ORD0039932,SKU007969,2025-03-09,different from website photo,490.64,Processed
RET004003,ORD0011919,SKU007789,2026-06-16,wrong colour delivered,354.34,Processed
RET004004,ORD0112368,SKU005538,2026-03-22,different from website photo,241.1,Processed
RET004005,ORD0014925,SKU005000,2025-11-12,quality not as expected,458.23,Pending
RET004006,ORD0016710,SKU011479,2025-05-15,item damaged,2633.8,Processed
RET004007,ORD0103148,SKU004107,2025-04-18,Doesn't fit properly,497.33,Processed
RET004008,ORD0041972,SKU003398,2025-11-26,battery dead,785.6,Processed
RET004009,ORD0008926,SKU002843,2026-03-02,wrong size ordered,485.56,Processed
RET004010,ORD0009553,SKU004248,2026-05-15,Not what I ordered,482.94,Processed
RET004011,ORD0004063,SKU000919,2026-07-04,found cheaper elsewhere,1127.51,Processed
RET004012,ORD0025775,SKU012333,2025-09-05,broken on arrival,397.28,Processed
RET004013,ORD0069418,SKU010148,2025-08-16,cheap material,674.35,Processed
RET004014,ORD0105909,SKU000774,2025-10-19,wrong item sent,1036.27,Processed
RET004015,ORD0018080,SKU011295,2026-07-04,Doesn't fit properly,1372.66,Processed
RET004016,ORD0009318,SKU006761,2025-12-07,different from website photo,1069.21,Processed
RET004017,ORD0027839,SKU009716,2025-07-07,different from website photo,502.6,Processed
RET004018,ORD0101629,SKU000631,2025-11-14,didnt fit,1446.66,Processed
RET004019,ORD0037579,SKU009021,2026-05-03,Quality issue,105.3,Processed
RET004020,ORD0008156,SKU010473,2025-11-15,wrong item sent,410.91,Processed
RET004021,ORD0058237,SKU005082,2025-01-16,Damaged in transit,2517.89,Processed
RET004022,ORD0084668,SKU001187,2025-04-29,broken on arrival,875.94,Processed
RET004023,ORD0047461,SKU006794,2025-05-23,quality not as expected,471.5,Processed
RET004024,ORD0108216,SKU008864,2025-04-02,size too small,2714.83,Processed
RET004025,ORD0056603,SKU002691,2025-04-26,Doesn't fit properly,218.55,Pending
RET004026,ORD0044013,SKU011512,2026-03-25,packaging torn item broken,2595.06,Processed
RET004027,ORD0055445,SKU006841,2025-04-30,different sku received,341.43,Processed
RET004028,ORD0117689,SKU010087,2026-03-07,didnt fit,690.01,Processed
RET004029,ORD0025383,SKU006526,2025-03-02,colour different from image,374.22,Pending
RET004030,ORD0101711,SKU003512,2025-07-03,fabric quality bad,961.1,Processed
RET004031,ORD0094314,SKU001425,2025-12-26,different sku received,1322.32,Processed
RET004032,ORD0022886,SKU006387,2025-11-04,ordered by mistake,711.25,Processed
RET004033,ORD0071837,SKU000873,2025-05-28,product was cracked,825.71,Pending
RET004034,ORD0033387,SKU009531,2026-03-01,wrong colour delivered,625.21,Processed
RET004035,ORD0109484,SKU003660,2025-09-15,dont want it now,949.51,Processed
RET004036,ORD0041855,SKU007421,2026-10-27,size chart misleading,513.83,Processed
RET004037,ORD0094013,SKU004213,2025-11-26,size too small,921.29,Processed
RET004038,ORD0053607,SKU006452,2026-01-05,Quality issue,699.79,Processed
RET004039,ORD0011888,SKU007239,2025-11-21,defective piece,547.29,Processed
RET004040,ORD0033623,SKU001345,2026-01-20,defective piece,390.39,Processed
RET004041,ORD0111934,SKU007939,2026-11-06,Damaged in transit,1408.71,Processed
RET004042,ORD0036838,SKU001783,2026-02-03,wrong colour delivered,1100.41,Processed
RET004043,ORD0004689,SKU008002,2025-01-14,fabric quality bad,641.04,Processed
RET004044,ORD0037480,SKU010509,2026-02-12,Size issue,683.8,Processed
RET004045,ORD0014611,SKU000568,2025-04-15,arrived damaged!!,697.0,Rejected
RET004046,ORD0016059,SKU001102,2025-10-12,quality not as expected,1073.17,Processed
RET004047,ORD0016738,SKU008230,2025-02-11,product was cracked,1584.81,Processed
RET004048,ORD0009260,SKU010611,2025-11-30,size chart misleading,2921.27,Processed
RET004049,ORD0065750,SKU005364,2026-05-10,battery dead,652.88,Processed
RET004050,ORD0092921,SKU011759,2025-05-09,different sku received,935.11,Processed
RET004051,ORD0058706,SKU011011,2025-06-12,misleading description,944.15,Processed
RET004052,ORD0059180,SKU012090,2026-01-21,not durable,363.02,Processed
RET004053,ORD0109132,SKU006298,2026-05-11,size chart misleading,912.66,Processed
RET004054,ORD0027592,SKU008099,2025-01-15,not working,356.75,Pending
RET004055,ORD0024804,SKU009627,2025-09-09,delivered too late,851.31,Processed
RET004056,ORD0098402,SKU005882,2026-03-19,product was cracked,1412.22,Processed
RET004057,ORD0023347,SKU002794,2025-09-20,ordered by mistake,399.47,Processed
RET004058,ORD0018657,SKU000034,2025-06-06,Quality issue,2054.38,Processed
RET004059,ORD0016974,SKU012429,2025-08-17,looks different online,275.28,Processed
RET004060,ORD0111739,SKU000013,2025-10-22,different from website photo,746.28,Processed
RET004061,ORD0057245,SKU005071,2025-09-02,cheap material,1369.37,Processed
RET004062,ORD0105275,SKU004726,2025-10-31,item damaged,300.2,Pending
RET004063,ORD0028573,SKU011680,2025-07-11,Quality issue,1686.62,Processed
RET004064,ORD0034779,SKU009718,2025-10-27,arrived damaged!!,246.16,Processed
RET004065,ORD0119011,SKU002270,2026-03-08,colour different from image,799.01,Processed
RET004066,ORD0119681,SKU003800,2026-03-16,fabric quality bad,104.08,Processed
RET004067,ORD0006247,SKU009956,2025-11-08,no longer needed,512.34,Processed
RET004068,ORD0109659,SKU012483,2025-06-08,different sku received,162.21,Processed
RET004069,ORD0069083,SKU000774,2025-11-20,colour different from image,954.3,Processed
RET004070,ORD0021094,SKU004055,2025-09-04,misleading description,469.65,Processed
RET004071,ORD0003974,SKU002703,2025-05-04,changed my mind,218.29,Processed
RET004072,ORD0093982,SKU003861,2026-03-17,looks different online,2754.16,Pending
RET004073,ORD0064794,SKU003625,2025-02-11,quality not as expected,425.26,Processed
RET004074,ORD0109604,SKU006277,2026-04-17,too tight,3047.39,Processed
RET004075,ORD0016435,SKU007145,2026-02-04,cheap material,296.58,Processed
RET004076,ORD0095137,SKU005856,2025-09-04,received different product,413.38,Processed
RET004077,ORD0049767,SKU009911,2025-11-05,didnt fit,940.16,Processed
RET004078,ORD0016479,SKU001676,2025-12-11,cheap material,657.85,Processed
RET004079,ORD0057700,SKU009885,2026-06-30,too tight,517.82,Processed
RET004080,ORD0107157,SKU000515,2025-04-20,wrong size ordered,536.18,Processed
RET004081,ORD0099156,SKU010413,2025-12-03,stopped working after a day,558.16,Processed
RET004082,ORD0092024,SKU000064,2026-04-01,Doesn't fit properly,169.99,Processed
RET004083,ORD0082183,SKU002001,2026-02-22,quality not as expected,307.29,Processed
RET004084,ORD0110034,SKU001547,2025-05-06,broken on arrival,760.6,Processed
RET004085,ORD0099523,SKU009924,2025-10-13,defective piece,2472.51,Processed
RET004086,ORD0091199,SKU008864,2026-05-04,different from website photo,532.47,Processed
RET004087,ORD0086624,SKU003540,2025-11-07,arrived damaged!!,1506.29,Processed
RET004088,ORD0020365,SKU008806,2026-11-04,packaging torn item broken,110.07,Processed
RET004089,ORD0013388,SKU002278,2025-12-09,didnt fit,1348.2,Processed
RET004090,ORD0112368,SKU009170,2026-03-20,wrong size ordered,1768.99,Processed
RET004091,ORD0118473,SKU002752,2025-12-03,broken on arrival,933.66,Pending
RET004092,ORD0107202,SKU000874,2025-03-08,defective piece,391.16,Processed
RET004093,ORD0067370,SKU011367,2026-11-01,size chart misleading,867.24,Processed
RET004094,ORD0034889,SKU010650,2025-09-26,delivered too late,1258.37,Pending
RET004095,ORD0038076,SKU000061,2026-05-31,different sku received,684.67,Processed
RET004096,ORD0046283,SKU001506,2026-12-06,packaging torn item broken,1028.85,Processed
RET004097,ORD0009713,SKU007460,2025-09-11,fabric quality bad,823.19,Processed
RET004098,ORD0025961,SKU001381,2025-11-06,wrong size ordered,103.51,Processed
RET004099,ORD0111306,SKU004096,2026-05-04,wrong item sent,1059.19,Processed
RET004100,ORD0009247,SKU000704,2025-06-23,fabric quality bad,101.54,Processed
RET004101,ORD0058587,SKU011247,2026-03-10,size chart misleading,537.71,Processed
RET004102,ORD0019734,SKU011640,2026-04-07,poor quality,1547.91,Pending
RET004103,ORD0118629,SKU007479,2026-02-27,Not what I ordered,1074.96,Processed
RET004104,ORD0033382,SKU003319,2026-01-22,stopped working after a day,307.5,Processed
RET004105,ORD0067401,SKU002041,2026-03-27,different from website photo,575.84,Processed
RET004106,ORD0096486,SKU001109,2026-02-20,fabric quality bad,2325.87,Processed
RET004107,ORD0062595,SKU001522,2026-03-06,broken on arrival,1447.94,Processed
RET004108,ORD0104264,SKU001178,2025-10-19,wrong size ordered,1730.63,Processed
RET004109,ORD0055143,SKU009434,2025-11-02,Not what I ordered,346.4,Processed
RET004110,ORD0043920,SKU010620,2025-08-09,Size issue,352.36,Processed
RET004111,ORD0013000,SKU001487,2026-03-16,ordered by mistake,2864.96,Processed
RET004112,ORD0068549,SKU006974,2025-09-27,late delivery no longer needed,186.91,Processed
RET004113,ORD0043619,SKU001736,2025-05-28,Not what I ordered,380.48,Processed
RET004114,ORD0065780,SKU010066,2026-06-19,late delivery no longer needed,671.98,Processed
RET004115,ORD0111644,SKU007555,2026-10-29,too tight,959.3,Processed
RET004116,ORD0042627,SKU008008,2025-12-20,size too small,530.3,Processed
RET004117,ORD0076857,SKU004053,2025-02-02,changed my mind,1157.86,Processed
RET004118,ORD0070630,SKU011809,2025-06-05,ordered by mistake,361.44,Processed
RET004119,ORD0060832,SKU008652,2026-04-18,wrong colour delivered,1213.71,Processed
RET004120,ORD0053509,SKU001789,2026-11-16,packaging torn item broken,1440.58,Processed
RET004121,ORD0005651,SKU006719,2025-10-01,poor quality,209.39,Pending
RET004122,ORD0089698,SKU006799,2026-02-13,Size issue,331.96,Processed
RET004123,ORD0056134,SKU007205,2025-08-06,SIZE PROBLEM,615.62,Processed
RET004124,ORD0117470,SKU006425,2025-12-27,SIZE PROBLEM,213.21,Processed
RET004125,ORD0102512,SKU004310,2026-06-01,Size issue,1337.77,Processed
RET004126,ORD0031883,SKU007123,2026-02-13,wrong item sent,299.46,Processed
RET004127,ORD0083169,SKU000869,2025-07-16,misleading description,411.83,Processed
RET004128,ORD0078324,SKU008320,2025-06-03,not durable,645.35,Processed
RET004129,ORD0014945,SKU007119,2026-01-30,SIZE PROBLEM,1545.28,Processed
RET004130,ORD0013373,SKU011253,2025-07-26,not durable,1194.9,Processed
RET004131,ORD0115921,SKU007992,2025-08-14,different from website photo,931.57,Processed
RET004132,ORD0089825,SKU005984,2026-10-23,changed my mind,1760.28,Pending
RET004133,ORD0100090,SKU002441,2025-06-13,SIZE PROBLEM,150.14,Pending
RET004134,ORD0049173,SKU005160,2026-03-09,colour different from image,738.98,Processed
RET004135,ORD0077606,SKU001553,2025-04-09,too tight,2786.95,Rejected
RET004136,ORD0079603,SKU010564,2025-12-09,battery dead,652.63,Processed
RET004137,ORD0023934,SKU008128,2025-01-25,packaging torn item broken,3312.02,Processed
RET004138,ORD0073852,SKU009278,2025-10-11,wrong item sent,208.98,Processed
RET004139,ORD0063014,SKU007660,2025-06-01,packaging torn item broken,1258.13,Processed
RET004140,ORD0055826,SKU002375,2026-04-04,item damaged,414.93,Processed
RET004141,ORD0032374,SKU000514,2025-10-20,poor quality,1208.8,Pending
RET004142,ORD0007306,SKU008996,2025-03-02,product was cracked,5290.15,Processed
RET004143,ORD0102180,SKU005750,2025-07-22,wrong colour delivered,968.02,Processed
RET004144,ORD0074574,SKU003092,2025-11-11,SIZE PROBLEM,427.87,Pending
RET004145,ORD0041034,SKU010594,2025-02-11,size too small,441.71,Processed
RET004146,ORD0052656,SKU008864,2025-08-13,dont want it now,1126.27,Processed
RET004147,ORD0103049,SKU010550,2026-03-25,different sku received,1675.55,Processed
RET004148,ORD0065913,SKU005818,2025-06-07,Quality issue,436.98,Processed
RET004149,ORD0085498,SKU007495,2025-08-06,wrong colour delivered,930.99,Processed
RET004150,ORD0002589,SKU009443,2025-11-22,Doesn't fit properly,476.97,Processed
RET004151,ORD0056621,SKU011774,2025-02-23,wrong colour delivered,189.34,Processed
RET004152,ORD0075263,SKU007443,2025-12-14,Doesn't fit properly,1511.71,Processed
RET004153,ORD0056785,SKU010333,2025-10-22,SIZE PROBLEM,2069.31,Processed
RET004154,ORD0100421,SKU000793,2025-04-06,colour different from image,928.89,Processed
RET004155,ORD0035436,SKU005597,2025-09-03,wrong colour delivered,535.97,Processed
RET004156,ORD0101718,SKU001085,2025-11-11,different from website photo,503.9,Processed
RET004157,ORD0066111,SKU001162,2025-10-25,looks different online,104.43,Processed
RET004158,ORD0105881,SKU005459,2025-03-10,no longer needed,638.95,Processed
RET004159,ORD0055545,SKU003013,2026-07-22,didnt fit,315.71,Processed
RET004160,ORD0042623,SKU011017,2025-03-28,ordered by mistake,1753.43,Processed
RET004161,ORD0092536,SKU001988,2026-04-22,ordered by mistake,326.77,Processed
RET004162,ORD0026175,SKU005778,2025-11-04,not durable,288.14,Processed
RET004163,ORD0032579,SKU000439,2026-02-11,Damaged in transit,922.73,Processed
RET004164,ORD0077379,SKU000272,2025-07-08,wrong size ordered,1206.23,Processed
RET004165,ORD0037530,SKU011826,2026-05-19,different from website photo,352.78,Pending
RET004166,ORD0107903,SKU009341,2026-03-07,size chart misleading,1120.04,Processed
RET004167,ORD0108514,SKU012243,2026-04-03,battery dead,71.9,Processed
RET004168,ORD0083506,SKU005192,2025-04-12,different sku received,616.22,Processed
RET004169,ORD0025619,SKU009827,2026-04-17,colour different from image,189.01,Processed
RET004170,ORD0072572,SKU006422,2026-05-10,SIZE PROBLEM,1288.74,Processed
RET004171,ORD0081988,SKU010673,2026-12-09,broken on arrival,148.49,Processed
RET004172,ORD0068357,SKU007908,2025-09-22,packaging torn item broken,1072.31,Processed
RET004173,ORD0091897,SKU001510,2025-12-04,wrong colour delivered,93.86,Processed
RET004174,ORD0055812,SKU007861,2026-01-10,not working,192.36,Processed
RET004175,ORD0029711,SKU011907,2025-10-17,battery dead,496.41,Processed
RET004176,ORD0060965,SKU002447,2026-03-05,size too small,504.73,Processed
RET004177,ORD0001909,SKU010107,2025-11-14,fabric quality bad,334.74,Processed
RET004178,ORD0009169,SKU007187,2026-06-12,delivered too late,853.29,Processed
RET004179,ORD0088211,SKU004350,2026-03-01,fabric quality bad,7873.09,Processed
RET004180,ORD0069163,SKU000126,2025-04-22,packaging torn item broken,1026.56,Processed
RET004181,ORD0076770,SKU010837,2025-07-27,received different product,941.83,Processed
RET004182,ORD0015763,SKU004725,2026-05-11,colour different from image,240.06,Processed
RET004183,ORD0014039,SKU000556,2026-03-21,fabric quality bad,971.29,Processed
RET004184,ORD0104674,SKU001186,2026-12-13,not as described,122.26,Processed
RET004185,ORD0111140,SKU008792,2026-07-14,Not what I ordered,592.05,Processed
RET004186,ORD0002748,SKU010857,2026-01-04,battery dead,2469.65,Processed
RET004187,ORD0044464,SKU002635,2025-04-25,delivered too late,516.14,Processed
RET004188,ORD0058133,SKU011541,2025-02-11,quality not as expected,779.14,Processed
RET004189,ORD0066521,SKU008291,2025-08-24,changed my mind,1534.78,Pending
RET004190,ORD0021596,SKU010259,2025-10-03,fabric quality bad,3227.24,Processed
RET004191,ORD0066019,SKU009731,2025-10-27,delivered too late,1476.22,Processed
RET004192,ORD0068479,SKU008886,2025-07-23,wrong item sent,818.02,Processed
RET004193,ORD0004921,SKU003504,2025-11-01,colour different from image,471.98,Processed
RET004194,ORD0048480,SKU001323,2026-04-22,packaging torn item broken,248.18,Processed
RET004195,ORD0114548,SKU003194,2025-04-13,wrong size ordered,476.74,Processed
RET004196,ORD0086581,SKU010224,2026-11-04,dont want it now,713.84,Processed
RET004197,ORD0066483,SKU001032,2025-10-07,found cheaper elsewhere,1394.8,Pending
RET004198,ORD0092680,SKU010865,2026-12-02,ordered by mistake,538.76,Processed
RET004199,ORD0085084,SKU001600,2025-01-15,different from website photo,422.86,Processed
RET004200,ORD0000931,SKU001620,2026-02-03,product was cracked,384.74,Rejected
RET004201,ORD0091321,SKU001502,2026-05-12,quality not as expected,909.4,Processed
RET004202,ORD0087147,SKU011211,2025-11-18,colour different from image,167.16,Pending
RET004203,ORD0117745,SKU008363,2025-12-12,wrong size ordered,1067.95,Processed
RET004204,ORD0019180,SKU009694,2025-08-14,Doesn't fit properly,261.54,Processed
RET004205,ORD0105690,SKU004442,2026-07-02,Doesn't fit properly,2480.72,Processed
RET004206,ORD0027322,SKU005995,2025-12-09,not working,297.46,Processed
RET004207,ORD0085894,SKU002763,2025-08-14,late delivery no longer needed,751.42,Processed
RET004208,ORD0033771,SKU009220,2026-07-07,received different product,331.78,Processed
RET004209,ORD0005905,SKU007162,2026-01-12,size chart misleading,376.34,Processed
RET004210,ORD0009260,SKU011325,2025-11-19,device faulty,218.97,Processed
RET004211,ORD0071556,SKU002709,2025-05-12,not durable,784.48,Rejected
RET004212,ORD0089773,SKU007091,2026-04-22,product was cracked,516.46,Processed
RET004213,ORD0113383,SKU002755,2025-04-19,poor quality,838.22,Processed
RET004214,ORD0100635,SKU010679,2025-08-29,found cheaper elsewhere,1045.08,Processed
RET004215,ORD0068572,SKU003385,2025-07-17,broken on arrival,308.48,Processed
RET004216,ORD0077453,SKU004458,2025-03-20,wrong size ordered,174.18,Processed
RET004217,ORD0110894,SKU003919,2026-12-08,poor quality,418.02,Processed
RET004218,ORD0056892,SKU004900,2025-07-25,stopped working after a day,1082.94,Processed
RET004219,ORD0037079,SKU005403,2025-10-01,Damaged in transit,888.07,Processed
RET004220,ORD0088876,SKU009437,2025-05-16,misleading description,624.64,Processed
RET004221,ORD0065911,SKU006943,2026-02-23,Doesn't fit properly,1208.19,Processed
RET004222,ORD0112382,SKU000219,2025-03-16,cheap material,1882.04,Processed
RET004223,ORD0103169,SKU010900,2025-04-19,packaging torn item broken,220.54,Processed
RET004224,ORD0043033,SKU003081,2026-12-12,arrived damaged!!,293.5,Processed
RET004225,ORD0118625,SKU005420,2025-11-18,battery dead,1048.57,Pending
RET004226,ORD0040244,SKU007447,2026-02-16,arrived after event,677.76,Processed
RET004227,ORD0008172,SKU002177,2025-03-21,poor quality,188.58,Processed
RET004228,ORD0075769,SKU007101,2025-02-13,item damaged,1703.82,Pending
RET004229,ORD0010375,SKU010912,2025-11-11,Doesn't fit properly,253.51,Processed
RET004230,ORD0111876,SKU002486,2026-05-03,not durable,1297.45,Processed
RET004231,ORD0044753,SKU008057,2025-11-26,didnt fit,59.22,Processed
RET004232,ORD0040017,SKU011256,2025-09-20,didnt fit,195.74,Processed
RET004233,ORD0019999,SKU009471,2025-12-17,quality not as expected,1285.97,Processed
RET004234,ORD0060076,SKU006362,2025-06-01,looks different online,231.51,Processed
RET004235,ORD0006923,SKU003440,2025-10-07,colour different from image,343.49,Processed
RET004236,ORD0061443,SKU009439,2025-09-04,defective piece,4069.85,Processed
RET004237,ORD0005278,SKU006927,2026-02-24,cheap material,1441.2,Pending
RET004238,ORD0024298,SKU011328,2025-06-10,fabric quality bad,802.07,Processed
RET004239,ORD0091580,SKU002407,2026-05-03,not working,864.89,Processed
RET004240,ORD0047087,SKU003212,2026-07-26,late delivery no longer needed,768.38,Processed
RET004241,ORD0115234,SKU000883,2025-10-29,broken on arrival,662.09,Pending
RET004242,ORD0007196,SKU007276,2025-11-20,dont want it now,820.69,Processed
RET004243,ORD0104247,SKU007431,2025-12-13,stopped working after a day,792.13,Processed
RET004244,ORD0108245,SKU007798,2026-04-01,SIZE PROBLEM,370.1,Processed
RET004245,ORD0105134,SKU005569,2025-04-14,broken on arrival,1349.34,Processed
RET004246,ORD0072178,SKU012440,2025-11-26,different from website photo,424.61,Processed
RET004247,ORD0103723,SKU007431,2025-04-06,wrong size ordered,248.34,Processed
RET004248,ORD0014039,SKU009425,2026-04-10,not working,638.65,Processed
RET004249,ORD0119623,SKU000453,2026-01-26,Damaged in transit,618.87,Processed
RET004250,ORD0097193,SKU000090,2026-03-23,item damaged,505.4,Processed
RET004251,ORD0105881,SKU002612,2025-02-18,wrong size ordered,926.72,Processed
RET004252,ORD0081889,SKU012218,2026-03-17,packaging torn item broken,198.48,Processed
RET004253,ORD0040156,SKU001955,2025-02-12,Delayed delivery,349.11,Processed
RET004254,ORD0110781,SKU009516,2025-08-24,Not what I ordered,1154.92,Processed
RET004255,ORD0118758,SKU003403,2025-08-19,too tight,255.85,Processed
RET004256,ORD0081000,SKU008514,2026-10-29,looks different online,358.72,Processed
RET004257,ORD0028409,SKU003359,2026-06-06,wrong item sent,461.18,Processed
RET004258,ORD0054326,SKU005232,2025-08-30,different from website photo,544.09,Processed
RET004259,ORD0000467,SKU001160,2026-11-19,colour different from image,1667.95,Processed
RET004260,ORD0021039,SKU000066,2025-08-16,SIZE PROBLEM,1500.82,Processed
RET004261,ORD0085128,SKU003802,2026-01-05,delivered too late,571.98,Rejected
RET004262,ORD0054149,SKU001539,2025-11-17,packaging torn item broken,2259.63,Processed
RET004263,ORD0017700,SKU008020,2026-05-08,not durable,449.62,Processed
RET004264,ORD0069851,SKU008104,2025-02-18,received different product,397.61,Processed
RET004265,ORD0011674,SKU000461,2026-02-11,Delayed delivery,995.79,Rejected
RET004266,ORD0015940,SKU003348,2026-05-15,arrived damaged!!,676.34,Processed
RET004267,ORD0028586,SKU003133,2026-03-23,size chart misleading,1009.76,Processed
RET004268,ORD0089414,SKU009200,2026-04-03,late delivery no longer needed,1448.95,Processed
RET004269,ORD0078060,SKU011963,2026-05-01,colour different from image,1898.54,Processed
RET004270,ORD0077026,SKU008391,2026-06-17,didnt fit,633.24,Processed
RET004271,ORD0077453,SKU008047,2025-04-09,broken on arrival,323.43,Processed
RET004272,ORD0004730,SKU008354,2026-05-28,quality not as expected,301.4,Processed
RET004273,ORD0034121,SKU005788,2026-06-30,didnt fit,363.16,Processed
RET004274,ORD0105861,SKU003363,2025-07-05,no longer needed,2262.1,Processed
RET004275,ORD0075011,SKU006966,2025-04-16,didnt fit,491.95,Rejected
RET004276,ORD0068604,SKU003445,2025-11-08,wrong item sent,440.39,Processed
RET004277,ORD0092465,SKU005506,2025-01-30,late delivery no longer needed,185.23,Processed
RET004278,ORD0019473,SKU010204,2025-12-30,broken on arrival,927.43,Processed
RET004279,ORD0003976,SKU003648,2025-04-08,defective piece,1492.18,Rejected
RET004280,ORD0026767,SKU007586,2025-10-08,broken on arrival,735.67,Processed
RET004281,ORD0086991,SKU001805,2025-05-28,changed my mind,358.3,Processed
RET004282,ORD0029130,SKU004296,2025-10-12,Damaged in transit,1837.79,Processed
RET004283,ORD0070378,SKU004623,2025-08-31,dont want it now,1896.13,Processed
RET004284,ORD0006367,SKU003896,2026-01-07,wrong item sent,983.33,Processed
RET004285,ORD0033904,SKU003896,2026-11-19,received different product,539.84,Processed
RET004286,ORD0084112,SKU010866,2026-02-11,not working,384.71,Processed
RET004287,ORD0053607,SKU002138,2026-01-03,not as described,487.1,Pending
RET004288,ORD0013576,SKU008652,2026-03-11,different from website photo,284.3,Processed
RET004289,ORD0117521,SKU009414,2026-03-28,not durable,1907.76,Processed
RET004290,ORD0063204,SKU010474,2026-03-31,product was cracked,449.49,Processed
RET004291,ORD0028295,SKU000143,2026-06-29,size too small,576.98,Processed
RET004292,ORD0025979,SKU011036,2025-04-01,broken on arrival,294.22,Processed
RET004293,ORD0110527,SKU007480,2025-12-09,misleading description,1266.82,Processed
RET004294,ORD0029528,SKU009471,2026-02-22,received different product,732.95,Processed
RET004295,ORD0091372,SKU010044,2025-03-28,broken on arrival,385.07,Processed
RET004296,ORD0034580,SKU011806,2025-08-02,delivered too late,212.57,Processed
RET004297,ORD0057700,SKU008341,2026-06-28,wrong size ordered,236.71,Processed
RET004298,ORD0005924,SKU007500,2025-09-26,fabric quality bad,3085.27,Processed
RET004299,ORD0018339,SKU006522,2026-03-30,Damaged in transit,5613.55,Processed
RET004300,ORD0058133,SKU005784,2025-01-20,quality not as expected,492.42,Processed
RET004301,ORD0031329,SKU010324,2025-02-01,Not what I ordered,141.46,Processed
RET004302,ORD0070599,SKU004454,2025-08-28,wrong size ordered,744.61,Processed
RET004303,ORD0053169,SKU011942,2025-08-17,not durable,285.66,Rejected
RET004304,ORD0008530,SKU009532,2026-05-03,defective piece,1156.75,Processed
RET004305,ORD0030429,SKU011019,2025-02-19,too tight,312.57,Processed
RET004306,ORD0051771,SKU008011,2026-05-17,poor quality,495.84,Processed
RET004307,ORD0092039,SKU007459,2025-07-26,wrong size ordered,324.84,Processed
RET004308,ORD0011770,SKU010060,2026-02-19,Quality issue,1133.83,Processed
RET004309,ORD0010536,SKU000849,2026-05-25,item damaged,432.77,Processed
RET004310,ORD0068032,SKU009347,2026-04-21,SIZE PROBLEM,307.9,Processed
RET004311,ORD0087570,SKU007021,2026-06-29,SIZE PROBLEM,833.82,Rejected
RET004312,ORD0087829,SKU010119,2025-12-13,no longer needed,759.88,Processed
RET004313,ORD0029027,SKU006311,2025-11-11,wrong size ordered,277.77,Processed
RET004314,ORD0019639,SKU005702,2026-03-06,found cheaper elsewhere,565.98,Processed
RET004315,ORD0016065,SKU002951,2025-03-08,not durable,466.45,Processed
RET004316,ORD0024620,SKU010688,2025-11-15,didnt fit,648.58,Processed
RET004317,ORD0012295,SKU003604,2025-01-10,device faulty,878.62,Processed
RET004318,ORD0060578,SKU005336,2026-01-07,looks different online,317.8,Processed
RET004319,ORD0088342,SKU007353,2025-02-26,Size issue,2129.87,Processed
RET004320,ORD0064461,SKU011800,2026-01-10,Damaged in transit,336.04,Processed
RET004321,ORD0021482,SKU002694,2025-02-28,poor quality,1672.83,Processed
RET004322,ORD0097642,SKU009828,2025-09-30,Quality issue,520.63,Processed
RET004323,ORD0039893,SKU005856,2025-03-23,quality not as expected,1032.98,Processed
RET004324,ORD0079558,SKU006732,2025-01-18,found cheaper elsewhere,183.67,Processed
RET004325,ORD0084800,SKU002181,2026-05-09,arrived damaged!!,1580.8,Processed
RET004326,ORD0081530,SKU004339,2025-12-29,size too small,569.73,Processed
RET004327,ORD0099921,SKU011575,2026-04-11,size chart misleading,1394.13,Processed
RET004328,ORD0069705,SKU010054,2025-10-08,delivered too late,1378.61,Processed
RET004329,ORD0015432,SKU004487,2026-03-23,too tight,409.01,Processed
RET004330,ORD0029027,SKU012461,2025-11-28,packaging torn item broken,275.39,Rejected
RET004331,ORD0078766,SKU004943,2026-02-18,different sku received,178.68,Processed
RET004332,ORD0089679,SKU001815,2026-01-01,product was cracked,1686.12,Processed
RET004333,ORD0041159,SKU011965,2025-07-18,packaging torn item broken,394.86,Processed
RET004334,ORD0019639,SKU006223,2026-03-25,looks different online,404.25,Pending
RET004335,ORD0092165,SKU001240,2025-09-16,cheap material,1187.46,Processed
RET004336,ORD0119278,SKU004874,2026-04-17,late delivery no longer needed,306.95,Processed
RET004337,ORD0102648,SKU004024,2025-04-19,received different product,529.18,Processed
RET004338,ORD0067134,SKU012481,2026-06-27,different from website photo,154.36,Processed
RET004339,ORD0042068,SKU000606,2025-04-20,changed my mind,1221.57,Processed
RET004340,ORD0076834,SKU001564,2025-09-05,Size issue,863.65,Pending
RET004341,ORD0001047,SKU002200,2025-07-17,late delivery no longer needed,225.93,Processed
RET004342,ORD0035448,SKU001076,2025-10-28,cheap material,2118.16,Processed
RET004343,ORD0025631,SKU004764,2025-11-21,broken on arrival,845.69,Rejected
RET004344,ORD0008462,SKU007266,2025-05-21,different from website photo,1331.37,Processed
RET004345,ORD0009925,SKU005377,2025-12-19,not working,752.82,Processed
RET004346,ORD0041724,SKU003012,2026-03-21,SIZE PROBLEM,404.46,Processed
RET004347,ORD0017951,SKU006748,2025-03-16,size chart misleading,278.94,Processed
RET004348,ORD0088163,SKU005359,2026-11-11,poor quality,171.61,Processed
RET004349,ORD0023347,SKU003030,2025-09-16,packaging torn item broken,169.06,Processed
RET004350,ORD0112510,SKU004721,2026-04-10,wrong size ordered,180.91,Processed
RET004351,ORD0081749,SKU000591,2026-03-27,fabric quality bad,883.03,Rejected
RET004352,ORD0117353,SKU009702,2026-05-15,size chart misleading,713.23,Processed
RET004353,ORD0053489,SKU001069,2026-01-27,Damaged in transit,218.96,Processed
RET004354,ORD0066223,SKU004213,2026-11-22,fabric quality bad,500.45,Processed
RET004355,ORD0111749,SKU004322,2025-06-09,wrong size ordered,1339.92,Processed
RET004356,ORD0017592,SKU008137,2025-09-08,Doesn't fit properly,390.12,Rejected
RET004357,ORD0046078,SKU004606,2025-10-12,Quality issue,641.45,Processed
RET004358,ORD0093117,SKU005493,2025-12-07,colour different from image,514.18,Processed
RET004359,ORD0025456,SKU008204,2025-10-09,too tight,394.61,Processed
RET004360,ORD0108847,SKU010475,2025-02-28,no longer needed,1904.52,Processed
RET004361,ORD0073258,SKU000899,2026-06-14,wrong colour delivered,128.9,Processed
RET004362,ORD0041132,SKU000085,2025-02-09,product was cracked,1147.89,Processed
RET004363,ORD0032302,SKU012159,2025-01-17,stopped working after a day,241.6,Processed
RET004364,ORD0099723,SKU006095,2025-10-07,size chart misleading,783.78,Rejected
RET004365,ORD0053430,SKU012403,2025-09-27,not as described,830.34,Processed
RET004366,ORD0028298,SKU012338,2025-10-15,arrived after event,187.86,Processed
RET004367,ORD0071857,SKU006408,2026-01-05,size chart misleading,1012.51,Processed
RET004368,ORD0054799,SKU001280,2026-04-12,Damaged in transit,1230.03,Processed
RET004369,ORD0047279,SKU003112,2025-06-10,not as described,594.01,Processed
RET004370,ORD0041132,SKU002297,2025-02-05,Doesn't fit properly,1255.87,Processed
RET004371,ORD0096959,SKU001015,2025-03-28,arrived after event,1019.66,Processed
RET004372,ORD0041337,SKU001420,2025-04-02,item damaged,1057.36,Rejected
RET004373,ORD0007259,SKU001025,2025-10-26,item damaged,536.97,Processed
RET004374,ORD0117330,SKU006348,2026-05-11,cheap material,3794.55,Processed
RET004375,ORD0024948,SKU011486,2025-07-04,Doesn't fit properly,1040.42,Processed
RET004376,ORD0014177,SKU011633,2026-02-24,wrong colour delivered,1554.43,Processed
RET004377,ORD0049520,SKU012048,2025-12-17,wrong size ordered,248.75,Processed
RET004378,ORD0019770,SKU006074,2025-11-09,poor quality,952.18,Rejected
RET004379,ORD0041179,SKU009820,2025-06-03,different from website photo,429.29,Processed
RET004380,ORD0109423,SKU003412,2025-05-24,Not what I ordered,738.08,Processed
RET004381,ORD0023679,SKU005988,2025-08-21,found cheaper elsewhere,183.56,Processed
RET004382,ORD0086804,SKU010922,2026-05-01,size chart misleading,2074.82,Processed
RET004383,ORD0072796,SKU010830,2025-04-15,dont want it now,1226.7,Processed
RET004384,ORD0002701,SKU003145,2025-01-29,Doesn't fit properly,839.22,Pending
RET004385,ORD0050491,SKU008071,2026-02-05,Doesn't fit properly,515.54,Rejected
RET004386,ORD0075812,SKU006895,2026-03-23,received different product,360.85,Processed
RET004387,ORD0092600,SKU002935,2026-02-23,size too small,1307.76,Rejected
RET004388,ORD0063543,SKU001310,2026-06-20,wrong item sent,4250.61,Processed
RET004389,ORD0009555,SKU004477,2026-05-23,no longer needed,613.78,Processed
RET004390,ORD0020187,SKU004024,2026-05-05,item damaged,210.44,Rejected
RET004391,ORD0117402,SKU008170,2025-01-25,SIZE PROBLEM,527.27,Processed
RET004392,ORD0002936,SKU012047,2025-06-04,not durable,297.17,Processed
RET004393,ORD0019985,SKU004101,2026-05-21,different from website photo,114.99,Pending
RET004394,ORD0053430,SKU002967,2025-09-20,Quality issue,381.75,Processed
RET004395,ORD0026335,SKU011462,2025-03-21,fabric quality bad,546.1,Processed
RET004396,ORD0100492,SKU000043,2026-05-27,packaging torn item broken,1072.67,Processed
RET004397,ORD0089341,SKU003481,2025-11-27,colour different from image,303.65,Processed
RET004398,ORD0115380,SKU008480,2025-11-23,size too small,380.56,Processed
RET004399,ORD0117829,SKU001309,2025-04-06,size too small,808.2,Processed
RET004400,ORD0069641,SKU005245,2025-08-30,received different product,497.87,Rejected
RET004401,ORD0053866,SKU009889,2026-11-21,Quality issue,630.21,Pending
RET004402,ORD0026089,SKU004750,2025-07-21,packaging torn item broken,477.72,Processed
RET004403,ORD0075577,SKU011672,2025-11-04,product was cracked,349.17,Pending
RET004404,ORD0067815,SKU002992,2026-01-03,cheap material,196.95,Processed
RET004405,ORD0108685,SKU001670,2025-08-11,size too small,101.4,Processed
RET004406,ORD0043554,SKU010309,2025-12-22,didnt fit,2523.8,Processed
RET004407,ORD0017195,SKU009054,2025-02-24,cheap material,1017.58,Processed
RET004408,ORD0030316,SKU002850,2025-11-18,arrived damaged!!,585.94,Processed
RET004409,ORD0113613,SKU000874,2025-04-18,item damaged,453.93,Processed
RET004410,ORD0017188,SKU004837,2026-01-14,no longer needed,1179.88,Processed
RET004411,ORD0008794,SKU000674,2025-08-29,not working,503.06,Processed
RET004412,ORD0078491,SKU010570,2025-11-11,late delivery no longer needed,550.11,Processed
RET004413,ORD0036789,SKU009135,2025-08-22,wrong colour delivered,198.25,Processed
RET004414,ORD0015204,SKU012231,2025-10-27,arrived damaged!!,561.0,Pending
RET004415,ORD0030807,SKU012500,2025-02-11,wrong size ordered,1926.16,Processed
RET004416,ORD0031056,SKU002997,2025-09-26,received different product,812.19,Processed
RET004417,ORD0100986,SKU011041,2025-07-15,Size issue,149.54,Processed
RET004418,ORD0031359,SKU011903,2025-03-07,SIZE PROBLEM,1669.69,Processed
RET004419,ORD0110034,SKU002802,2025-05-13,product was cracked,2132.56,Processed
RET004420,ORD0053504,SKU003797,2026-11-30,found cheaper elsewhere,528.23,Processed
RET004421,ORD0037493,SKU009899,2026-05-11,broken on arrival,318.81,Processed
RET004422,ORD0041775,SKU007296,2025-11-01,poor quality,473.35,Processed
RET004423,ORD0078864,SKU004052,2026-07-07,Doesn't fit properly,270.14,Processed
RET004424,ORD0035522,SKU003854,2025-06-27,different from website photo,652.03,Processed
RET004425,ORD0103532,SKU008709,2025-11-06,Damaged in transit,1864.53,Processed
RET004426,ORD0062083,SKU005414,2026-06-07,not working,1082.53,Pending
RET004427,ORD0099200,SKU003901,2025-10-06,size chart misleading,334.42,Processed
RET004428,ORD0070064,SKU000849,2025-10-23,wrong size ordered,3307.41,Processed
RET004429,ORD0054470,SKU006836,2025-01-18,broken on arrival,581.47,Processed
RET004430,ORD0069424,SKU011782,2025-06-01,stopped working after a day,714.45,Pending
RET004431,ORD0061993,SKU002796,2025-09-24,ordered by mistake,325.67,Processed
RET004432,ORD0080546,SKU007151,2025-01-27,changed my mind,348.65,Processed
RET004433,ORD0100197,SKU010529,2025-11-04,received different product,456.69,Processed
RET004434,ORD0012357,SKU006754,2025-06-26,Doesn't fit properly,722.05,Processed
RET004435,ORD0093068,SKU000131,2026-04-10,item damaged,1060.5,Processed
RET004436,ORD0083196,SKU004901,2025-11-07,Size issue,412.22,Processed
RET004437,ORD0001095,SKU006298,2025-12-28,looks different online,1258.48,Processed
RET004438,ORD0045857,SKU011683,2026-05-24,Quality issue,496.5,Processed
RET004439,ORD0076260,SKU001271,2025-02-11,misleading description,1367.38,Processed
RET004440,ORD0093355,SKU006362,2025-06-19,misleading description,5467.88,Processed
RET004441,ORD0090336,SKU005994,2026-03-09,SIZE PROBLEM,498.63,Rejected
RET004442,ORD0045809,SKU002282,2026-02-18,wrong size ordered,219.63,Rejected
RET004443,ORD0036014,SKU008664,2025-08-30,defective piece,184.9,Processed
RET004444,ORD0114478,SKU011659,2026-05-18,Doesn't fit properly,1173.48,Processed
RET004445,ORD0059056,SKU011281,2026-06-19,arrived after event,474.39,Processed
RET004446,ORD0057583,SKU007274,2026-02-24,looks different online,423.8,Pending
RET004447,ORD0077506,SKU000240,2025-04-06,no longer needed,351.31,Processed
RET004448,ORD0031863,SKU001778,2025-09-22,late delivery no longer needed,1502.78,Processed
RET004449,ORD0094222,SKU001355,2025-11-26,Delayed delivery,2114.17,Processed
RET004450,ORD0052141,SKU005435,2025-03-01,poor quality,1046.94,Processed
RET004451,ORD0083731,SKU010211,2025-06-03,battery dead,1054.55,Processed
RET004452,ORD0002099,SKU001553,2025-03-30,Doesn't fit properly,328.58,Processed
RET004453,ORD0110761,SKU006576,2026-04-30,misleading description,489.12,Processed
RET004454,ORD0082798,SKU004780,2026-02-09,not durable,573.61,Processed
RET004455,ORD0021150,SKU010893,2025-03-06,size too small,475.07,Processed
RET004456,ORD0008376,SKU004229,2025-12-31,Size issue,322.87,Rejected
RET004457,ORD0109694,SKU001155,2026-03-02,packaging torn item broken,229.84,Processed
RET004458,ORD0039600,SKU007932,2025-11-16,fabric quality bad,2236.58,Processed
RET004459,ORD0083169,SKU007640,2025-07-23,Damaged in transit,150.41,Processed
RET004460,ORD0055750,SKU001937,2025-03-13,didnt fit,154.09,Processed
RET004461,ORD0041818,SKU010726,2025-05-09,item damaged,382.51,Processed
RET004462,ORD0020712,SKU005169,2025-08-07,different sku received,341.43,Processed
RET004463,ORD0025542,SKU011036,2025-02-12,product was cracked,408.8,Processed
RET004464,ORD0038803,SKU005723,2025-11-28,size chart misleading,352.82,Processed
RET004465,ORD0093148,SKU007489,2025-11-23,SIZE PROBLEM,358.3,Processed
RET004466,ORD0043318,SKU011728,2025-12-04,too tight,758.63,Processed
RET004467,ORD0080086,SKU004393,2026-03-10,Doesn't fit properly,779.78,Processed
RET004468,ORD0095207,SKU006170,2026-05-06,arrived after event,291.78,Processed
RET004469,ORD0049108,SKU004169,2025-08-11,didnt fit,1903.74,Processed
RET004470,ORD0053883,SKU000356,2026-06-11,too tight,714.0,Processed
RET004471,ORD0003689,SKU006962,2025-08-16,size too small,301.83,Processed
RET004472,ORD0056237,SKU009979,2026-06-01,too tight,960.91,Pending
RET004473,ORD0015636,SKU000653,2026-01-09,different from website photo,554.47,Processed
RET004474,ORD0015099,SKU007627,2026-12-07,misleading description,839.17,Processed
RET004475,ORD0072866,SKU000757,2025-08-15,didnt fit,163.18,Processed
RET004476,ORD0062265,SKU011684,2025-11-16,size chart misleading,127.22,Processed
RET004477,ORD0119630,SKU003895,2025-03-01,size too small,270.96,Processed
RET004478,ORD0007320,SKU001732,2025-09-09,didnt fit,463.84,Processed
RET004479,ORD0091980,SKU005122,2026-02-09,not durable,104.46,Pending
RET004480,ORD0043030,SKU003253,2025-08-04,size too small,947.42,Processed
RET004481,ORD0065892,SKU012093,2026-04-09,too tight,2844.41,Processed
RET004482,ORD0023910,SKU010782,2026-06-06,colour different from image,4902.71,Rejected
RET004483,ORD0110134,SKU001041,2025-03-03,quality not as expected,622.48,Pending
RET004484,ORD0117689,SKU003544,2026-03-01,found cheaper elsewhere,726.53,Processed
RET004485,ORD0085740,SKU006786,2025-08-02,too tight,718.84,Processed
RET004486,ORD0032384,SKU008066,2025-12-28,size too small,213.37,Processed
RET004487,ORD0042395,SKU011486,2026-03-05,dont want it now,991.92,Processed
RET004488,ORD0050085,SKU007241,2025-12-06,wrong size ordered,449.73,Processed
RET004489,ORD0072728,SKU000177,2026-11-07,wrong colour delivered,467.0,Pending
RET004490,ORD0000474,SKU001130,2025-03-29,poor quality,581.61,Processed
RET004491,ORD0118625,SKU007416,2025-11-16,product was cracked,1004.52,Processed
RET004492,ORD0105799,SKU009325,2026-05-09,SIZE PROBLEM,1400.61,Processed
RET004493,ORD0017652,SKU012014,2026-05-18,not durable,570.01,Processed
RET004494,ORD0003200,SKU000178,2026-01-22,size too small,784.49,Processed
RET004495,ORD0030774,SKU008264,2026-05-07,wrong size ordered,532.27,Processed
RET004496,ORD0093940,SKU002585,2025-07-12,battery dead,1054.73,Processed
RET004497,ORD0018287,SKU011713,2025-05-09,Quality issue,249.03,Processed
RET004498,ORD0006172,SKU000998,2025-05-28,delivered too late,704.23,Processed
RET004499,ORD0079603,SKU008086,2025-12-10,broken on arrival,218.42,Processed
RET004500,ORD0034121,SKU002540,2026-06-14,not durable,968.14,Processed
RET004501,ORD0106467,SKU000802,2026-01-10,poor quality,2147.02,Processed
RET004502,ORD0091372,SKU002202,2025-04-06,ordered by mistake,253.85,Processed
RET004503,ORD0033390,SKU001837,2025-11-16,broken on arrival,353.01,Processed
RET004504,ORD0104956,SKU006861,2026-01-06,found cheaper elsewhere,1105.91,Processed
RET004505,ORD0081451,SKU005621,2025-01-25,Delayed delivery,272.15,Processed
RET004506,ORD0022092,SKU001584,2025-07-22,different sku received,674.55,Processed
RET004507,ORD0027296,SKU000378,2025-02-23,ordered by mistake,750.46,Processed
RET004508,ORD0090283,SKU004912,2025-08-22,Size issue,508.08,Processed
RET004509,ORD0058917,SKU008465,2025-07-11,too tight,1216.78,Processed
RET004510,ORD0112469,SKU004862,2026-10-15,poor quality,663.63,Processed
RET004511,ORD0053458,SKU012258,2026-03-24,found cheaper elsewhere,989.79,Processed
RET004512,ORD0044367,SKU008046,2025-01-16,wrong colour delivered,678.91,Processed
RET004513,ORD0102924,SKU003963,2025-03-21,ordered by mistake,319.45,Processed
RET004514,ORD0091915,SKU007037,2026-05-15,broken on arrival,359.35,Processed
RET004515,ORD0040464,SKU007590,2026-04-12,poor quality,1678.19,Rejected
RET004516,ORD0112420,SKU004950,2025-01-10,delivered too late,635.31,Processed
RET004517,ORD0094364,SKU011984,2025-09-25,size too small,1190.57,Processed
RET004518,ORD0025055,SKU002314,2025-03-15,Size issue,208.82,Pending
RET004519,ORD0007577,SKU000927,2025-07-23,packaging torn item broken,416.45,Processed
RET004520,ORD0034173,SKU000661,2026-03-11,size chart misleading,219.41,Processed
RET004521,ORD0079691,SKU003824,2025-06-06,Quality issue,739.4,Processed
RET004522,ORD0114713,SKU009197,2026-06-15,didnt fit,647.77,Pending
RET004523,ORD0052148,SKU002282,2026-06-18,changed my mind,1375.54,Processed
RET004524,ORD0067218,SKU011861,2025-09-04,item damaged,1362.73,Processed
RET004525,ORD0045381,SKU000262,2026-01-17,Doesn't fit properly,1266.53,Processed
RET004526,ORD0042863,SKU011313,2025-06-17,no longer needed,265.01,Processed
RET004527,ORD0035985,SKU004679,2025-11-11,Doesn't fit properly,191.53,Processed
RET004528,ORD0056921,SKU005544,2026-11-03,too tight,774.67,Processed
RET004529,ORD0082118,SKU001278,2025-10-07,Quality issue,429.03,Processed
RET004530,ORD0005478,SKU008888,2026-01-09,not durable,435.02,Processed
RET004531,ORD0088130,SKU005237,2026-02-28,poor quality,703.5,Processed
RET004532,ORD0110815,SKU005402,2026-10-07,poor quality,181.1,Processed
RET004533,ORD0085262,SKU007175,2026-06-19,cheap material,546.31,Pending
RET004534,ORD0037200,SKU006983,2025-10-12,item damaged,411.79,Processed
RET004535,ORD0033132,SKU008865,2026-04-17,poor quality,691.54,Pending
RET004536,ORD0106336,SKU000890,2025-10-10,colour different from image,446.39,Processed
RET004537,ORD0006648,SKU002409,2025-04-09,cheap material,413.01,Processed
RET004538,ORD0058035,SKU005974,2026-06-01,wrong size ordered,1107.35,Processed
RET004539,ORD0049009,SKU011380,2026-02-04,not as described,273.72,Processed
RET004540,ORD0109851,SKU003301,2025-04-24,arrived after event,478.92,Processed
RET004541,ORD0092007,SKU002789,2025-09-24,didnt fit,202.4,Processed
RET004542,ORD0011308,SKU011832,2026-02-03,Delayed delivery,207.85,Processed
RET004543,ORD0110781,SKU001826,2025-08-19,fabric quality bad,393.19,Processed
RET004544,ORD0047472,SKU008247,2025-09-06,didnt fit,1372.0,Processed
RET004545,ORD0073831,SKU003544,2025-06-06,Not what I ordered,407.75,Pending
RET004546,ORD0004689,SKU006613,2025-01-21,too tight,691.96,Processed
RET004547,ORD0117278,SKU006050,2026-03-20,changed my mind,643.57,Processed
RET004548,ORD0092989,SKU002855,2025-10-04,battery dead,612.09,Processed
RET004549,ORD0044995,SKU009572,2025-03-07,broken on arrival,410.37,Pending
RET004550,ORD0060394,SKU000694,2025-11-16,changed my mind,655.75,Pending
RET004551,ORD0115674,SKU002891,2025-04-22,Size issue,309.04,Processed
RET004552,ORD0007665,SKU007376,2026-06-13,stopped working after a day,136.97,Processed
RET004553,ORD0020793,SKU005156,2026-02-02,not durable,211.51,Processed
RET004554,ORD0081360,SKU000697,2025-11-21,different from website photo,1051.12,Processed
RET004555,ORD0073395,SKU008594,2025-05-28,late delivery no longer needed,134.13,Processed
RET004556,ORD0031113,SKU005280,2026-03-24,Size issue,423.49,Processed
RET004557,ORD0107627,SKU005565,2025-12-06,dont want it now,839.68,Processed
RET004558,ORD0030341,SKU010557,2025-08-06,arrived damaged!!,475.11,Processed
RET004559,ORD0081451,SKU009480,2025-02-15,looks different online,255.18,Processed
RET004560,ORD0119881,SKU007229,2026-02-25,didnt fit,332.7,Processed
RET004561,ORD0067791,SKU008636,2025-10-18,arrived damaged!!,182.71,Processed
RET004562,ORD0013000,SKU004244,2026-03-08,didnt fit,271.99,Pending
RET004563,ORD0044358,SKU004853,2026-03-04,Damaged in transit,536.59,Processed
RET004564,ORD0060311,SKU008835,2025-11-24,looks different online,2434.13,Processed
RET004565,ORD0030458,SKU007060,2025-08-24,didnt fit,452.73,Processed
RET004566,ORD0101387,SKU005178,2025-12-22,battery dead,1906.1,Processed
RET004567,ORD0091461,SKU004980,2025-11-15,stopped working after a day,123.53,Processed
RET004568,ORD0042223,SKU004282,2025-05-24,wrong colour delivered,357.83,Processed
RET004569,ORD0070004,SKU003740,2025-06-25,SIZE PROBLEM,557.6,Processed
RET004570,ORD0040896,SKU007070,2026-11-14,different from website photo,357.95,Processed
RET004571,ORD0079485,SKU008868,2026-03-01,packaging torn item broken,993.05,Processed
RET004572,ORD0037552,SKU000809,2025-04-04,quality not as expected,87.52,Processed
RET004573,ORD0010499,SKU010183,2025-05-10,Not what I ordered,1872.62,Processed
RET004574,ORD0060968,SKU008647,2025-08-26,Not what I ordered,590.35,Processed
RET004575,ORD0025565,SKU012413,2026-04-04,size too small,301.95,Processed
RET004576,ORD0073204,SKU012153,2025-07-18,ordered by mistake,217.95,Processed
RET004577,ORD0098540,SKU000378,2026-07-01,packaging torn item broken,485.45,Processed
RET004578,ORD0072316,SKU010127,2025-11-21,didnt fit,257.44,Processed
RET004579,ORD0018512,SKU003992,2025-04-13,defective piece,916.42,Processed
RET004580,ORD0070675,SKU010008,2026-07-01,received different product,1067.25,Processed
RET004581,ORD0014945,SKU004013,2026-01-27,battery dead,688.29,Processed
RET004582,ORD0046891,SKU000659,2026-04-09,not durable,827.25,Processed
RET004583,ORD0080308,SKU000463,2025-08-03,Quality issue,244.29,Processed
RET004584,ORD0041001,SKU011926,2026-03-08,ordered by mistake,567.46,Processed
RET004585,ORD0065569,SKU003309,2025-11-11,cheap material,1131.52,Processed
RET004586,ORD0080941,SKU000047,2026-05-11,wrong size ordered,531.86,Processed
RET004587,ORD0118449,SKU004331,2025-04-21,not working,318.66,Processed
RET004588,ORD0028682,SKU010229,2025-12-08,broken on arrival,1708.25,Processed
RET004589,ORD0076607,SKU007098,2025-01-11,item damaged,1193.37,Processed
RET004590,ORD0028669,SKU005981,2025-10-01,item damaged,333.46,Processed
RET004591,ORD0059806,SKU001653,2025-04-03,quality not as expected,252.29,Processed
RET004592,ORD0109851,SKU007896,2025-05-01,item damaged,245.75,Rejected
RET004593,ORD0067687,SKU011042,2025-02-14,not working,605.27,Processed
RET004594,ORD0029790,SKU005461,2026-11-05,device faulty,941.77,Processed
RET004595,ORD0056663,SKU009293,2026-03-06,not as described,697.51,Processed
RET004596,ORD0044449,SKU005773,2025-12-18,not working,761.88,Processed
RET004597,ORD0000052,SKU004709,2026-01-26,product was cracked,236.18,Processed
RET004598,ORD0046374,SKU010072,2026-01-03,Damaged in transit,1570.54,Pending
RET004599,ORD0086616,SKU003513,2026-01-22,Size issue,374.45,Processed
RET004600,ORD0006606,SKU008800,2026-03-23,received different product,583.02,Processed
RET004601,ORD0036725,SKU007956,2026-04-10,misleading description,1123.73,Processed
RET004602,ORD0001283,SKU009304,2025-05-18,dont want it now,210.2,Processed
RET004603,ORD0078683,SKU011655,2026-01-20,not as described,280.97,Processed
RET004604,ORD0048660,SKU004180,2025-11-26,looks different online,410.92,Processed
RET004605,ORD0080815,SKU007773,2025-11-22,Damaged in transit,1597.29,Processed
RET004606,ORD0106178,SKU002355,2026-03-26,wrong size ordered,379.71,Processed
RET004607,ORD0118030,SKU001620,2026-01-15,Size issue,1476.31,Processed
RET004608,ORD0013212,SKU006276,2025-12-24,Doesn't fit properly,443.17,Processed
RET004609,ORD0001330,SKU009203,2026-07-07,broken on arrival,368.97,Processed
RET004610,ORD0108994,SKU010017,2026-07-02,Size issue,3987.6,Processed
RET004611,ORD0010306,SKU004305,2025-09-16,looks different online,424.07,Pending
RET004612,ORD0104382,SKU010415,2025-11-22,dont want it now,999.04,Processed
RET004613,ORD0033847,SKU009466,2025-04-06,wrong item sent,356.96,Processed
RET004614,ORD0056799,SKU010068,2026-04-09,cheap material,440.02,Pending
RET004615,ORD0096606,SKU007992,2025-09-30,different sku received,767.42,Processed
RET004616,ORD0103169,SKU002599,2025-04-29,looks different online,326.11,Pending
RET004617,ORD0019343,SKU001263,2025-03-20,fabric quality bad,285.43,Processed
RET004618,ORD0069962,SKU010031,2025-07-02,Quality issue,195.59,Processed
RET004619,ORD0033265,SKU010880,2026-05-22,different sku received,4316.15,Processed
RET004620,ORD0028008,SKU009831,2025-05-01,broken on arrival,334.51,Processed
RET004621,ORD0068370,SKU007197,2026-05-31,stopped working after a day,675.85,Pending
RET004622,ORD0025084,SKU007165,2026-07-02,changed my mind,725.89,Pending
RET004623,ORD0001706,SKU006580,2025-07-06,found cheaper elsewhere,1072.96,Processed
RET004624,ORD0033613,SKU003834,2025-11-21,Delayed delivery,426.95,Processed
RET004625,ORD0012357,SKU011465,2025-06-14,Doesn't fit properly,241.45,Processed
RET004626,ORD0087313,SKU009350,2025-02-09,Doesn't fit properly,182.48,Processed
RET004627,ORD0007870,SKU001559,2025-12-04,different from website photo,208.13,Processed
RET004628,ORD0046891,SKU001038,2026-04-29,different sku received,1617.67,Processed
RET004629,ORD0036029,SKU004991,2025-09-23,defective piece,413.76,Processed
RET004630,ORD0048893,SKU009104,2026-06-01,colour different from image,1134.95,Processed
RET004631,ORD0076714,SKU009079,2026-01-18,delivered too late,263.27,Processed
RET004632,ORD0082010,SKU000697,2025-06-22,fabric quality bad,113.52,Processed
RET004633,ORD0058653,SKU000527,2025-07-02,looks different online,1502.31,Processed
RET004634,ORD0054925,SKU010306,2025-03-24,wrong size ordered,355.85,Processed
RET004635,ORD0037974,SKU007735,2025-09-16,wrong size ordered,363.72,Processed
RET004636,ORD0017497,SKU008826,2025-10-23,looks different online,1467.56,Processed
RET004637,ORD0044995,SKU004440,2025-03-13,quality not as expected,1258.62,Processed
RET004638,ORD0032554,SKU000253,2025-03-01,received different product,952.19,Processed
RET004639,ORD0054501,SKU006325,2026-04-15,changed my mind,325.34,Processed
RET004640,ORD0072214,SKU012350,2025-02-25,different from website photo,1394.14,Processed
RET004641,ORD0011376,SKU000267,2025-09-11,poor quality,621.58,Pending
RET004642,ORD0096084,SKU005382,2025-04-29,Doesn't fit properly,587.03,Processed
RET004643,ORD0028782,SKU004352,2026-01-19,different sku received,2015.89,Processed
RET004644,ORD0074753,SKU011964,2025-09-15,Doesn't fit properly,275.48,Processed
RET004645,ORD0110753,SKU008283,2025-04-25,poor quality,606.07,Pending
RET004646,ORD0034417,SKU010807,2026-05-09,different from website photo,942.46,Pending
RET004647,ORD0052333,SKU000147,2025-05-17,Size issue,720.38,Processed
RET004648,ORD0073395,SKU008889,2025-06-21,Doesn't fit properly,1736.73,Processed
RET004649,ORD0021763,SKU000053,2025-10-25,cheap material,134.35,Rejected
RET004650,ORD0054840,SKU007199,2026-03-09,different sku received,629.29,Pending
RET004651,ORD0102901,SKU003031,2025-09-08,Not what I ordered,1765.28,Processed
RET004652,ORD0119835,SKU002105,2025-10-26,size chart misleading,625.18,Processed
RET004653,ORD0037462,SKU012014,2026-05-14,defective piece,133.43,Processed
RET004654,ORD0009214,SKU002612,2025-08-23,Quality issue,466.85,Processed
RET004655,ORD0072593,SKU000851,2025-06-14,SIZE PROBLEM,1095.86,Processed
RET004656,ORD0017481,SKU011386,2026-06-03,size too small,931.11,Processed
RET004657,ORD0075836,SKU009670,2025-05-12,no longer needed,919.97,Pending
RET004658,ORD0076106,SKU010617,2026-05-12,Doesn't fit properly,397.15,Processed
RET004659,ORD0109851,SKU006409,2025-04-15,size too small,1151.85,Processed
RET004660,ORD0036679,SKU003240,2026-11-18,packaging torn item broken,528.78,Pending
RET004661,ORD0001242,SKU007938,2025-01-16,ordered by mistake,592.57,Processed
RET004662,ORD0070468,SKU008886,2026-12-22,Delayed delivery,947.78,Processed
RET004663,ORD0048158,SKU002749,2025-01-19,wrong size ordered,1156.59,Processed
RET004664,ORD0113480,SKU000734,2025-02-01,late delivery no longer needed,223.41,Processed
RET004665,ORD0091980,SKU006959,2026-02-19,Quality issue,228.31,Processed
RET004666,ORD0053437,SKU007568,2025-08-25,product was cracked,3850.73,Processed
RET004667,ORD0004164,SKU001922,2025-05-17,didnt fit,279.33,Processed
RET004668,ORD0065004,SKU006270,2026-06-01,cheap material,941.54,Processed
RET004669,ORD0005651,SKU010984,2025-09-15,Size issue,130.97,Processed
RET004670,ORD0085032,SKU011720,2025-12-24,broken on arrival,1381.31,Processed
RET004671,ORD0116677,SKU007995,2025-02-26,arrived after event,1092.18,Processed
RET004672,ORD0024381,SKU009635,2025-10-03,wrong item sent,719.37,Processed
RET004673,ORD0058750,SKU004958,2025-12-25,found cheaper elsewhere,563.26,Processed
RET004674,ORD0101195,SKU004488,2025-05-04,dont want it now,269.52,Processed
RET004675,ORD0115838,SKU006277,2026-03-26,arrived damaged!!,1547.37,Pending
RET004676,ORD0049009,SKU001682,2026-02-13,cheap material,1092.46,Processed
RET004677,ORD0105562,SKU007863,2026-03-15,arrived after event,869.66,Processed
RET004678,ORD0077068,SKU001612,2026-11-14,no longer needed,581.96,Processed
RET004679,ORD0071337,SKU001365,2026-03-29,wrong colour delivered,171.91,Processed
RET004680,ORD0005278,SKU007391,2026-03-02,not working,280.91,Processed
RET004681,ORD0081030,SKU009024,2026-12-15,delivered too late,479.59,Processed
RET004682,ORD0017006,SKU007937,2026-01-31,not durable,975.94,Processed
RET004683,ORD0116506,SKU000329,2025-01-27,received different product,659.64,Pending
RET004684,ORD0080174,SKU009530,2025-03-24,product was cracked,319.64,Processed
RET004685,ORD0017015,SKU011051,2025-06-02,wrong size ordered,440.44,Processed
RET004686,ORD0018610,SKU004614,2026-06-22,changed my mind,990.16,Processed
RET004687,ORD0018165,SKU001576,2026-02-06,different from website photo,1649.84,Processed
RET004688,ORD0108270,SKU010251,2025-12-15,different from website photo,283.56,Processed
RET004689,ORD0006626,SKU010992,2026-06-10,misleading description,655.95,Processed
RET004690,ORD0019912,SKU007810,2026-06-14,broken on arrival,588.16,Processed
RET004691,ORD0018165,SKU002905,2026-02-07,received different product,555.75,Processed
RET004692,ORD0022342,SKU005509,2025-09-09,size too small,499.01,Pending
RET004693,ORD0101456,SKU001881,2026-12-12,SIZE PROBLEM,761.22,Processed
RET004694,ORD0061702,SKU007127,2025-12-17,product was cracked,636.6,Processed
RET004695,ORD0111126,SKU011652,2025-05-13,stopped working after a day,1185.81,Processed
RET004696,ORD0089825,SKU000563,2026-10-27,size too small,1921.72,Processed
RET004697,ORD0011404,SKU010661,2025-03-03,poor quality,479.35,Processed
RET004698,ORD0097691,SKU007187,2025-04-04,Damaged in transit,314.69,Processed
RET004699,ORD0109512,SKU006345,2026-01-02,size too small,408.62,Processed
RET004700,ORD0066262,SKU002931,2025-06-08,wrong item sent,1443.9,Processed
RET004701,ORD0085128,SKU003850,2026-01-11,colour different from image,638.73,Processed
RET004702,ORD0053188,SKU003874,2025-07-09,received different product,1332.59,Processed
RET004703,ORD0006947,SKU004664,2026-06-28,size too small,844.19,Processed
RET004704,ORD0068764,SKU011966,2026-10-08,Doesn't fit properly,89.76,Processed
RET004705,ORD0009385,SKU007878,2025-11-26,Size issue,219.7,Processed
RET004706,ORD0045573,SKU008562,2026-05-13,looks different online,1167.29,Processed
RET004707,ORD0039519,SKU008022,2025-11-30,late delivery no longer needed,493.64,Rejected
RET004708,ORD0069382,SKU004003,2025-02-20,Doesn't fit properly,373.97,Processed
RET004709,ORD0063160,SKU009912,2026-05-19,product was cracked,926.22,Processed
RET004710,ORD0026036,SKU012329,2025-09-06,changed my mind,878.45,Processed
RET004711,ORD0040808,SKU003495,2025-03-29,packaging torn item broken,496.95,Processed
RET004712,ORD0106821,SKU000853,2025-03-13,changed my mind,363.95,Processed
RET004713,ORD0056799,SKU002969,2026-04-23,packaging torn item broken,3341.37,Processed
RET004714,ORD0102070,SKU005341,2026-11-30,wrong size ordered,233.5,Processed
RET004715,ORD0069163,SKU010517,2025-05-05,defective piece,228.47,Processed
RET004716,ORD0043686,SKU002598,2025-04-24,stopped working after a day,530.14,Processed
RET004717,ORD0017512,SKU008072,2026-01-19,Quality issue,382.78,Rejected
RET004718,ORD0026089,SKU005139,2025-07-23,Size issue,597.57,Processed
RET004719,ORD0027882,SKU002259,2025-10-10,SIZE PROBLEM,2661.31,Processed
RET004720,ORD0053169,SKU007352,2025-08-25,SIZE PROBLEM,344.98,Processed
RET004721,ORD0033264,SKU011571,2025-02-11,misleading description,797.54,Pending
RET004722,ORD0081322,SKU010028,2025-04-09,didnt fit,432.1,Processed
RET004723,ORD0034453,SKU003116,2026-05-16,product was cracked,386.9,Processed
RET004724,ORD0068661,SKU007536,2025-10-24,Quality issue,2560.61,Processed
RET004725,ORD0032082,SKU007072,2025-12-13,fabric quality bad,322.38,Processed
RET004726,ORD0018104,SKU003360,2025-06-13,looks different online,1491.16,Processed
RET004727,ORD0082430,SKU007685,2025-07-05,poor quality,958.64,Processed
RET004728,ORD0099010,SKU002794,2026-05-21,item damaged,683.69,Processed
RET004729,ORD0039206,SKU003754,2025-01-18,different sku received,197.67,Processed
RET004730,ORD0088293,SKU006836,2025-05-24,different from website photo,662.38,Processed
RET004731,ORD0050037,SKU005148,2025-07-17,wrong size ordered,121.42,Processed
RET004732,ORD0010306,SKU008566,2025-09-15,different sku received,277.56,Processed
RET004733,ORD0066769,SKU000868,2026-12-03,SIZE PROBLEM,748.03,Processed
RET004734,ORD0105990,SKU009380,2025-11-06,battery dead,908.8,Processed
RET004735,ORD0047861,SKU005451,2025-06-26,Doesn't fit properly,274.45,Pending
RET004736,ORD0019844,SKU000705,2025-12-05,arrived damaged!!,1381.32,Processed
RET004737,ORD0016924,SKU010431,2025-07-29,didnt fit,1514.46,Processed
RET004738,ORD0094006,SKU002957,2026-07-19,different from website photo,279.97,Processed
RET004739,ORD0002008,SKU009506,2026-03-07,quality not as expected,1291.48,Processed
RET004740,ORD0059271,SKU006729,2026-06-09,didnt fit,419.43,Processed
RET004741,ORD0062652,SKU010447,2025-01-19,Doesn't fit properly,538.81,Processed
RET004742,ORD0041952,SKU002275,2025-12-17,SIZE PROBLEM,358.24,Processed
RET004743,ORD0078817,SKU004286,2026-02-24,device faulty,333.86,Processed
RET004744,ORD0017366,SKU001758,2026-05-30,looks different online,247.47,Processed
RET004745,ORD0069418,SKU011357,2025-07-28,ordered by mistake,484.15,Processed
RET004746,ORD0091851,SKU002404,2026-11-17,Delayed delivery,1349.37,Processed
RET004747,ORD0095299,SKU007363,2026-03-21,didnt fit,523.66,Processed
RET004748,ORD0051466,SKU000946,2025-04-09,different sku received,624.51,Processed
RET004749,ORD0089433,SKU003918,2025-11-20,not as described,505.19,Processed
RET004750,ORD0002701,SKU010980,2025-02-06,not durable,89.27,Processed
RET004751,ORD0114839,SKU011811,2026-01-03,battery dead,453.04,Processed
RET004752,ORD0009662,SKU012315,2025-10-29,didnt fit,337.71,Processed
RET004753,ORD0036838,SKU001019,2026-01-12,poor quality,951.11,Processed
RET004754,ORD0088134,SKU009984,2026-01-23,didnt fit,955.73,Pending
RET004755,ORD0116084,SKU006229,2026-06-20,broken on arrival,243.53,Processed
RET004756,ORD0016695,SKU008660,2025-11-06,too tight,262.03,Processed
RET004757,ORD0088483,SKU001686,2026-11-11,Delayed delivery,845.7,Pending
RET004758,ORD0097968,SKU006322,2025-12-19,size too small,1392.29,Processed
RET004759,ORD0104122,SKU002136,2025-04-08,not working,2636.13,Processed
RET004760,ORD0067208,SKU005330,2025-08-25,fabric quality bad,315.55,Processed
RET004761,ORD0118219,SKU012218,2025-10-29,wrong item sent,422.47,Processed
RET004762,ORD0083085,SKU004087,2025-08-04,broken on arrival,206.72,Processed
RET004763,ORD0035457,SKU005701,2025-03-31,Delayed delivery,401.16,Processed
RET004764,ORD0070614,SKU003514,2025-09-23,quality not as expected,540.34,Processed
RET004765,ORD0091927,SKU008384,2026-03-19,didnt fit,2268.66,Processed
RET004766,ORD0040941,SKU007469,2025-02-09,size too small,2656.63,Processed
RET004767,ORD0018511,SKU000961,2025-07-21,didnt fit,383.65,Processed
RET004768,ORD0022314,SKU001960,2026-04-17,poor quality,893.91,Rejected
RET004769,ORD0067034,SKU011671,2025-05-20,Quality issue,1385.37,Processed
RET004770,ORD0048194,SKU003579,2026-03-11,no longer needed,990.38,Processed
RET004771,ORD0102924,SKU009254,2025-03-25,broken on arrival,3126.88,Pending
RET004772,ORD0088280,SKU009634,2025-07-14,packaging torn item broken,296.17,Processed
RET004773,ORD0108877,SKU002604,2025-04-22,size too small,1146.8,Processed
RET004774,ORD0094527,SKU003390,2025-04-13,packaging torn item broken,382.85,Processed
RET004775,ORD0110021,SKU005325,2025-03-27,size chart misleading,1349.61,Processed
RET004776,ORD0008078,SKU002679,2026-11-21,wrong item sent,1566.18,Processed
RET004777,ORD0077554,SKU000387,2025-12-16,wrong colour delivered,343.12,Processed
RET004778,ORD0069463,SKU006071,2026-02-11,different from website photo,136.32,Processed
RET004779,ORD0077828,SKU004288,2026-06-26,item damaged,1215.63,Processed
RET004780,ORD0091867,SKU004703,2026-05-27,different from website photo,517.09,Pending
RET004781,ORD0114034,SKU008638,2025-11-03,wrong colour delivered,1181.38,Processed
RET004782,ORD0027097,SKU006010,2025-06-13,Quality issue,1807.58,Processed
RET004783,ORD0090317,SKU001270,2025-02-26,battery dead,422.8,Processed
RET004784,ORD0080827,SKU006184,2025-01-16,didnt fit,288.62,Pending
RET004785,ORD0041825,SKU011862,2025-01-31,dont want it now,170.46,Processed
RET004786,ORD0117688,SKU004460,2025-09-23,defective piece,226.08,Processed
RET004787,ORD0111126,SKU009269,2025-04-21,arrived damaged!!,606.12,Processed
RET004788,ORD0047425,SKU007434,2026-10-17,too tight,113.57,Processed
RET004789,ORD0068420,SKU004605,2025-11-22,Size issue,571.55,Processed
RET004790,ORD0001553,SKU009874,2026-07-18,arrived after event,490.61,Processed
RET004791,ORD0044892,SKU007680,2025-02-05,fabric quality bad,524.36,Processed
RET004792,ORD0112222,SKU010435,2025-04-27,colour different from image,747.28,Processed
RET004793,ORD0010172,SKU011957,2026-06-01,SIZE PROBLEM,1072.91,Processed
RET004794,ORD0024948,SKU002992,2025-06-24,size too small,674.22,Processed
RET004795,ORD0065061,SKU009298,2025-04-07,found cheaper elsewhere,1098.47,Processed
RET004796,ORD0105194,SKU010750,2026-03-29,wrong colour delivered,436.73,Rejected
RET004797,ORD0017451,SKU000913,2025-06-21,too tight,933.98,Processed
RET004798,ORD0037361,SKU005922,2025-05-19,item damaged,1692.53,Processed
RET004799,ORD0027594,SKU012270,2025-06-28,arrived after event,1014.75,Processed
RET004800,ORD0038823,SKU010583,2026-01-03,poor quality,736.4,Processed
RET004801,ORD0084557,SKU012435,2025-02-02,item damaged,446.86,Processed
RET004802,ORD0027278,SKU002175,2025-03-13,size too small,446.56,Processed
RET004803,ORD0027092,SKU003981,2025-11-04,fabric quality bad,1098.02,Processed
RET004804,ORD0041433,SKU004341,2025-05-21,fabric quality bad,305.17,Processed
RET004805,ORD0119565,SKU011218,2026-06-16,product was cracked,402.64,Processed
RET004806,ORD0040147,SKU010990,2026-04-15,wrong size ordered,382.21,Pending
RET004807,ORD0115522,SKU002570,2025-08-24,found cheaper elsewhere,1151.14,Processed
RET004808,ORD0051265,SKU000765,2025-05-10,found cheaper elsewhere,848.57,Processed
RET004809,ORD0111217,SKU010438,2025-12-19,wrong item sent,805.99,Processed
RET004810,ORD0113114,SKU005514,2025-06-04,wrong size ordered,1716.49,Pending
RET004811,ORD0080308,SKU007787,2025-07-31,dont want it now,598.17,Processed
RET004812,ORD0027804,SKU006847,2025-02-20,didnt fit,479.08,Processed
RET004813,ORD0019914,SKU004028,2025-02-18,arrived after event,167.64,Rejected
RET004814,ORD0012564,SKU011459,2026-12-07,different from website photo,444.78,Processed
RET004815,ORD0076652,SKU002171,2026-03-11,packaging torn item broken,263.56,Processed
RET004816,ORD0069154,SKU009444,2026-05-15,not as described,383.51,Processed
RET004817,ORD0065937,SKU004701,2025-03-28,Not what I ordered,295.85,Processed
RET004818,ORD0115995,SKU001114,2025-08-24,Size issue,397.8,Processed
RET004819,ORD0046930,SKU007495,2026-12-05,Delayed delivery,322.2,Processed
RET004820,ORD0038047,SKU008044,2025-12-08,Size issue,1017.58,Processed
RET004821,ORD0118709,SKU005074,2026-02-09,size chart misleading,383.75,Processed
RET004822,ORD0098670,SKU000535,2026-12-07,looks different online,259.3,Processed
RET004823,ORD0078983,SKU000108,2025-10-22,wrong item sent,283.69,Processed
RET004824,ORD0033229,SKU004205,2025-06-20,Quality issue,313.39,Processed
RET004825,ORD0047010,SKU009826,2026-02-11,broken on arrival,529.97,Processed
RET004826,ORD0045573,SKU011989,2026-05-16,arrived damaged!!,923.05,Processed
RET004827,ORD0082791,SKU005890,2025-10-16,size too small,1267.58,Processed
RET004828,ORD0002135,SKU003583,2025-07-23,broken on arrival,225.95,Processed
RET004829,ORD0028189,SKU006825,2026-11-06,colour different from image,376.74,Processed
RET004830,ORD0038076,SKU002530,2026-05-31,received different product,4552.11,Processed
RET004831,ORD0036725,SKU006628,2026-04-02,arrived after event,964.66,Processed
RET004832,ORD0071444,SKU001800,2026-01-09,changed my mind,1158.72,Processed
RET004833,ORD0063415,SKU012009,2025-08-12,packaging torn item broken,133.24,Processed
RET004834,ORD0067553,SKU000174,2026-11-22,size too small,1643.78,Processed
RET004835,ORD0057093,SKU007430,2025-06-08,Quality issue,929.73,Processed
RET004836,ORD0081611,SKU010584,2025-11-28,product was cracked,1538.28,Processed
RET004837,ORD0105462,SKU010345,2025-05-06,ordered by mistake,958.91,Processed
RET004838,ORD0108673,SKU000190,2026-04-28,item damaged,2038.71,Processed
RET004839,ORD0113827,SKU009641,2025-03-30,misleading description,348.28,Processed
RET004840,ORD0030316,SKU004320,2025-12-04,looks different online,752.06,Processed
RET004841,ORD0003289,SKU006742,2026-01-05,received different product,3452.81,Processed
RET004842,ORD0051380,SKU011913,2025-04-25,no longer needed,374.35,Processed
RET004843,ORD0044428,SKU012319,2025-05-01,different sku received,797.88,Processed
RET004844,ORD0017238,SKU008894,2025-11-20,poor quality,5459.32,Pending
RET004845,ORD0114494,SKU007227,2025-01-18,Doesn't fit properly,1764.14,Processed
RET004846,ORD0053333,SKU002668,2025-09-15,SIZE PROBLEM,405.17,Processed
RET004847,ORD0004860,SKU005630,2026-02-27,not working,263.74,Processed
RET004848,ORD0015606,SKU009280,2025-09-20,fabric quality bad,401.96,Processed
RET004849,ORD0113192,SKU004468,2025-06-12,Damaged in transit,326.75,Processed
RET004850,ORD0113508,SKU006940,2026-03-15,broken on arrival,1447.35,Rejected
RET004851,ORD0026501,SKU000462,2025-07-23,item damaged,1070.87,Processed
RET004852,ORD0028239,SKU000917,2026-01-25,arrived damaged!!,543.61,Processed
RET004853,ORD0097414,SKU002374,2025-08-27,wrong colour delivered,1208.0,Processed
RET004854,ORD0021409,SKU002416,2026-12-07,didnt fit,141.91,Processed
RET004855,ORD0083633,SKU001550,2025-11-07,didnt fit,169.89,Processed
RET004856,ORD0002895,SKU000513,2025-11-22,size too small,529.52,Processed
RET004857,ORD0109346,SKU003967,2025-05-17,Quality issue,373.28,Processed
RET004858,ORD0088559,SKU007087,2025-03-08,ordered by mistake,1121.88,Processed
RET004859,ORD0020945,SKU001310,2026-05-12,product was cracked,1347.37,Processed
RET004860,ORD0056729,SKU011242,2026-11-10,wrong size ordered,870.51,Rejected
RET004861,ORD0018512,SKU001152,2025-03-31,poor quality,169.12,Processed
RET004862,ORD0112709,SKU009694,2025-07-18,Not what I ordered,1436.33,Processed
RET004863,ORD0090988,SKU004364,2026-02-20,wrong size ordered,905.04,Processed
RET004864,ORD0038405,SKU001225,2026-11-25,not as described,588.42,Processed
RET004865,ORD0065267,SKU007151,2025-09-06,Not what I ordered,1057.71,Processed
RET004866,ORD0118267,SKU004322,2025-02-06,colour different from image,515.7,Processed
RET004867,ORD0093887,SKU005586,2025-08-06,quality not as expected,425.45,Processed
RET004868,ORD0106957,SKU010493,2026-02-26,late delivery no longer needed,1107.05,Processed
RET004869,ORD0046374,SKU010629,2026-01-18,cheap material,665.66,Processed
RET004870,ORD0073153,SKU007995,2025-10-06,Doesn't fit properly,289.24,Processed
RET004871,ORD0068549,SKU007742,2025-09-30,arrived after event,415.18,Processed
RET004872,ORD0015218,SKU005236,2025-05-30,quality not as expected,478.95,Rejected
RET004873,ORD0102134,SKU001940,2026-04-06,packaging torn item broken,584.11,Processed
RET004874,ORD0084548,SKU006072,2026-10-30,packaging torn item broken,704.85,Processed
RET004875,ORD0031231,SKU005527,2025-07-12,arrived damaged!!,490.82,Processed
RET004876,ORD0014294,SKU007793,2025-06-19,different sku received,1184.66,Processed
RET004877,ORD0047045,SKU006448,2026-06-10,didnt fit,213.66,Processed
RET004878,ORD0095137,SKU008989,2025-08-30,wrong size ordered,971.32,Processed
RET004879,ORD0052752,SKU001122,2026-04-12,product was cracked,311.98,Processed
RET004880,ORD0066324,SKU008863,2025-08-24,late delivery no longer needed,690.4,Processed
RET004881,ORD0017598,SKU005944,2025-11-01,didnt fit,832.54,Pending
RET004882,ORD0064686,SKU012269,2025-07-16,wrong colour delivered,1750.96,Processed
RET004883,ORD0004782,SKU011732,2025-05-28,arrived after event,368.63,Processed
RET004884,ORD0023349,SKU006061,2025-08-01,changed my mind,809.59,Processed
RET004885,ORD0068136,SKU011690,2026-03-08,wrong item sent,343.27,Processed
RET004886,ORD0090083,SKU002566,2025-09-18,broken on arrival,1559.95,Processed
RET004887,ORD0080184,SKU002853,2025-07-26,ordered by mistake,1480.53,Processed
RET004888,ORD0107324,SKU006100,2026-04-11,looks different online,515.72,Processed
RET004889,ORD0093068,SKU010404,2026-04-07,fabric quality bad,287.56,Processed
RET004890,ORD0097642,SKU012196,2025-10-06,cheap material,346.92,Processed
RET004891,ORD0030656,SKU006748,2026-02-22,Damaged in transit,994.17,Processed
RET004892,ORD0071753,SKU011791,2025-01-25,too tight,384.47,Processed
RET004893,ORD0014346,SKU002996,2026-05-09,Not what I ordered,1309.32,Processed
RET004894,ORD0037376,SKU004001,2025-05-23,Damaged in transit,2557.57,Processed
RET004895,ORD0028420,SKU009170,2025-05-14,wrong item sent,572.41,Processed
RET004896,ORD0051679,SKU001056,2026-04-13,too tight,750.85,Processed
RET004897,ORD0074415,SKU004519,2025-12-26,poor quality,1285.44,Processed
RET004898,ORD0039990,SKU009706,2025-10-22,size too small,1968.91,Processed
RET004899,ORD0092826,SKU005763,2025-06-20,SIZE PROBLEM,315.17,Processed
RET004900,ORD0011094,SKU012028,2025-12-17,cheap material,597.62,Processed
RET004901,ORD0082430,SKU000444,2025-07-05,colour different from image,703.13,Processed
RET004902,ORD0074085,SKU010062,2025-08-16,late delivery no longer needed,1061.16,Processed
RET004903,ORD0090065,SKU010899,2025-10-14,quality not as expected,343.57,Processed
RET004904,ORD0042627,SKU007062,2025-12-06,not working,500.4,Processed
RET004905,ORD0035225,SKU003998,2025-10-24,Not what I ordered,317.48,Processed
RET004906,ORD0064741,SKU003820,2025-03-27,arrived damaged!!,341.72,Processed
RET004907,ORD0015319,SKU000092,2026-05-20,different from website photo,664.26,Processed
RET004908,ORD0017779,SKU006308,2025-05-17,arrived damaged!!,272.4,Rejected
RET004909,ORD0004254,SKU002294,2025-04-07,wrong item sent,373.87,Processed
RET004910,ORD0006887,SKU011537,2026-06-16,wrong size ordered,139.57,Processed
RET004911,ORD0064028,SKU005482,2026-02-23,different sku received,293.3,Processed
RET004912,ORD0031927,SKU006766,2025-09-08,packaging torn item broken,447.54,Processed
RET004913,ORD0095553,SKU002875,2025-11-02,wrong size ordered,929.16,Processed
RET004914,ORD0047186,SKU000657,2025-10-08,colour different from image,4533.96,Processed
RET004915,ORD0084557,SKU000442,2025-02-18,size chart misleading,552.2,Processed
RET004916,ORD0032298,SKU001293,2025-06-13,stopped working after a day,2259.06,Processed
RET004917,ORD0078637,SKU003024,2025-08-17,arrived after event,636.19,Processed
RET004918,ORD0062791,SKU004387,2025-10-19,Not what I ordered,248.18,Processed
RET004919,ORD0077095,SKU001856,2025-03-01,size too small,691.41,Processed
RET004920,ORD0068906,SKU012433,2025-10-13,didnt fit,164.55,Processed
RET004921,ORD0089517,SKU003395,2026-05-17,changed my mind,188.0,Processed
RET004922,ORD0098854,SKU011660,2026-05-10,product was cracked,1018.85,Processed
RET004923,ORD0037575,SKU001558,2025-05-23,looks different online,689.08,Pending
RET004924,ORD0003974,SKU010768,2025-04-30,wrong size ordered,290.02,Processed
RET004925,ORD0002282,SKU004147,2026-04-01,battery dead,161.29,Processed
RET004926,ORD0119835,SKU002066,2025-10-14,not as described,1741.84,Processed
RET004927,ORD0060372,SKU008336,2025-09-16,different sku received,1873.05,Pending
RET004928,ORD0098727,SKU007435,2026-03-09,arrived damaged!!,386.64,Processed
RET004929,ORD0049181,SKU009147,2025-06-24,broken on arrival,513.54,Processed
RET004930,ORD0109604,SKU004493,2026-04-23,delivered too late,365.85,Processed
RET004931,ORD0005924,SKU011729,2025-09-24,stopped working after a day,502.28,Processed
RET004932,ORD0097822,SKU000950,2025-02-01,size too small,123.34,Processed
RET004933,ORD0059142,SKU001557,2026-06-14,not working,2875.7,Pending
RET004934,ORD0049181,SKU009274,2025-07-04,fabric quality bad,612.58,Processed
RET004935,ORD0028008,SKU007175,2025-05-16,Size issue,377.74,Processed
RET004936,ORD0070654,SKU007215,2026-03-09,wrong colour delivered,2148.31,Processed
RET004937,ORD0076652,SKU003022,2026-03-17,Damaged in transit,1235.38,Processed
RET004938,ORD0013133,SKU011456,2025-10-01,found cheaper elsewhere,540.61,Processed
RET004939,ORD0051868,SKU006822,2025-04-09,didnt fit,1073.73,Processed
RET004940,ORD0080276,SKU005734,2026-12-08,size chart misleading,246.22,Processed
RET004941,ORD0064917,SKU012111,2025-04-23,too tight,502.33,Processed
RET004942,ORD0020688,SKU005712,2026-05-07,too tight,365.35,Processed
RET004943,ORD0008407,SKU008418,2025-02-28,not as described,1091.18,Processed
RET004944,ORD0108846,SKU011463,2026-01-01,poor quality,232.38,Processed
RET004945,ORD0097508,SKU001448,2025-09-22,size chart misleading,1374.4,Processed
RET004946,ORD0078938,SKU009971,2025-08-10,Doesn't fit properly,224.97,Processed
RET004947,ORD0024262,SKU009127,2026-03-13,received different product,151.97,Processed
RET004948,ORD0078488,SKU001700,2026-05-29,broken on arrival,1278.53,Processed
RET004949,ORD0119011,SKU008942,2026-03-02,battery dead,1067.91,Processed
RET004950,ORD0054310,SKU005085,2025-01-27,Damaged in transit,4212.49,Processed
RET004951,ORD0116069,SKU002160,2026-05-16,packaging torn item broken,1089.08,Processed
RET004952,ORD0094415,SKU004997,2025-05-26,found cheaper elsewhere,261.53,Processed
RET004953,ORD0022092,SKU000628,2025-07-26,ordered by mistake,2565.74,Processed
RET004954,ORD0000146,SKU003232,2026-02-03,Damaged in transit,865.62,Processed
RET004955,ORD0066226,SKU003294,2025-04-21,dont want it now,465.63,Processed
RET004956,ORD0055583,SKU010984,2025-04-07,poor quality,805.72,Pending
RET004957,ORD0065004,SKU001218,2026-05-11,dont want it now,343.92,Processed
RET004958,ORD0109069,SKU000015,2025-12-22,arrived damaged!!,407.08,Processed
RET004959,ORD0047969,SKU005697,2025-04-30,too tight,1174.72,Processed
RET004960,ORD0105515,SKU002580,2026-06-16,ordered by mistake,178.42,Processed
RET004961,ORD0054267,SKU003772,2026-06-24,too tight,1022.52,Processed
RET004962,ORD0059707,SKU009453,2026-10-23,Not what I ordered,703.47,Processed
RET004963,ORD0018898,SKU011358,2025-10-05,received different product,2032.54,Processed
RET004964,ORD0034255,SKU011838,2025-04-24,didnt fit,1066.15,Rejected
RET004965,ORD0030231,SKU001804,2025-10-24,item damaged,2351.69,Processed
RET004966,ORD0032770,SKU007778,2025-11-10,quality not as expected,295.72,Processed
RET004967,ORD0111897,SKU001707,2025-11-24,SIZE PROBLEM,1544.46,Processed
RET004968,ORD0030895,SKU011274,2026-01-07,Not what I ordered,734.75,Processed
RET004969,ORD0095612,SKU004351,2025-02-11,size chart misleading,742.15,Processed
RET004970,ORD0010959,SKU007053,2025-03-23,product was cracked,1332.67,Processed
RET004971,ORD0115306,SKU005778,2025-02-04,no longer needed,1063.02,Processed
RET004972,ORD0113528,SKU011900,2025-06-03,arrived damaged!!,1007.73,Processed
RET004973,ORD0106300,SKU007514,2026-11-26,changed my mind,733.75,Processed
RET004974,ORD0038388,SKU002342,2026-05-14,fabric quality bad,1069.08,Processed
RET004975,ORD0033850,SKU008069,2025-11-01,didnt fit,495.45,Processed
RET004976,ORD0015945,SKU006835,2026-06-01,SIZE PROBLEM,270.06,Rejected
RET004977,ORD0075295,SKU009359,2025-11-10,wrong colour delivered,799.95,Processed
RET004978,ORD0059766,SKU011028,2025-07-15,Doesn't fit properly,1322.5,Processed
RET004979,ORD0049226,SKU007216,2026-03-13,looks different online,130.59,Processed
RET004980,ORD0080159,SKU006001,2025-08-11,Quality issue,234.73,Processed
RET004981,ORD0061443,SKU010779,2025-09-02,too tight,1376.5,Processed
RET004982,ORD0108950,SKU008255,2025-07-11,size too small,1205.18,Processed
RET004983,ORD0083648,SKU004015,2025-06-23,packaging torn item broken,1492.42,Rejected
RET004984,ORD0100043,SKU009203,2025-11-29,quality not as expected,451.13,Pending
RET004985,ORD0066026,SKU000700,2025-06-15,dont want it now,896.45,Processed
RET004986,ORD0026386,SKU006149,2025-08-05,device faulty,1737.99,Processed
RET004987,ORD0094002,SKU000768,2025-05-26,size chart misleading,147.01,Processed
RET004988,ORD0042922,SKU005112,2025-06-10,wrong item sent,412.6,Processed
RET004989,ORD0001472,SKU003520,2025-05-01,wrong size ordered,458.06,Processed
RET004990,ORD0101883,SKU002184,2026-02-16,Doesn't fit properly,1079.87,Processed
RET004991,ORD0004116,SKU007346,2025-07-29,Quality issue,153.4,Processed
RET004992,ORD0016165,SKU007963,2025-05-24,not working,2218.51,Processed
RET004993,ORD0046847,SKU011856,2026-02-18,Damaged in transit,674.59,Processed
RET004994,ORD0116285,SKU007100,2026-11-15,too tight,114.68,Processed
RET004995,ORD0059806,SKU010742,2025-04-03,arrived damaged!!,423.05,Processed
RET004996,ORD0060968,SKU006926,2025-08-20,wrong size ordered,382.33,Pending
RET004997,ORD0091369,SKU000585,2026-07-23,different from website photo,643.12,Rejected
RET004998,ORD0069123,SKU003769,2025-12-17,defective piece,325.09,Processed
RET004999,ORD0044464,SKU011917,2025-04-26,size too small,649.93,Processed
RET005000,ORD0081170,SKU008815,2025-06-14,size chart misleading,925.34,Processed
RET005001,ORD0049994,SKU002204,2025-03-01,wrong colour delivered,619.25,Pending
RET005002,ORD0108245,SKU001857,2026-03-23,wrong colour delivered,410.44,Processed
RET005003,ORD0026539,SKU002608,2025-03-14,defective piece,176.25,Processed
RET005004,ORD0007327,SKU000423,2026-12-14,stopped working after a day,167.74,Pending
RET005005,ORD0066581,SKU002784,2026-05-03,defective piece,249.69,Processed
RET005006,ORD0016227,SKU000996,2026-06-29,device faulty,182.78,Processed
RET005007,ORD0009051,SKU008227,2026-05-27,wrong colour delivered,232.24,Processed
RET005008,ORD0080179,SKU004214,2026-02-02,didnt fit,738.26,Processed
RET005009,ORD0049226,SKU012331,2026-03-06,size too small,1918.96,Processed
RET005010,ORD0044022,SKU007549,2025-06-08,Quality issue,3368.04,Processed
RET005011,ORD0009214,SKU006129,2025-08-08,device faulty,427.39,Processed
RET005012,ORD0062394,SKU009301,2025-12-24,Size issue,946.52,Processed
RET005013,ORD0117717,SKU003577,2026-04-09,broken on arrival,1203.57,Processed
RET005014,ORD0064458,SKU011069,2025-10-13,Delayed delivery,213.84,Processed
RET005015,ORD0074717,SKU011553,2026-11-21,different from website photo,1291.74,Processed
RET005016,ORD0000987,SKU009147,2025-03-08,product was cracked,1259.21,Processed
RET005017,ORD0079376,SKU002412,2026-06-09,item damaged,912.49,Processed
RET005018,ORD0079418,SKU002506,2025-07-24,dont want it now,847.18,Processed
RET005019,ORD0034774,SKU012158,2026-02-27,packaging torn item broken,7741.2,Processed
RET005020,ORD0065233,SKU005363,2025-02-21,arrived damaged!!,877.11,Processed
RET005021,ORD0029676,SKU012234,2025-12-25,not working,973.95,Processed
RET005022,ORD0091461,SKU009220,2025-11-08,received different product,1734.88,Processed
RET005023,ORD0087428,SKU005587,2025-09-02,Quality issue,634.66,Processed
RET005024,ORD0005076,SKU003315,2026-07-01,delivered too late,287.34,Processed
RET005025,ORD0029925,SKU001884,2026-06-06,not durable,928.07,Processed
RET005026,ORD0116019,SKU012106,2025-11-23,size chart misleading,163.57,Processed
RET005027,ORD0019912,SKU010660,2026-06-11,Size issue,422.8,Processed
RET005028,ORD0075812,SKU002177,2026-03-16,item damaged,580.49,Processed
RET005029,ORD0111728,SKU005335,2026-03-03,Doesn't fit properly,323.64,Processed
RET005030,ORD0117006,SKU010656,2025-08-02,misleading description,122.5,Processed
RET005031,ORD0037361,SKU001365,2025-05-19,size too small,965.24,Processed
RET005032,ORD0023895,SKU011555,2025-09-23,arrived damaged!!,1723.26,Processed
RET005033,ORD0068564,SKU007495,2026-02-12,size chart misleading,1324.54,Processed
RET005034,ORD0011143,SKU012442,2025-09-13,not durable,112.58,Processed
RET005035,ORD0118857,SKU000533,2025-04-22,poor quality,947.24,Processed
RET005036,ORD0061749,SKU002357,2026-11-02,changed my mind,71.11,Processed
RET005037,ORD0091248,SKU011770,2025-10-12,changed my mind,1119.96,Processed
RET005038,ORD0017238,SKU000891,2025-11-24,broken on arrival,1163.84,Processed
RET005039,ORD0102428,SKU000426,2025-11-07,changed my mind,382.45,Processed
RET005040,ORD0062345,SKU003608,2026-06-25,size too small,207.84,Processed
RET005041,ORD0040133,SKU007016,2025-03-25,changed my mind,790.17,Processed
RET005042,ORD0116480,SKU012080,2025-05-17,Not what I ordered,418.15,Processed
RET005043,ORD0026796,SKU010660,2025-11-13,Not what I ordered,227.22,Processed
RET005044,ORD0047645,SKU007764,2026-03-06,misleading description,778.9,Processed
RET005045,ORD0081518,SKU011000,2025-02-05,no longer needed,7862.17,Processed
RET005046,ORD0113370,SKU011888,2026-12-08,delivered too late,278.74,Processed
RET005047,ORD0009966,SKU007525,2025-08-28,cheap material,167.55,Processed
RET005048,ORD0066661,SKU005207,2025-05-25,different sku received,1884.63,Processed
RET005049,ORD0063020,SKU005513,2026-01-30,Not what I ordered,1237.87,Processed
RET005050,ORD0044027,SKU010075,2026-06-06,size chart misleading,680.5,Processed
RET005051,ORD0083743,SKU001151,2026-06-25,not as described,533.78,Processed
RET005052,ORD0084100,SKU008444,2025-11-07,cheap material,574.47,Pending
RET005053,ORD0029715,SKU000101,2025-01-30,wrong colour delivered,1766.67,Processed
RET005054,ORD0028199,SKU002963,2026-04-16,item damaged,881.01,Pending
RET005055,ORD0117506,SKU000298,2025-02-09,looks different online,196.92,Processed
RET005056,ORD0068847,SKU002418,2026-05-23,wrong item sent,387.44,Processed
RET005057,ORD0025565,SKU011807,2026-04-12,not durable,68.48,Processed
RET005058,ORD0033191,SKU002935,2026-01-28,Not what I ordered,1052.34,Processed
RET005059,ORD0096024,SKU000121,2025-06-08,arrived after event,1731.69,Processed
RET005060,ORD0019472,SKU002093,2025-09-14,Size issue,337.52,Processed
RET005061,ORD0062894,SKU011724,2025-07-07,size too small,527.77,Processed
RET005062,ORD0001629,SKU002080,2025-11-09,fabric quality bad,1282.89,Processed
RET005063,ORD0112382,SKU004738,2025-03-24,broken on arrival,290.3,Processed
RET005064,ORD0097822,SKU002785,2025-02-06,defective piece,311.32,Processed
RET005065,ORD0111341,SKU008770,2026-05-04,Doesn't fit properly,223.21,Processed
RET005066,ORD0012325,SKU007876,2026-11-10,Delayed delivery,1127.92,Processed
RET005067,ORD0004559,SKU004769,2025-11-25,poor quality,374.06,Processed
RET005068,ORD0103095,SKU009315,2025-03-19,received different product,644.78,Pending
RET005069,ORD0074239,SKU011391,2025-05-01,arrived after event,139.34,Processed
RET005070,ORD0019542,SKU005447,2025-09-05,didnt fit,93.77,Processed
RET005071,ORD0000217,SKU005873,2026-11-20,cheap material,5289.27,Processed
RET005072,ORD0076276,SKU011476,2025-11-11,misleading description,2117.17,Processed
RET005073,ORD0025832,SKU000797,2026-02-28,different sku received,2706.29,Processed
RET005074,ORD0063028,SKU009600,2025-12-13,SIZE PROBLEM,2263.9,Processed
RET005075,ORD0066388,SKU003066,2026-03-07,SIZE PROBLEM,1395.31,Processed
RET005076,ORD0057127,SKU006561,2026-05-20,delivered too late,173.47,Processed
RET005077,ORD0023815,SKU001454,2026-05-22,cheap material,215.55,Processed
RET005078,ORD0032541,SKU006303,2025-07-13,changed my mind,1219.36,Processed
RET005079,ORD0063571,SKU001273,2026-01-24,found cheaper elsewhere,209.5,Pending
RET005080,ORD0035561,SKU002799,2025-11-26,wrong item sent,828.66,Processed
RET005081,ORD0023697,SKU009107,2026-10-30,arrived damaged!!,249.06,Pending
RET005082,ORD0030050,SKU010825,2026-04-04,didnt fit,570.55,Processed
RET005083,ORD0014089,SKU001295,2025-07-24,Quality issue,897.77,Processed
RET005084,ORD0023156,SKU005945,2026-05-27,wrong size ordered,243.96,Processed
RET005085,ORD0078760,SKU005585,2025-10-22,cheap material,625.62,Processed
RET005086,ORD0117171,SKU010996,2025-08-27,different from website photo,799.14,Processed
RET005087,ORD0034023,SKU007123,2025-01-23,packaging torn item broken,253.89,Pending
RET005088,ORD0019955,SKU011905,2025-11-20,changed my mind,672.86,Pending
RET005089,ORD0096930,SKU004504,2025-02-21,wrong item sent,3459.95,Processed
RET005090,ORD0099547,SKU005516,2025-07-23,dont want it now,2886.08,Processed
RET005091,ORD0094415,SKU007642,2025-06-07,no longer needed,533.84,Processed
RET005092,ORD0028003,SKU010560,2025-12-27,didnt fit,478.27,Pending
RET005093,ORD0092964,SKU008578,2026-10-24,Delayed delivery,1203.36,Pending
RET005094,ORD0007014,SKU000464,2025-05-29,didnt fit,479.66,Processed
RET005095,ORD0083231,SKU001498,2025-07-06,size too small,509.23,Processed
RET005096,ORD0041247,SKU010665,2025-04-14,size too small,633.98,Processed
RET005097,ORD0038710,SKU000021,2026-10-12,different sku received,846.84,Processed
RET005098,ORD0030865,SKU004126,2026-01-23,packaging torn item broken,2640.71,Processed
RET005099,ORD0007995,SKU007230,2026-06-14,Doesn't fit properly,732.6,Processed
RET005100,ORD0068231,SKU005830,2026-05-14,quality not as expected,1396.19,Processed
RET005101,ORD0008497,SKU003683,2026-06-27,misleading description,132.47,Processed
RET005102,ORD0103653,SKU008148,2026-10-20,item damaged,183.85,Processed
RET005103,ORD0109784,SKU008264,2025-08-28,colour different from image,835.78,Processed
RET005104,ORD0092990,SKU009092,2026-02-06,not working,2544.22,Processed
RET005105,ORD0002060,SKU001382,2026-05-11,colour different from image,1006.7,Processed
RET005106,ORD0038047,SKU004104,2025-12-03,Quality issue,769.92,Processed
RET005107,ORD0118610,SKU002292,2025-05-24,delivered too late,621.02,Pending
RET005108,ORD0086139,SKU005025,2025-07-05,quality not as expected,724.26,Pending
RET005109,ORD0010406,SKU001038,2026-06-29,size too small,241.38,Processed
RET005110,ORD0040991,SKU007014,2026-03-27,packaging torn item broken,2638.82,Processed
RET005111,ORD0091003,SKU005735,2026-03-24,packaging torn item broken,369.37,Processed
RET005112,ORD0015601,SKU010705,2025-04-24,looks different online,258.95,Processed
RET005113,ORD0090336,SKU007113,2026-03-13,product was cracked,213.96,Pending
RET005114,ORD0091747,SKU012413,2025-04-06,misleading description,285.09,Processed
RET005115,ORD0117974,SKU008256,2026-05-14,wrong item sent,703.84,Processed
RET005116,ORD0116917,SKU007292,2026-01-25,too tight,428.46,Processed
RET005117,ORD0079834,SKU004905,2026-05-18,received different product,110.54,Processed
RET005118,ORD0079645,SKU009549,2026-01-24,stopped working after a day,500.41,Processed
RET005119,ORD0061536,SKU003098,2025-05-05,received different product,605.89,Processed
RET005120,ORD0072573,SKU003962,2025-05-13,size too small,812.2,Processed
RET005121,ORD0089778,SKU005992,2026-11-24,didnt fit,923.58,Pending
RET005122,ORD0089904,SKU005721,2025-12-26,different from website photo,2520.0,Processed
RET005123,ORD0077050,SKU004735,2025-12-02,packaging torn item broken,806.19,Pending
RET005124,ORD0058858,SKU012155,2025-12-28,looks different online,91.76,Processed
RET005125,ORD0099921,SKU012009,2026-04-12,wrong item sent,463.3,Pending
RET005126,ORD0014817,SKU000038,2026-02-04,item damaged,1070.14,Processed
RET005127,ORD0083479,SKU011858,2026-01-29,SIZE PROBLEM,709.2,Processed
RET005128,ORD0081565,SKU006569,2026-05-18,SIZE PROBLEM,1087.78,Pending
RET005129,ORD0041433,SKU000566,2025-05-28,late delivery no longer needed,674.03,Pending
RET005130,ORD0054841,SKU001766,2026-11-12,ordered by mistake,340.81,Processed
RET005131,ORD0076221,SKU008857,2026-02-01,defective piece,544.85,Processed
RET005132,ORD0104832,SKU006613,2025-08-24,Delayed delivery,691.37,Processed
RET005133,ORD0067218,SKU007011,2025-09-03,fabric quality bad,604.45,Processed
RET005134,ORD0036862,SKU011836,2025-12-06,found cheaper elsewhere,408.58,Processed
RET005135,ORD0114139,SKU011747,2025-12-12,Damaged in transit,1495.66,Processed
RET005136,ORD0105728,SKU010895,2025-02-04,SIZE PROBLEM,1482.46,Processed
RET005137,ORD0007996,SKU006771,2026-03-18,different from website photo,582.73,Processed
RET005138,ORD0079784,SKU003443,2026-06-24,product was cracked,453.22,Processed
RET005139,ORD0092925,SKU003686,2025-04-08,didnt fit,1054.19,Processed
RET005140,ORD0067866,SKU009254,2026-01-23,misleading description,300.76,Pending
RET005141,ORD0032163,SKU010834,2026-07-02,not durable,211.52,Processed
RET005142,ORD0005478,SKU011049,2026-01-22,too tight,385.75,Processed
RET005143,ORD0091580,SKU002589,2026-05-17,wrong size ordered,200.45,Processed
RET005144,ORD0106022,SKU004558,2025-05-19,item damaged,1804.05,Processed
RET005145,ORD0071180,SKU011804,2025-09-26,no longer needed,928.93,Pending
RET005146,ORD0054326,SKU008018,2025-09-01,broken on arrival,936.74,Processed
RET005147,ORD0017487,SKU009418,2026-07-04,arrived damaged!!,370.67,Processed
RET005148,ORD0085791,SKU003826,2025-04-30,misleading description,561.93,Processed
RET005149,ORD0083897,SKU003333,2026-07-19,Not what I ordered,610.3,Processed
RET005150,ORD0097012,SKU003327,2025-11-20,item damaged,380.53,Processed
RET005151,ORD0014942,SKU003692,2025-02-19,different from website photo,721.59,Processed
RET005152,ORD0017080,SKU007952,2026-03-05,defective piece,4943.94,Processed
RET005153,ORD0033435,SKU000910,2025-04-03,not as described,625.95,Processed
RET005154,ORD0035066,SKU001130,2025-12-22,poor quality,90.35,Processed
RET005155,ORD0019713,SKU004382,2025-05-21,no longer needed,817.72,Processed
RET005156,ORD0054910,SKU007166,2025-02-11,Not what I ordered,823.77,Processed
RET005157,ORD0054287,SKU006507,2025-04-15,fabric quality bad,664.85,Processed
RET005158,ORD0070922,SKU002318,2025-04-01,ordered by mistake,959.32,Processed
RET005159,ORD0051472,SKU004582,2025-12-06,product was cracked,2096.35,Processed
RET005160,ORD0029853,SKU010489,2025-07-06,no longer needed,391.68,Processed
RET005161,ORD0111145,SKU006120,2026-04-24,battery dead,556.18,Processed
RET005162,ORD0009027,SKU005346,2025-11-12,Doesn't fit properly,990.45,Processed
RET005163,ORD0048122,SKU009711,2025-11-25,wrong item sent,223.12,Processed
RET005164,ORD0083908,SKU005474,2025-09-30,dont want it now,469.07,Processed
RET005165,ORD0049800,SKU010350,2026-06-21,size too small,1558.63,Rejected
RET005166,ORD0045686,SKU003454,2025-10-21,poor quality,1233.43,Processed
RET005167,ORD0023679,SKU003420,2025-08-27,Not what I ordered,1725.83,Pending
RET005168,ORD0116693,SKU007868,2025-07-25,wrong item sent,501.34,Rejected
RET005169,ORD0019941,SKU005663,2025-09-23,misleading description,531.75,Processed
RET005170,ORD0069071,SKU005592,2025-04-15,cheap material,240.24,Rejected
RET005171,ORD0086337,SKU001994,2025-09-07,Delayed delivery,4326.6,Processed
RET005172,ORD0034550,SKU005562,2026-02-28,defective piece,167.34,Processed
RET005173,ORD0056216,SKU003280,2026-04-13,arrived damaged!!,701.12,Processed
RET005174,ORD0062890,SKU004253,2025-02-28,defective piece,1843.02,Processed
RET005175,ORD0052983,SKU005434,2025-01-25,received different product,998.37,Processed
RET005176,ORD0076260,SKU011162,2025-01-30,misleading description,933.61,Processed
RET005177,ORD0076187,SKU011234,2026-02-21,poor quality,1588.87,Processed
RET005178,ORD0011986,SKU009010,2026-03-23,size chart misleading,102.8,Processed
RET005179,ORD0042411,SKU005269,2025-09-28,battery dead,380.71,Pending
RET005180,ORD0087020,SKU008094,2025-12-19,looks different online,407.34,Processed
RET005181,ORD0024389,SKU011672,2025-11-19,wrong item sent,406.09,Processed
RET005182,ORD0096126,SKU006979,2025-11-04,no longer needed,1270.87,Processed
RET005183,ORD0091199,SKU011590,2026-05-15,size too small,361.82,Processed
RET005184,ORD0068458,SKU004034,2025-08-22,Size issue,283.87,Processed
RET005185,ORD0059891,SKU006895,2025-12-01,Doesn't fit properly,1138.27,Processed
RET005186,ORD0100337,SKU010129,2026-06-09,not durable,1328.63,Processed
RET005187,ORD0006597,SKU001480,2025-02-18,didnt fit,1178.92,Processed
RET005188,ORD0062890,SKU011769,2025-03-13,Delayed delivery,175.15,Processed
RET005189,ORD0024687,SKU003474,2026-01-31,arrived after event,610.88,Processed
RET005190,ORD0021214,SKU005500,2025-10-10,wrong item sent,633.67,Processed
RET005191,ORD0091541,SKU007366,2026-03-18,wrong colour delivered,345.03,Processed
RET005192,ORD0085144,SKU011962,2025-10-02,packaging torn item broken,675.27,Processed
RET005193,ORD0065034,SKU005492,2025-02-07,device faulty,1287.81,Processed
RET005194,ORD0021229,SKU005217,2025-08-29,wrong size ordered,681.33,Pending
RET005195,ORD0080938,SKU000625,2026-07-01,defective piece,393.52,Processed
RET005196,ORD0043929,SKU011870,2025-09-13,fabric quality bad,845.63,Processed
RET005197,ORD0114753,SKU007788,2025-10-18,not working,1090.84,Processed
RET005198,ORD0034663,SKU006422,2026-04-25,dont want it now,762.83,Processed
RET005199,ORD0075739,SKU004573,2025-12-14,wrong size ordered,810.16,Processed
RET005200,ORD0056607,SKU001123,2025-06-21,found cheaper elsewhere,254.16,Processed
RET005201,ORD0079364,SKU011996,2025-04-06,Not what I ordered,359.87,Processed
RET005202,ORD0010555,SKU008729,2025-09-30,not working,878.42,Rejected
RET005203,ORD0003505,SKU009400,2026-10-11,misleading description,1430.31,Processed
RET005204,ORD0113114,SKU008424,2025-06-13,not working,462.94,Processed
RET005205,ORD0085076,SKU010310,2025-10-19,SIZE PROBLEM,225.31,Processed
RET005206,ORD0091306,SKU003340,2025-11-09,Size issue,608.27,Processed
RET005207,ORD0053648,SKU001139,2025-11-15,found cheaper elsewhere,292.45,Processed
RET005208,ORD0030452,SKU002180,2025-05-08,not durable,241.08,Processed
RET005209,ORD0096832,SKU005310,2025-01-07,size chart misleading,1042.87,Processed
RET005210,ORD0014250,SKU005866,2025-06-21,changed my mind,515.9,Processed
RET005211,ORD0024739,SKU003583,2026-02-27,Delayed delivery,379.96,Processed
RET005212,ORD0100863,SKU006463,2025-12-14,wrong size ordered,470.42,Processed
RET005213,ORD0114548,SKU000481,2025-04-14,Quality issue,313.99,Processed
RET005214,ORD0033253,SKU008495,2025-09-24,battery dead,501.74,Processed
RET005215,ORD0074972,SKU008891,2025-07-31,no longer needed,187.12,Processed
RET005216,ORD0044503,SKU007770,2025-08-13,delivered too late,514.57,Processed
RET005217,ORD0022461,SKU002632,2025-03-17,arrived damaged!!,425.44,Processed
RET005218,ORD0011770,SKU010958,2026-02-17,looks different online,306.4,Processed
RET005219,ORD0115195,SKU004782,2025-06-06,quality not as expected,1205.78,Processed
RET005220,ORD0033948,SKU005689,2025-12-23,product was cracked,443.65,Processed
RET005221,ORD0009799,SKU001359,2026-12-02,cheap material,544.59,Processed
RET005222,ORD0115306,SKU007405,2025-01-10,looks different online,546.35,Processed
RET005223,ORD0056523,SKU008273,2025-07-16,Size issue,911.75,Processed
RET005224,ORD0101578,SKU000004,2025-06-15,arrived damaged!!,671.77,Processed
RET005225,ORD0018325,SKU011556,2026-04-10,Not what I ordered,599.08,Processed
RET005226,ORD0085518,SKU000922,2025-03-02,SIZE PROBLEM,1073.23,Processed
RET005227,ORD0042997,SKU008990,2025-02-01,Size issue,284.5,Processed
RET005228,ORD0091571,SKU003988,2025-09-15,size chart misleading,976.57,Processed
RET005229,ORD0049594,SKU011509,2025-12-08,Delayed delivery,380.07,Pending
RET005230,ORD0067171,SKU001060,2026-04-01,too tight,777.75,Processed
RET005231,ORD0000956,SKU006963,2025-03-29,wrong size ordered,2086.33,Processed
RET005232,ORD0085564,SKU004318,2025-10-19,Size issue,1042.55,Processed
RET005233,ORD0069173,SKU010584,2025-03-10,dont want it now,1572.95,Processed
RET005234,ORD0029221,SKU008654,2025-01-10,defective piece,449.97,Processed
RET005235,ORD0074502,SKU009735,2025-04-12,arrived after event,676.14,Processed
RET005236,ORD0000531,SKU008295,2025-10-25,wrong colour delivered,499.24,Processed
RET005237,ORD0054769,SKU006201,2026-06-10,size chart misleading,411.18,Processed
RET005238,ORD0023371,SKU012100,2025-02-27,Not what I ordered,1375.26,Processed
RET005239,ORD0066663,SKU011079,2025-05-07,received different product,144.25,Pending
RET005240,ORD0107729,SKU009047,2026-04-08,didnt fit,410.65,Processed
RET005241,ORD0034453,SKU001817,2026-05-22,Size issue,1507.66,Rejected
RET005242,ORD0071150,SKU004229,2026-02-21,arrived damaged!!,3911.14,Processed
RET005243,ORD0026539,SKU002143,2025-03-03,wrong colour delivered,379.04,Processed
RET005244,ORD0111387,SKU004185,2025-11-10,poor quality,1347.4,Processed
RET005245,ORD0006708,SKU006271,2025-07-25,size chart misleading,2525.6,Processed
RET005246,ORD0016981,SKU011555,2026-01-24,different sku received,784.53,Pending
RET005247,ORD0083804,SKU011264,2025-08-30,not as described,4149.39,Processed
RET005248,ORD0103662,SKU003693,2026-06-01,not working,1705.51,Processed
RET005249,ORD0115390,SKU010167,2026-06-05,not durable,343.15,Processed
RET005250,ORD0061443,SKU003158,2025-09-09,changed my mind,789.72,Processed
RET005251,ORD0035498,SKU009962,2026-03-11,arrived after event,1351.92,Processed
RET005252,ORD0008095,SKU004143,2026-12-10,fabric quality bad,204.8,Rejected
RET005253,ORD0060933,SKU006595,2025-04-16,received different product,215.06,Processed
RET005254,ORD0013275,SKU007430,2025-05-08,ordered by mistake,849.22,Processed
RET005255,ORD0099044,SKU009760,2025-08-24,received different product,923.26,Processed
RET005256,ORD0048988,SKU011086,2026-12-01,stopped working after a day,658.86,Processed
RET005257,ORD0105354,SKU002587,2025-10-07,packaging torn item broken,922.37,Processed
RET005258,ORD0065719,SKU004469,2025-05-05,dont want it now,461.43,Processed
RET005259,ORD0062971,SKU003687,2025-02-21,received different product,524.45,Pending
RET005260,ORD0105861,SKU007003,2025-07-10,different from website photo,373.79,Processed
RET005261,ORD0114590,SKU003534,2026-07-15,Doesn't fit properly,110.64,Rejected
RET005262,ORD0023413,SKU004592,2025-01-15,no longer needed,442.6,Processed
RET005263,ORD0093816,SKU002518,2025-05-25,Doesn't fit properly,163.01,Processed
RET005264,ORD0090153,SKU006459,2025-08-04,cheap material,657.75,Processed
RET005265,ORD0079603,SKU004172,2025-11-16,Not what I ordered,1241.41,Processed
RET005266,ORD0047362,SKU000631,2025-10-21,size chart misleading,1428.44,Processed
RET005267,ORD0018512,SKU001242,2025-04-15,Size issue,1695.36,Processed
RET005268,ORD0056804,SKU004026,2026-12-23,different sku received,1145.66,Processed
RET005269,ORD0111178,SKU008810,2026-02-06,product was cracked,131.45,Processed
RET005270,ORD0068957,SKU009141,2026-05-12,colour different from image,427.76,Processed
RET005271,ORD0078420,SKU010765,2026-05-01,size too small,1038.71,Processed
RET005272,ORD0116458,SKU011076,2025-01-24,misleading description,739.76,Processed
RET005273,ORD0081356,SKU007187,2025-05-13,Quality issue,1069.16,Processed
RET005274,ORD0062588,SKU000417,2026-02-26,stopped working after a day,236.08,Rejected
RET005275,ORD0033382,SKU001000,2026-01-15,wrong item sent,674.8,Processed
RET005276,ORD0046368,SKU009154,2026-01-12,arrived damaged!!,1467.31,Processed
RET005277,ORD0096928,SKU005931,2025-04-24,Quality issue,703.84,Processed
RET005278,ORD0040544,SKU007962,2025-09-30,size chart misleading,441.62,Processed
RET005279,ORD0086640,SKU003618,2026-07-04,wrong size ordered,262.63,Processed
RET005280,ORD0023129,SKU007100,2025-08-24,looks different online,944.13,Processed
RET005281,ORD0101788,SKU001430,2025-11-17,Damaged in transit,357.97,Pending
RET005282,ORD0050006,SKU001120,2025-07-24,looks different online,199.11,Rejected
RET005283,ORD0031815,SKU010197,2025-09-17,received different product,411.88,Processed
RET005284,ORD0015318,SKU004334,2025-04-23,found cheaper elsewhere,205.01,Processed
RET005285,ORD0107753,SKU003982,2025-11-12,broken on arrival,420.75,Rejected
RET005286,ORD0112887,SKU012024,2026-06-15,wrong colour delivered,821.13,Processed
RET005287,ORD0056142,SKU004635,2026-01-17,not working,292.6,Processed
RET005288,ORD0100489,SKU004278,2026-02-25,Quality issue,237.73,Processed
RET005289,ORD0099921,SKU005119,2026-03-29,arrived damaged!!,299.83,Processed
RET005290,ORD0044642,SKU003143,2026-04-21,wrong size ordered,512.43,Pending
RET005291,ORD0003552,SKU011489,2025-02-10,fabric quality bad,247.96,Processed
RET005292,ORD0096952,SKU009116,2025-06-22,delivered too late,313.04,Processed
RET005293,ORD0081212,SKU002442,2025-01-31,wrong colour delivered,371.0,Processed
RET005294,ORD0087956,SKU008441,2026-05-03,SIZE PROBLEM,1169.7,Processed
RET005295,ORD0115921,SKU011134,2025-08-06,Size issue,697.9,Processed
RET005296,ORD0053225,SKU002811,2025-04-23,fabric quality bad,309.0,Processed
RET005297,ORD0064017,SKU010741,2025-02-16,different from website photo,3989.86,Processed
RET005298,ORD0037691,SKU002468,2026-11-06,battery dead,1168.34,Processed
RET005299,ORD0018316,SKU009181,2025-10-02,Damaged in transit,493.18,Processed
RET005300,ORD0068094,SKU010125,2026-03-24,arrived after event,1931.77,Processed
RET005301,ORD0008978,SKU006069,2025-05-31,didnt fit,1156.83,Rejected
RET005302,ORD0096323,SKU009533,2026-04-24,Size issue,228.74,Processed
RET005303,ORD0048245,SKU000169,2026-10-21,wrong item sent,423.81,Processed
RET005304,ORD0045661,SKU004547,2025-03-23,delivered too late,2511.87,Processed
RET005305,ORD0039161,SKU000469,2026-06-05,item damaged,1068.75,Processed
RET005306,ORD0025773,SKU005564,2025-12-30,Size issue,538.95,Pending
RET005307,ORD0018846,SKU009968,2026-06-21,different sku received,660.84,Processed
RET005308,ORD0083424,SKU009417,2025-10-29,too tight,1096.33,Processed
RET005309,ORD0086140,SKU003888,2025-10-14,looks different online,2459.1,Rejected
RET005310,ORD0002743,SKU008579,2025-01-15,late delivery no longer needed,1617.73,Pending
RET005311,ORD0022118,SKU009628,2025-01-17,ordered by mistake,620.18,Processed
RET005312,ORD0117575,SKU008780,2025-10-26,not working,529.18,Processed
RET005313,ORD0034878,SKU006784,2026-12-06,not working,1938.82,Pending
RET005314,ORD0095553,SKU009141,2025-11-02,packaging torn item broken,583.74,Processed
RET005315,ORD0096037,SKU007295,2025-03-10,size chart misleading,304.56,Processed
RET005316,ORD0053278,SKU008684,2026-01-09,arrived after event,578.46,Processed
RET005317,ORD0027680,SKU009095,2025-04-01,size chart misleading,411.92,Processed
RET005318,ORD0058295,SKU010558,2025-12-15,wrong item sent,3275.13,Processed
RET005319,ORD0091176,SKU005616,2025-11-21,product was cracked,165.28,Processed
RET005320,ORD0080753,SKU004755,2026-02-08,fabric quality bad,774.28,Processed
RET005321,ORD0052033,SKU000655,2026-05-14,size chart misleading,688.17,Processed
RET005322,ORD0110792,SKU000175,2025-07-22,too tight,330.19,Processed
RET005323,ORD0103437,SKU011941,2025-07-31,cheap material,1024.8,Processed
RET005324,ORD0020526,SKU011654,2025-10-02,fabric quality bad,920.41,Rejected
RET005325,ORD0026502,SKU009407,2026-04-17,poor quality,804.99,Processed
RET005326,ORD0026324,SKU010416,2025-02-13,received different product,1581.85,Processed
RET005327,ORD0036399,SKU004519,2025-11-20,size chart misleading,1375.96,Processed
RET005328,ORD0006804,SKU008342,2026-01-19,Doesn't fit properly,920.13,Processed
RET005329,ORD0028494,SKU000413,2025-09-16,Damaged in transit,312.07,Processed
RET005330,ORD0017512,SKU011093,2026-01-09,arrived damaged!!,649.26,Processed
RET005331,ORD0082391,SKU001523,2025-10-10,not durable,1668.73,Rejected
RET005332,ORD0013546,SKU008240,2025-12-02,no longer needed,385.42,Processed
RET005333,ORD0074295,SKU000081,2026-06-29,didnt fit,11212.17,Processed
RET005334,ORD0055041,SKU000021,2025-06-20,poor quality,1567.06,Processed
RET005335,ORD0081498,SKU001570,2025-12-21,quality not as expected,348.26,Processed
RET005336,ORD0119457,SKU002812,2026-04-28,Doesn't fit properly,764.43,Pending
RET005337,ORD0007185,SKU006822,2025-03-18,not as described,1077.25,Processed
RET005338,ORD0047193,SKU003587,2025-12-18,fabric quality bad,252.85,Pending
RET005339,ORD0087301,SKU006407,2026-01-09,stopped working after a day,742.35,Processed
RET005340,ORD0054326,SKU001746,2025-08-31,wrong item sent,305.54,Processed
RET005341,ORD0039003,SKU000751,2026-02-12,fabric quality bad,957.52,Pending
RET005342,ORD0040121,SKU010364,2025-04-11,arrived after event,256.4,Pending
RET005343,ORD0019998,SKU003924,2025-08-20,misleading description,1046.52,Pending
RET005344,ORD0000442,SKU006199,2025-04-23,device faulty,778.86,Processed
RET005345,ORD0109312,SKU001789,2026-02-08,poor quality,186.42,Processed
RET005346,ORD0056216,SKU004058,2026-03-31,size too small,1709.5,Processed
RET005347,ORD0094552,SKU006093,2025-08-18,not as described,530.91,Processed
RET005348,ORD0075879,SKU001482,2026-05-06,Damaged in transit,712.58,Processed
RET005349,ORD0104717,SKU011773,2025-01-22,different sku received,334.59,Processed
RET005350,ORD0087544,SKU004208,2026-06-18,colour different from image,313.05,Processed
RET005351,ORD0065145,SKU010541,2026-10-17,didnt fit,735.2,Processed
RET005352,ORD0022542,SKU002967,2025-09-11,arrived after event,648.07,Processed
RET005353,ORD0017738,SKU003028,2025-12-17,not durable,1189.86,Processed
RET005354,ORD0099723,SKU003966,2025-10-16,arrived damaged!!,342.28,Processed
RET005355,ORD0018244,SKU008055,2025-04-24,dont want it now,447.94,Processed
RET005356,ORD0024462,SKU008280,2026-05-07,battery dead,529.17,Processed
RET005357,ORD0067208,SKU001082,2025-08-25,SIZE PROBLEM,6056.96,Processed
RET005358,ORD0075011,SKU010983,2025-04-21,no longer needed,1070.33,Processed
RET005359,ORD0057187,SKU009214,2025-11-03,defective piece,168.08,Rejected
RET005360,ORD0008367,SKU012111,2026-03-13,wrong colour delivered,585.79,Processed
RET005361,ORD0073129,SKU010889,2026-05-15,too tight,542.86,Pending
RET005362,ORD0034424,SKU008022,2026-02-26,SIZE PROBLEM,1361.98,Processed
RET005363,ORD0106022,SKU011411,2025-05-27,product was cracked,1138.38,Processed
RET005364,ORD0005278,SKU005494,2026-02-25,Not what I ordered,481.02,Processed
RET005365,ORD0060051,SKU004922,2025-07-06,defective piece,403.58,Processed
RET005366,ORD0119675,SKU010166,2026-07-18,SIZE PROBLEM,913.11,Processed
RET005367,ORD0059451,SKU011774,2026-03-03,Doesn't fit properly,831.99,Processed
RET005368,ORD0070844,SKU000638,2026-06-15,found cheaper elsewhere,342.22,Processed
RET005369,ORD0026165,SKU009429,2026-02-03,received different product,2441.62,Processed
RET005370,ORD0030895,SKU012490,2025-12-22,arrived after event,2403.64,Processed
RET005371,ORD0017017,SKU006733,2026-05-14,Delayed delivery,182.58,Processed
RET005372,ORD0050978,SKU000772,2025-02-28,ordered by mistake,2367.41,Processed
RET005373,ORD0047648,SKU009738,2026-11-18,arrived damaged!!,1543.35,Pending
RET005374,ORD0046374,SKU006706,2026-01-02,Quality issue,1663.5,Processed
RET005375,ORD0112047,SKU002363,2026-07-18,wrong colour delivered,952.72,Processed
RET005376,ORD0094694,SKU000602,2025-07-06,wrong size ordered,205.28,Processed
RET005377,ORD0082777,SKU008005,2025-10-29,fabric quality bad,251.15,Processed
RET005378,ORD0099950,SKU003896,2026-03-23,Not what I ordered,458.07,Processed
RET005379,ORD0025565,SKU009554,2026-04-18,wrong size ordered,1164.92,Processed
RET005380,ORD0067314,SKU000706,2025-08-10,Delayed delivery,814.64,Processed
RET005381,ORD0086777,SKU008285,2026-07-17,too tight,335.01,Processed
RET005382,ORD0090082,SKU003514,2025-02-22,wrong item sent,430.01,Pending
RET005383,ORD0108893,SKU001081,2026-04-15,received different product,618.03,Processed
RET005384,ORD0034040,SKU002192,2025-05-04,not as described,211.42,Processed
RET005385,ORD0029930,SKU006561,2025-03-19,poor quality,3914.67,Processed
RET005386,ORD0110792,SKU011324,2025-07-19,broken on arrival,318.0,Processed
RET005387,ORD0070252,SKU009215,2025-03-14,poor quality,773.44,Processed
RET005388,ORD0069424,SKU001710,2025-06-01,item damaged,428.61,Processed
RET005389,ORD0040808,SKU004028,2025-03-23,ordered by mistake,906.31,Processed
RET005390,ORD0063493,SKU001347,2026-04-25,Size issue,1383.45,Processed
RET005391,ORD0100419,SKU009803,2025-04-19,late delivery no longer needed,877.76,Processed
RET005392,ORD0111291,SKU008530,2025-03-18,broken on arrival,2038.61,Processed
RET005393,ORD0021347,SKU000436,2025-05-27,received different product,245.61,Processed
RET005394,ORD0073981,SKU007160,2025-03-03,different sku received,616.53,Pending
RET005395,ORD0021039,SKU005942,2025-08-15,ordered by mistake,1677.35,Processed
RET005396,ORD0074574,SKU008727,2025-11-01,too tight,874.33,Processed
RET005397,ORD0037029,SKU001307,2025-09-21,packaging torn item broken,642.32,Processed
RET005398,ORD0105708,SKU005845,2026-03-13,Damaged in transit,1961.97,Processed
RET005399,ORD0063650,SKU011763,2025-07-22,poor quality,422.93,Processed
RET005400,ORD0059161,SKU001419,2025-07-21,wrong item sent,1172.29,Rejected
RET005401,ORD0066888,SKU007088,2025-09-16,dont want it now,604.1,Pending
RET005402,ORD0038747,SKU006224,2025-04-10,no longer needed,1463.79,Processed
RET005403,ORD0049332,SKU007118,2025-07-31,size too small,652.46,Processed
RET005404,ORD0078261,SKU008201,2025-03-30,found cheaper elsewhere,693.85,Processed
RET005405,ORD0044892,SKU008307,2025-02-15,size too small,785.96,Processed
RET005406,ORD0026161,SKU006380,2026-02-28,Doesn't fit properly,196.9,Processed
RET005407,ORD0008161,SKU011493,2026-06-26,colour different from image,1171.09,Processed
RET005408,ORD0094013,SKU001511,2025-11-20,poor quality,2625.74,Processed
RET005409,ORD0066666,SKU006672,2026-04-18,item damaged,795.55,Processed
RET005410,ORD0072729,SKU009822,2025-10-17,found cheaper elsewhere,396.97,Processed
RET005411,ORD0030333,SKU004100,2025-08-24,fabric quality bad,426.01,Processed
RET005412,ORD0028521,SKU003654,2025-04-24,stopped working after a day,440.16,Processed
RET005413,ORD0046001,SKU006540,2025-05-31,item damaged,196.64,Processed
RET005414,ORD0052766,SKU010681,2025-07-28,item damaged,1280.3,Processed
RET005415,ORD0008300,SKU011092,2025-03-13,SIZE PROBLEM,575.43,Processed
RET005416,ORD0061291,SKU005251,2026-10-25,stopped working after a day,264.49,Processed
RET005417,ORD0090642,SKU008610,2026-04-01,defective piece,1821.56,Processed
RET005418,ORD0000206,SKU000216,2026-05-11,too tight,76.55,Processed
RET005419,ORD0033613,SKU004303,2025-11-18,SIZE PROBLEM,4270.81,Pending
RET005420,ORD0081067,SKU004348,2026-05-04,product was cracked,1478.85,Processed
RET005421,ORD0061268,SKU001401,2025-10-17,packaging torn item broken,1220.71,Processed
RET005422,ORD0051603,SKU008965,2026-11-25,product was cracked,916.67,Processed
RET005423,ORD0063706,SKU003797,2025-04-05,didnt fit,150.54,Processed
RET005424,ORD0085511,SKU004273,2025-12-15,Damaged in transit,462.64,Processed
RET005425,ORD0088887,SKU009630,2025-04-13,Quality issue,134.44,Processed
RET005426,ORD0105189,SKU002615,2026-02-21,poor quality,8098.45,Processed
RET005427,ORD0046583,SKU011603,2025-09-28,looks different online,876.03,Processed
RET005428,ORD0066782,SKU008884,2026-04-23,size chart misleading,113.04,Processed
RET005429,ORD0021156,SKU003268,2026-02-11,broken on arrival,600.34,Processed
RET005430,ORD0016070,SKU009029,2026-01-04,wrong size ordered,412.79,Processed
RET005431,ORD0111563,SKU006789,2026-03-19,wrong colour delivered,972.15,Processed
RET005432,ORD0067013,SKU011474,2025-05-06,item damaged,228.67,Processed
RET005433,ORD0053278,SKU012257,2026-01-12,Delayed delivery,234.66,Processed
RET005434,ORD0045526,SKU011654,2026-04-15,too tight,693.89,Pending
RET005435,ORD0064427,SKU005029,2026-03-23,cheap material,108.47,Processed
RET005436,ORD0072556,SKU007575,2025-11-24,broken on arrival,2243.1,Processed
RET005437,ORD0033353,SKU004031,2025-07-04,size chart misleading,1725.84,Pending
RET005438,ORD0013141,SKU006480,2025-03-05,different sku received,300.1,Processed
RET005439,ORD0027623,SKU006723,2025-04-26,Damaged in transit,624.58,Processed
RET005440,ORD0043390,SKU001116,2025-06-21,too tight,2606.27,Processed
RET005441,ORD0058133,SKU001086,2025-02-03,broken on arrival,3330.74,Processed
RET005442,ORD0061035,SKU009722,2025-01-09,Doesn't fit properly,308.63,Processed
RET005443,ORD0044705,SKU012321,2025-06-21,Size issue,2427.62,Processed
RET005444,ORD0105954,SKU001344,2026-02-25,didnt fit,592.93,Processed
RET005445,ORD0038405,SKU002904,2026-11-30,defective piece,155.47,Processed
RET005446,ORD0091304,SKU005747,2025-02-01,late delivery no longer needed,2106.57,Processed
RET005447,ORD0029151,SKU008268,2025-11-30,size chart misleading,708.48,Processed
RET005448,ORD0101395,SKU012140,2025-05-19,fabric quality bad,291.03,Processed
RET005449,ORD0102782,SKU004555,2025-03-07,Doesn't fit properly,601.89,Processed
RET005450,ORD0053431,SKU009432,2025-02-18,packaging torn item broken,1172.87,Processed
RET005451,ORD0088108,SKU012149,2026-05-22,misleading description,386.56,Processed
RET005452,ORD0096832,SKU000566,2025-01-29,cheap material,317.35,Processed
RET005453,ORD0088507,SKU002996,2026-11-04,different from website photo,344.23,Processed
RET005454,ORD0088559,SKU001637,2025-03-13,not durable,317.42,Processed
RET005455,ORD0086991,SKU005257,2025-05-24,not durable,78.12,Processed
RET005456,ORD0115952,SKU009354,2026-03-10,Delayed delivery,1358.65,Processed
RET005457,ORD0063934,SKU004610,2025-08-19,wrong size ordered,337.03,Processed
RET005458,ORD0087090,SKU009800,2025-06-16,colour different from image,1843.22,Processed
RET005459,ORD0080361,SKU004710,2025-09-22,arrived damaged!!,621.39,Processed
RET005460,ORD0078488,SKU000830,2026-06-08,didnt fit,884.09,Pending
RET005461,ORD0085837,SKU003966,2025-03-07,different from website photo,907.38,Pending
RET005462,ORD0089385,SKU000952,2025-06-02,different from website photo,1472.52,Processed
RET005463,ORD0071717,SKU009820,2026-02-20,changed my mind,746.92,Processed
RET005464,ORD0061775,SKU005328,2025-11-02,ordered by mistake,460.71,Processed
RET005465,ORD0098008,SKU011388,2025-09-15,Quality issue,469.93,Processed
RET005466,ORD0008404,SKU008661,2025-06-10,size chart misleading,263.97,Processed
RET005467,ORD0002789,SKU008499,2025-12-04,wrong size ordered,396.47,Processed
RET005468,ORD0054818,SKU010097,2025-06-25,wrong size ordered,674.49,Processed
RET005469,ORD0056486,SKU006318,2026-07-01,Delayed delivery,934.32,Pending
RET005470,ORD0065188,SKU011074,2026-05-19,colour different from image,629.41,Processed
RET005471,ORD0018272,SKU010719,2025-06-09,SIZE PROBLEM,547.02,Processed
RET005472,ORD0069202,SKU001586,2025-06-07,arrived after event,1560.84,Processed
RET005473,ORD0092978,SKU007373,2026-03-26,ordered by mistake,133.56,Pending
RET005474,ORD0027580,SKU002649,2025-03-26,packaging torn item broken,239.69,Processed
RET005475,ORD0108274,SKU007643,2025-08-12,received different product,363.25,Rejected
RET005476,ORD0045752,SKU010316,2026-03-05,misleading description,312.68,Processed
RET005477,ORD0030341,SKU001921,2025-08-16,too tight,369.74,Processed
RET005478,ORD0053519,SKU001364,2025-05-31,poor quality,626.85,Processed
RET005479,ORD0042255,SKU010597,2026-01-31,SIZE PROBLEM,664.3,Processed
RET005480,ORD0080000,SKU011723,2026-05-02,Size issue,481.71,Processed
RET005481,ORD0087423,SKU006165,2026-11-12,size chart misleading,1185.35,Processed
RET005482,ORD0086377,SKU002559,2025-03-11,broken on arrival,461.21,Processed
RET005483,ORD0105462,SKU007537,2025-05-04,size chart misleading,1474.4,Processed
RET005484,ORD0086640,SKU000338,2026-07-14,late delivery no longer needed,960.16,Pending
RET005485,ORD0060965,SKU005105,2026-02-17,Delayed delivery,748.09,Pending
RET005486,ORD0016128,SKU000565,2026-01-12,didnt fit,500.2,Processed
RET005487,ORD0048134,SKU000255,2026-01-20,arrived after event,1101.63,Processed
RET005488,ORD0035324,SKU007841,2025-05-19,Doesn't fit properly,753.76,Processed
RET005489,ORD0066700,SKU006136,2025-03-29,wrong size ordered,1647.14,Processed
RET005490,ORD0060584,SKU005933,2025-11-17,item damaged,843.93,Processed
RET005491,ORD0003171,SKU001406,2025-03-31,Not what I ordered,449.47,Pending
RET005492,ORD0048738,SKU010862,2026-06-07,not durable,1917.37,Processed
RET005493,ORD0013633,SKU005739,2025-11-15,defective piece,2043.35,Processed
RET005494,ORD0115923,SKU005206,2026-04-30,arrived damaged!!,585.09,Pending
RET005495,ORD0109087,SKU001305,2026-04-08,didnt fit,118.64,Processed
RET005496,ORD0003672,SKU002941,2026-03-02,misleading description,646.62,Processed
RET005497,ORD0021596,SKU009163,2025-09-29,ordered by mistake,200.84,Processed
RET005498,ORD0079853,SKU011050,2025-03-24,broken on arrival,229.06,Processed
RET005499,ORD0088415,SKU002657,2025-11-02,Damaged in transit,691.72,Rejected
RET005500,ORD0074236,SKU003365,2026-04-27,arrived after event,465.43,Processed
RET005501,ORD0041001,SKU008928,2026-03-30,broken on arrival,2747.53,Rejected
RET005502,ORD0082964,SKU000995,2026-05-11,didnt fit,970.85,Rejected
RET005503,ORD0070649,SKU002636,2026-12-03,packaging torn item broken,2160.77,Processed
RET005504,ORD0021953,SKU000194,2025-04-18,wrong size ordered,527.59,Processed
RET005505,ORD0062913,SKU001011,2025-02-24,didnt fit,199.78,Pending
RET005506,ORD0040296,SKU010310,2025-11-27,arrived after event,2786.19,Processed
RET005507,ORD0059797,SKU002598,2025-09-09,size too small,693.84,Pending
RET005508,ORD0030865,SKU009707,2026-01-10,size too small,852.17,Processed
RET005509,ORD0010735,SKU010641,2025-03-14,changed my mind,1503.23,Processed
RET005510,ORD0041292,SKU002586,2025-09-26,SIZE PROBLEM,436.93,Processed
RET005511,ORD0075580,SKU006368,2026-05-20,arrived damaged!!,614.55,Rejected
RET005512,ORD0068095,SKU008904,2025-09-11,misleading description,411.37,Pending
RET005513,ORD0078742,SKU002571,2025-07-11,cheap material,747.24,Processed
RET005514,ORD0022841,SKU000089,2025-02-26,Delayed delivery,1718.76,Processed
RET005515,ORD0078823,SKU011858,2026-04-21,Damaged in transit,608.95,Processed
RET005516,ORD0038728,SKU012227,2025-01-27,poor quality,389.91,Pending
RET005517,ORD0013135,SKU005628,2025-02-26,wrong colour delivered,658.75,Processed
RET005518,ORD0031473,SKU005897,2025-04-17,size chart misleading,136.9,Processed
RET005519,ORD0069975,SKU011151,2026-07-08,not working,1415.91,Processed
RET005520,ORD0092054,SKU001505,2025-02-05,looks different online,317.7,Processed
RET005521,ORD0076824,SKU009310,2025-02-11,arrived damaged!!,563.08,Processed
RET005522,ORD0031900,SKU009720,2025-08-27,broken on arrival,829.37,Processed
RET005523,ORD0101768,SKU001578,2025-10-15,arrived after event,234.26,Processed
RET005524,ORD0038512,SKU009573,2025-03-27,defective piece,568.26,Processed
RET005525,ORD0110082,SKU003203,2026-01-31,Quality issue,848.05,Processed
RET005526,ORD0046049,SKU010325,2025-12-15,ordered by mistake,948.88,Processed
RET005527,ORD0111422,SKU000483,2025-03-22,broken on arrival,208.54,Processed
RET005528,ORD0028544,SKU000246,2025-07-12,SIZE PROBLEM,577.68,Processed
RET005529,ORD0062426,SKU007558,2025-06-03,looks different online,1178.4,Processed
RET005530,ORD0066866,SKU002809,2025-12-16,fabric quality bad,231.31,Processed
RET005531,ORD0105966,SKU001451,2026-06-24,found cheaper elsewhere,1018.14,Pending
RET005532,ORD0092647,SKU006613,2026-01-22,packaging torn item broken,406.49,Processed
RET005533,ORD0026659,SKU007304,2026-02-22,cheap material,301.0,Processed
RET005534,ORD0017483,SKU009594,2025-09-29,too tight,1082.02,Processed
RET005535,ORD0046713,SKU002284,2026-07-24,SIZE PROBLEM,292.17,Processed
RET005536,ORD0066782,SKU007978,2026-04-05,too tight,359.9,Processed
RET005537,ORD0102134,SKU009845,2026-03-31,wrong colour delivered,184.27,Processed
RET005538,ORD0085387,SKU002086,2025-11-24,broken on arrival,298.52,Pending
RET005539,ORD0046232,SKU003616,2026-01-27,changed my mind,195.9,Processed
RET005540,ORD0051472,SKU002513,2025-12-22,ordered by mistake,922.07,Processed
RET005541,ORD0051296,SKU007988,2025-07-14,SIZE PROBLEM,615.43,Pending
RET005542,ORD0010845,SKU001925,2026-11-13,Quality issue,1040.06,Processed
RET005543,ORD0090283,SKU007725,2025-08-25,changed my mind,1676.34,Processed
RET005544,ORD0056572,SKU002002,2025-02-24,product was cracked,537.04,Processed
RET005545,ORD0096166,SKU004306,2026-07-01,changed my mind,162.82,Processed
RET005546,ORD0013035,SKU012178,2026-01-12,cheap material,1901.05,Processed
RET005547,ORD0110894,SKU011798,2026-12-05,SIZE PROBLEM,873.99,Processed
RET005548,ORD0089197,SKU002559,2025-09-28,wrong colour delivered,279.74,Pending
RET005549,ORD0070747,SKU011120,2025-02-16,ordered by mistake,194.76,Processed
RET005550,ORD0077545,SKU009782,2025-04-29,not as described,206.57,Processed
RET005551,ORD0087999,SKU008103,2025-06-18,size too small,882.8,Processed
RET005552,ORD0066058,SKU006785,2026-06-23,misleading description,98.32,Processed
RET005553,ORD0092981,SKU000795,2025-11-30,Not what I ordered,203.9,Processed
RET005554,ORD0033264,SKU010483,2025-01-27,Quality issue,2242.17,Pending
RET005555,ORD0081890,SKU009614,2026-01-27,not durable,1233.03,Processed
RET005556,ORD0044962,SKU008703,2026-06-30,not durable,212.28,Pending
RET005557,ORD0034354,SKU007045,2025-11-19,different from website photo,660.3,Processed
RET005558,ORD0087922,SKU001292,2025-04-04,size chart misleading,1152.8,Processed
RET005559,ORD0098532,SKU002954,2025-09-19,device faulty,280.28,Processed
RET005560,ORD0109810,SKU005860,2025-07-21,changed my mind,227.11,Processed
RET005561,ORD0101937,SKU008259,2026-02-04,wrong size ordered,4150.78,Processed
RET005562,ORD0060291,SKU009028,2025-04-08,size chart misleading,2701.76,Processed
RET005563,ORD0092989,SKU004421,2025-09-28,Doesn't fit properly,657.16,Rejected
RET005564,ORD0027468,SKU011470,2026-01-01,received different product,920.68,Processed
RET005565,ORD0045963,SKU010231,2025-04-18,packaging torn item broken,1085.22,Processed
RET005566,ORD0016303,SKU006236,2025-04-06,Doesn't fit properly,392.27,Processed
RET005567,ORD0035731,SKU007636,2026-02-20,SIZE PROBLEM,454.16,Processed
RET005568,ORD0089553,SKU001833,2025-02-25,quality not as expected,475.29,Processed
RET005569,ORD0091210,SKU004143,2025-09-11,cheap material,286.68,Processed
RET005570,ORD0068362,SKU004319,2025-03-30,packaging torn item broken,710.86,Processed
RET005571,ORD0063258,SKU000399,2025-12-01,different sku received,243.77,Processed
RET005572,ORD0047950,SKU008571,2025-07-07,product was cracked,1038.77,Pending
RET005573,ORD0023472,SKU001419,2025-11-28,Quality issue,866.57,Processed
RET005574,ORD0030012,SKU001190,2026-03-27,arrived damaged!!,984.08,Pending
RET005575,ORD0046834,SKU001320,2026-05-01,SIZE PROBLEM,138.88,Processed
RET005576,ORD0071096,SKU011984,2026-12-04,wrong size ordered,1127.69,Pending
RET005577,ORD0046045,SKU009023,2026-05-22,SIZE PROBLEM,667.86,Rejected
RET005578,ORD0046964,SKU010877,2025-11-20,fabric quality bad,102.21,Processed
RET005579,ORD0056410,SKU000092,2025-11-16,Damaged in transit,241.85,Processed
RET005580,ORD0108673,SKU000647,2026-04-05,Quality issue,565.12,Processed
RET005581,ORD0057993,SKU000797,2026-11-18,poor quality,1924.2,Pending
RET005582,ORD0104580,SKU004658,2025-06-17,item damaged,856.36,Processed
RET005583,ORD0063609,SKU000286,2026-05-07,packaging torn item broken,136.99,Processed
RET005584,ORD0029978,SKU011194,2026-06-07,size too small,1120.25,Processed
RET005585,ORD0078169,SKU007278,2026-04-04,different sku received,1264.19,Processed
RET005586,ORD0017677,SKU000280,2025-05-07,product was cracked,679.74,Processed
RET005587,ORD0022314,SKU008252,2026-04-11,misleading description,1371.55,Processed
RET005588,ORD0001846,SKU001415,2026-05-15,Quality issue,132.42,Processed
RET005589,ORD0090446,SKU001447,2025-08-31,looks different online,84.95,Processed
RET005590,ORD0086620,SKU011820,2025-01-30,packaging torn item broken,257.72,Processed
RET005591,ORD0035291,SKU001244,2025-04-12,item damaged,946.3,Processed
RET005592,ORD0079205,SKU007204,2026-06-17,no longer needed,401.36,Processed
RET005593,ORD0069424,SKU004615,2025-05-23,packaging torn item broken,749.32,Processed
RET005594,ORD0007499,SKU007824,2025-11-19,different from website photo,955.56,Processed
RET005595,ORD0076918,SKU001026,2025-11-15,different from website photo,717.64,Processed
RET005596,ORD0006885,SKU012110,2026-02-09,defective piece,964.58,Processed
RET005597,ORD0034807,SKU011231,2025-05-31,ordered by mistake,492.57,Processed
RET005598,ORD0072204,SKU002606,2025-08-25,misleading description,271.33,Processed
RET005599,ORD0050793,SKU007713,2026-03-15,different from website photo,262.14,Processed
RET005600,ORD0075580,SKU004619,2026-06-08,size too small,283.83,Processed
RET005601,ORD0009301,SKU010204,2025-08-14,poor quality,185.82,Pending
RET005602,ORD0098016,SKU002949,2026-03-11,broken on arrival,253.47,Processed
RET005603,ORD0098522,SKU003179,2025-05-04,Not what I ordered,384.32,Processed
RET005604,ORD0087922,SKU002830,2025-03-12,battery dead,1323.51,Processed
RET005605,ORD0039132,SKU000464,2025-12-11,different sku received,1466.91,Processed
RET005606,ORD0074239,SKU011905,2025-05-18,Quality issue,354.99,Processed
RET005607,ORD0022296,SKU001782,2025-05-11,quality not as expected,301.66,Processed
RET005608,ORD0005499,SKU007487,2025-06-27,misleading description,1385.65,Processed
RET005609,ORD0112559,SKU000866,2026-12-23,cheap material,1337.03,Processed
RET005610,ORD0047653,SKU001520,2025-10-26,not working,1273.54,Processed
RET005611,ORD0041787,SKU002637,2025-08-29,different sku received,4345.51,Processed
RET005612,ORD0066208,SKU008276,2025-10-04,Not what I ordered,1108.46,Processed
RET005613,ORD0111466,SKU006624,2025-11-18,fabric quality bad,2240.86,Processed
RET005614,ORD0096952,SKU009125,2025-06-29,wrong colour delivered,537.14,Processed
RET005615,ORD0023941,SKU005956,2025-06-17,size too small,1098.67,Processed
RET005616,ORD0112382,SKU009460,2025-03-16,SIZE PROBLEM,679.88,Processed
RET005617,ORD0027671,SKU009446,2025-12-11,Damaged in transit,1067.65,Rejected
RET005618,ORD0042328,SKU010685,2026-03-12,wrong item sent,555.52,Processed
RET005619,ORD0093232,SKU004105,2026-04-29,different sku received,268.04,Processed
RET005620,ORD0068604,SKU012144,2025-11-08,poor quality,574.25,Processed
RET005621,ORD0106854,SKU005779,2026-04-07,delivered too late,598.64,Processed
RET005622,ORD0042667,SKU009144,2026-05-09,too tight,334.19,Processed
RET005623,ORD0022070,SKU009506,2025-12-12,Damaged in transit,584.28,Processed
RET005624,ORD0064877,SKU005873,2026-02-21,different sku received,466.09,Processed
RET005625,ORD0067211,SKU012073,2025-10-14,Quality issue,317.47,Processed
RET005626,ORD0013212,SKU004150,2026-01-02,not durable,77.23,Processed
RET005627,ORD0109820,SKU002596,2026-04-14,Not what I ordered,1394.02,Processed
RET005628,ORD0036789,SKU011926,2025-09-04,item damaged,580.24,Processed
RET005629,ORD0115142,SKU006341,2026-12-18,different sku received,488.77,Processed
RET005630,ORD0021283,SKU000855,2025-04-06,didnt fit,187.74,Processed
RET005631,ORD0000229,SKU000967,2026-01-04,quality not as expected,964.07,Pending
RET005632,ORD0003680,SKU007275,2025-09-19,not working,1327.85,Processed
RET005633,ORD0000690,SKU000031,2026-03-25,received different product,867.11,Processed
RET005634,ORD0060212,SKU011233,2025-05-02,ordered by mistake,1139.39,Processed
RET005635,ORD0087829,SKU006316,2025-12-12,different from website photo,446.68,Processed
RET005636,ORD0034550,SKU011002,2026-03-14,wrong size ordered,1253.81,Rejected
RET005637,ORD0074387,SKU002573,2025-06-21,Not what I ordered,1038.22,Processed
RET005638,ORD0039668,SKU006230,2025-01-31,colour different from image,336.08,Processed
RET005639,ORD0040346,SKU005410,2025-08-11,device faulty,331.8,Processed
RET005640,ORD0002952,SKU000472,2025-02-03,size chart misleading,605.56,Processed
RET005641,ORD0101170,SKU005390,2026-04-27,found cheaper elsewhere,627.68,Processed
RET005642,ORD0073164,SKU005372,2025-03-26,packaging torn item broken,724.3,Processed
RET005643,ORD0030405,SKU012109,2025-12-07,cheap material,182.42,Rejected
RET005644,ORD0115728,SKU001016,2026-05-25,size too small,604.8,Processed
RET005645,ORD0006584,SKU000937,2025-10-03,received different product,366.04,Processed
RET005646,ORD0074641,SKU001913,2025-10-18,delivered too late,295.22,Processed
RET005647,ORD0058202,SKU010170,2026-11-03,late delivery no longer needed,95.75,Processed
RET005648,ORD0030856,SKU006858,2025-05-27,dont want it now,1135.33,Processed
RET005649,ORD0071857,SKU005745,2026-01-21,wrong size ordered,1856.8,Processed
RET005650,ORD0032541,SKU001993,2025-06-24,size too small,551.16,Processed
RET005651,ORD0105013,SKU002505,2026-05-21,defective piece,245.73,Processed
RET005652,ORD0017908,SKU001256,2026-11-20,not working,140.66,Processed
RET005653,ORD0002498,SKU005403,2025-10-28,poor quality,395.74,Processed
RET005654,ORD0093148,SKU011984,2025-11-26,wrong size ordered,1628.58,Processed
RET005655,ORD0118696,SKU002185,2025-11-14,found cheaper elsewhere,1455.35,Processed
RET005656,ORD0110462,SKU003770,2026-04-23,wrong item sent,397.19,Processed
RET005657,ORD0088600,SKU008717,2026-06-15,misleading description,690.88,Processed
RET005658,ORD0111740,SKU009695,2025-12-11,not as described,418.32,Processed
RET005659,ORD0087105,SKU007452,2026-02-05,size too small,121.3,Processed
RET005660,ORD0065892,SKU008875,2026-03-22,Delayed delivery,333.26,Processed
RET005661,ORD0086815,SKU010005,2025-12-29,colour different from image,105.28,Processed
RET005662,ORD0052333,SKU011323,2025-05-23,broken on arrival,749.98,Processed
RET005663,ORD0074185,SKU007743,2025-12-05,Quality issue,469.09,Processed
RET005664,ORD0089822,SKU006884,2026-07-06,late delivery no longer needed,1945.51,Processed
RET005665,ORD0108404,SKU003604,2025-02-24,found cheaper elsewhere,201.34,Processed
RET005666,ORD0094222,SKU009790,2025-11-03,delivered too late,690.69,Processed
RET005667,ORD0073186,SKU000549,2026-10-28,defective piece,1130.33,Processed
RET005668,ORD0012909,SKU001927,2026-07-16,cheap material,1197.51,Processed
RET005669,ORD0061066,SKU004317,2025-12-09,arrived after event,1521.96,Processed
RET005670,ORD0085846,SKU012162,2025-05-18,Quality issue,432.7,Processed
RET005671,ORD0035165,SKU007469,2025-02-10,too tight,370.12,Pending
RET005672,ORD0085128,SKU009049,2025-12-31,fabric quality bad,1431.9,Processed
RET005673,ORD0107377,SKU007728,2026-02-05,Doesn't fit properly,1191.19,Pending
RET005674,ORD0088292,SKU002158,2025-10-14,arrived damaged!!,664.9,Processed
RET005675,ORD0071998,SKU008806,2025-08-08,too tight,435.02,Rejected
RET005676,ORD0082717,SKU006795,2026-01-10,quality not as expected,790.52,Processed
RET005677,ORD0039406,SKU003276,2025-12-12,poor quality,232.34,Processed
RET005678,ORD0073840,SKU000277,2025-02-01,Damaged in transit,189.48,Processed
RET005679,ORD0068069,SKU007286,2025-10-25,too tight,746.04,Processed
RET005680,ORD0024375,SKU008400,2025-02-15,defective piece,1033.53,Processed
RET005681,ORD0098426,SKU011301,2026-03-25,size chart misleading,1278.4,Processed
RET005682,ORD0089197,SKU002932,2025-10-25,cheap material,733.47,Processed
RET005683,ORD0096815,SKU006516,2025-02-21,item damaged,827.37,Processed
RET005684,ORD0060267,SKU003612,2026-03-27,not durable,877.54,Processed
RET005685,ORD0118957,SKU008694,2025-07-09,device faulty,841.27,Processed
RET005686,ORD0081416,SKU000415,2025-07-20,size too small,613.22,Processed
RET005687,ORD0041292,SKU012157,2025-10-07,didnt fit,154.67,Processed
RET005688,ORD0068367,SKU004216,2025-09-06,found cheaper elsewhere,678.79,Rejected
RET005689,ORD0026175,SKU012126,2025-11-09,Doesn't fit properly,602.13,Processed
RET005690,ORD0089698,SKU011436,2026-02-24,Not what I ordered,1594.29,Processed
RET005691,ORD0095420,SKU011700,2025-07-02,too tight,1111.99,Processed
RET005692,ORD0093594,SKU004580,2025-08-01,dont want it now,1035.42,Processed
RET005693,ORD0075221,SKU007344,2025-11-05,wrong size ordered,225.85,Processed
RET005694,ORD0047579,SKU006897,2026-03-13,Not what I ordered,359.0,Processed
RET005695,ORD0017933,SKU005863,2026-01-18,arrived after event,747.3,Processed
RET005696,ORD0002008,SKU002326,2026-03-08,Damaged in transit,2845.14,Rejected
RET005697,ORD0029130,SKU000729,2025-10-19,poor quality,335.53,Processed
RET005698,ORD0021883,SKU003141,2025-12-15,Damaged in transit,253.02,Processed
RET005699,ORD0057838,SKU010578,2026-05-22,colour different from image,797.95,Processed
RET005700,ORD0039805,SKU008717,2026-06-15,no longer needed,457.46,Processed
RET005701,ORD0119609,SKU005098,2025-02-12,looks different online,1325.3,Processed
RET005702,ORD0058240,SKU003490,2025-10-03,received different product,1186.36,Processed
RET005703,ORD0038377,SKU006049,2026-05-12,wrong size ordered,683.69,Processed
RET005704,ORD0033191,SKU003698,2026-01-23,poor quality,270.08,Processed
RET005705,ORD0012047,SKU001556,2026-02-14,found cheaper elsewhere,544.26,Processed
RET005706,ORD0040499,SKU002451,2026-06-09,late delivery no longer needed,2906.7,Processed
RET005707,ORD0061371,SKU007134,2026-05-07,not as described,1344.83,Processed
RET005708,ORD0073852,SKU003136,2025-10-08,wrong colour delivered,497.41,Processed
RET005709,ORD0073204,SKU001912,2025-07-24,packaging torn item broken,383.86,Processed
RET005710,ORD0006138,SKU010878,2026-12-06,SIZE PROBLEM,263.94,Processed
RET005711,ORD0036662,SKU008591,2025-07-01,too tight,250.45,Processed
RET005712,ORD0059775,SKU009185,2026-03-30,item damaged,468.11,Pending
RET005713,ORD0004164,SKU008469,2025-05-01,packaging torn item broken,253.56,Processed
RET005714,ORD0093593,SKU000820,2026-07-01,poor quality,571.53,Processed
RET005715,ORD0075514,SKU004226,2026-04-10,arrived after event,658.99,Processed
RET005716,ORD0112114,SKU002438,2025-03-12,colour different from image,1180.75,Pending
RET005717,ORD0112931,SKU009716,2025-12-14,colour different from image,158.16,Pending
RET005718,ORD0020699,SKU007505,2025-05-31,size chart misleading,1204.02,Processed
RET005719,ORD0098243,SKU007094,2026-05-05,SIZE PROBLEM,409.64,Pending
RET005720,ORD0076657,SKU000719,2026-11-13,didnt fit,273.57,Pending
RET005721,ORD0063749,SKU009866,2026-11-03,wrong colour delivered,648.76,Processed
RET005722,ORD0102558,SKU007553,2026-06-27,size chart misleading,462.92,Pending
RET005723,ORD0027508,SKU008736,2026-05-30,item damaged,121.68,Rejected
RET005724,ORD0075129,SKU010501,2025-07-01,Not what I ordered,743.21,Processed
RET005725,ORD0065233,SKU004413,2025-02-22,broken on arrival,622.83,Processed
RET005726,ORD0001577,SKU011194,2025-11-23,didnt fit,206.51,Processed
RET005727,ORD0039072,SKU010725,2025-09-29,wrong item sent,1181.01,Processed
RET005728,ORD0032938,SKU008720,2025-06-26,stopped working after a day,272.38,Processed
RET005729,ORD0023418,SKU009739,2025-04-26,Delayed delivery,458.43,Processed
RET005730,ORD0119675,SKU002549,2026-07-03,fabric quality bad,2424.32,Processed
RET005731,ORD0117140,SKU006817,2026-06-26,cheap material,887.99,Processed
RET005732,ORD0103588,SKU010408,2025-06-27,size chart misleading,386.19,Processed
RET005733,ORD0099103,SKU008311,2026-11-21,didnt fit,2837.26,Processed
RET005734,ORD0116648,SKU001953,2025-07-20,not as described,175.99,Processed
RET005735,ORD0020212,SKU003266,2026-05-14,different from website photo,777.89,Processed
RET005736,ORD0035260,SKU008451,2026-11-18,different from website photo,780.85,Processed
RET005737,ORD0025774,SKU005800,2025-01-28,fabric quality bad,314.92,Processed
RET005738,ORD0042048,SKU006994,2025-11-16,broken on arrival,221.78,Processed
RET005739,ORD0011040,SKU005454,2025-02-17,poor quality,384.24,Processed
RET005740,ORD0069224,SKU009879,2025-03-19,different sku received,503.4,Processed
RET005741,ORD0069095,SKU008649,2026-10-29,different from website photo,78.23,Processed
RET005742,ORD0094433,SKU010674,2025-11-27,arrived damaged!!,599.87,Processed
RET005743,ORD0066521,SKU007122,2025-08-12,colour different from image,895.46,Processed
RET005744,ORD0020305,SKU003943,2026-02-11,not working,349.61,Processed
RET005745,ORD0035260,SKU000880,2026-11-15,wrong item sent,562.91,Rejected
RET005746,ORD0010570,SKU012308,2025-08-10,Doesn't fit properly,116.99,Processed
RET005747,ORD0035128,SKU000440,2025-12-02,looks different online,1848.07,Processed
RET005748,ORD0092472,SKU010385,2025-05-16,SIZE PROBLEM,2972.21,Processed
RET005749,ORD0004139,SKU004077,2026-10-16,Quality issue,1339.55,Processed
RET005750,ORD0111876,SKU001743,2026-04-25,changed my mind,473.67,Processed
RET005751,ORD0068564,SKU011239,2026-02-07,colour different from image,506.33,Processed
RET005752,ORD0104259,SKU009467,2026-06-27,different sku received,381.61,Pending
RET005753,ORD0093070,SKU010162,2026-07-24,too tight,105.98,Processed
RET005754,ORD0073492,SKU005049,2025-07-05,wrong size ordered,997.39,Pending
RET005755,ORD0070491,SKU006311,2025-04-05,looks different online,677.85,Processed
RET005756,ORD0076657,SKU005467,2026-11-30,found cheaper elsewhere,540.29,Processed
RET005757,ORD0073246,SKU012016,2025-06-21,dont want it now,1541.32,Processed
RET005758,ORD0013687,SKU003661,2025-04-02,misleading description,844.02,Processed
RET005759,ORD0075278,SKU005806,2025-05-14,Doesn't fit properly,1448.12,Processed
RET005760,ORD0087301,SKU011922,2026-01-19,size too small,1833.3,Processed
RET005761,ORD0103531,SKU005772,2025-04-08,Damaged in transit,594.89,Pending
RET005762,ORD0116754,SKU010576,2025-05-27,wrong item sent,331.96,Processed
RET005763,ORD0020876,SKU000375,2025-12-10,Quality issue,554.26,Processed
RET005764,ORD0002929,SKU004599,2026-03-31,didnt fit,1085.32,Processed
RET005765,ORD0060433,SKU002195,2025-09-04,not durable,482.2,Pending
RET005766,ORD0084229,SKU005703,2025-02-05,found cheaper elsewhere,778.81,Processed
RET005767,ORD0100199,SKU001715,2026-03-15,found cheaper elsewhere,1056.24,Processed
RET005768,ORD0030856,SKU006538,2025-05-26,not durable,1611.44,Processed
RET005769,ORD0056217,SKU010455,2026-10-23,ordered by mistake,1002.87,Processed
RET005770,ORD0103882,SKU012378,2026-03-08,wrong size ordered,279.82,Processed
RET005771,ORD0030050,SKU000127,2026-04-05,size too small,611.24,Processed
RET005772,ORD0009653,SKU012481,2026-05-22,size chart misleading,931.57,Rejected
RET005773,ORD0019542,SKU000274,2025-09-21,size too small,557.4,Pending
RET005774,ORD0091238,SKU003647,2025-11-26,late delivery no longer needed,613.29,Processed
RET005775,ORD0061291,SKU011479,2026-10-29,different sku received,1091.12,Processed
RET005776,ORD0115140,SKU007096,2025-11-14,arrived damaged!!,1098.82,Pending
RET005777,ORD0014817,SKU001734,2026-02-01,misleading description,274.85,Processed
RET005778,ORD0010290,SKU001422,2026-02-28,wrong colour delivered,714.65,Processed
RET005779,ORD0096928,SKU000363,2025-05-02,ordered by mistake,892.98,Processed
RET005780,ORD0010367,SKU003893,2026-11-06,Size issue,268.84,Processed
RET005781,ORD0040679,SKU007610,2025-04-22,wrong size ordered,1401.87,Processed
RET005782,ORD0087721,SKU003187,2026-06-15,quality not as expected,60.52,Rejected
RET005783,ORD0014039,SKU008972,2026-04-07,size too small,539.73,Processed
RET005784,ORD0024674,SKU007436,2025-03-28,different sku received,431.11,Processed
RET005785,ORD0089481,SKU007939,2026-01-31,not as described,382.72,Processed
RET005786,ORD0100977,SKU000814,2025-02-22,Damaged in transit,415.21,Processed
RET005787,ORD0098469,SKU003375,2026-03-05,colour different from image,240.37,Pending
RET005788,ORD0106263,SKU004129,2025-08-01,found cheaper elsewhere,1160.99,Processed
RET005789,ORD0036463,SKU006853,2025-02-10,colour different from image,1187.0,Processed
RET005790,ORD0005651,SKU007220,2025-09-28,not durable,582.26,Processed
RET005791,ORD0065188,SKU010606,2026-05-05,size chart misleading,1339.46,Rejected
RET005792,ORD0038728,SKU000070,2025-02-05,stopped working after a day,1496.85,Processed
RET005793,ORD0088278,SKU004979,2025-08-15,misleading description,3895.27,Processed
RET005794,ORD0077828,SKU000244,2026-07-02,Doesn't fit properly,346.12,Processed
RET005795,ORD0051220,SKU001581,2026-05-14,SIZE PROBLEM,248.66,Processed
RET005796,ORD0007014,SKU000011,2025-05-18,Damaged in transit,418.7,Processed
RET005797,ORD0048887,SKU003398,2025-08-19,defective piece,833.58,Processed
RET005798,ORD0033889,SKU006162,2025-04-25,packaging torn item broken,1324.79,Processed
RET005799,ORD0088054,SKU000989,2025-02-05,defective piece,1161.3,Processed
RET005800,ORD0096295,SKU012208,2025-07-09,Damaged in transit,381.16,Processed
RET005801,ORD0059308,SKU003074,2025-10-23,product was cracked,384.37,Processed
RET005802,ORD0044902,SKU007937,2025-04-28,too tight,340.61,Pending
RET005803,ORD0033967,SKU003280,2026-11-30,product was cracked,637.92,Pending
RET005804,ORD0053509,SKU001152,2026-12-04,wrong size ordered,335.8,Processed
RET005805,ORD0095292,SKU001502,2026-06-06,product was cracked,3987.9,Processed
RET005806,ORD0085882,SKU000344,2026-12-06,poor quality,749.74,Processed
RET005807,ORD0075295,SKU001133,2025-11-09,not durable,838.88,Rejected
RET005808,ORD0048997,SKU001403,2026-05-07,looks different online,452.76,Processed
RET005809,ORD0061757,SKU007172,2025-05-25,colour different from image,151.78,Processed
RET005810,ORD0061454,SKU009000,2026-10-18,Doesn't fit properly,411.98,Processed
RET005811,ORD0008404,SKU003607,2025-06-08,no longer needed,1055.18,Processed
RET005812,ORD0026157,SKU004842,2026-06-29,defective piece,695.57,Processed
RET005813,ORD0000850,SKU011309,2026-01-06,not durable,269.98,Processed
RET005814,ORD0067463,SKU003545,2025-07-02,different sku received,279.45,Processed
RET005815,ORD0066575,SKU003901,2026-07-05,broken on arrival,160.11,Processed
RET005816,ORD0103144,SKU006756,2026-11-01,packaging torn item broken,700.03,Processed
RET005817,ORD0051278,SKU004328,2025-04-08,different sku received,61.82,Rejected
RET005818,ORD0103236,SKU005924,2026-06-18,looks different online,351.25,Processed
RET005819,ORD0056630,SKU010030,2026-02-01,poor quality,529.49,Processed
RET005820,ORD0083067,SKU000132,2025-08-14,different sku received,1167.99,Processed
RET005821,ORD0004254,SKU003881,2025-03-21,Quality issue,3788.24,Processed
RET005822,ORD0035712,SKU001132,2025-11-02,received different product,1596.0,Processed
RET005823,ORD0071410,SKU011202,2026-03-16,looks different online,1382.03,Processed
RET005824,ORD0049367,SKU012153,2025-10-20,colour different from image,685.43,Processed
RET005825,ORD0025084,SKU003741,2026-07-01,size chart misleading,851.21,Processed
RET005826,ORD0072178,SKU005794,2025-11-21,different sku received,687.84,Processed
RET005827,ORD0037143,SKU005286,2026-02-17,item damaged,514.16,Rejected
RET005828,ORD0074860,SKU008668,2025-04-10,size chart misleading,274.8,Processed
RET005829,ORD0048747,SKU012170,2025-12-14,not durable,257.71,Processed
RET005830,ORD0048845,SKU001624,2025-12-16,wrong size ordered,225.85,Processed
RET005831,ORD0118742,SKU000580,2026-02-20,arrived damaged!!,532.61,Processed
RET005832,ORD0026829,SKU007458,2025-07-24,item damaged,322.33,Processed
RET005833,ORD0079781,SKU001012,2026-06-06,different from website photo,639.93,Processed
RET005834,ORD0102782,SKU010248,2025-03-13,changed my mind,114.08,Processed
RET005835,ORD0024281,SKU010242,2025-08-23,received different product,380.32,Processed
RET005836,ORD0032405,SKU003898,2026-01-25,wrong colour delivered,1546.73,Processed
RET005837,ORD0064237,SKU006956,2026-02-22,Size issue,214.15,Pending
RET005838,ORD0100021,SKU004309,2026-06-08,too tight,901.57,Processed
RET005839,ORD0100492,SKU000757,2026-05-29,not as described,538.2,Processed
RET005840,ORD0073106,SKU000254,2026-04-06,not durable,444.04,Processed
RET005841,ORD0111927,SKU008042,2025-02-19,size too small,510.52,Processed
RET005842,ORD0025986,SKU009807,2026-05-20,Doesn't fit properly,838.36,Pending
RET005843,ORD0081404,SKU009670,2025-06-27,delivered too late,380.55,Pending
RET005844,ORD0075483,SKU000085,2025-07-18,Quality issue,1037.77,Processed
RET005845,ORD0103037,SKU006817,2026-02-11,cheap material,418.09,Pending
RET005846,ORD0088237,SKU005075,2026-03-10,wrong colour delivered,1983.29,Processed
RET005847,ORD0066626,SKU009044,2026-02-09,ordered by mistake,559.2,Processed
RET005848,ORD0085550,SKU000571,2025-06-16,arrived damaged!!,1329.99,Processed
RET005849,ORD0086174,SKU003003,2025-10-02,not as described,1068.88,Pending
RET005850,ORD0051438,SKU004638,2026-07-17,Size issue,1523.11,Processed
RET005851,ORD0071685,SKU003565,2026-02-28,delivered too late,1601.63,Processed
RET005852,ORD0009284,SKU007775,2026-02-04,cheap material,349.3,Processed
RET005853,ORD0082704,SKU001802,2025-12-13,Size issue,399.14,Processed
RET005854,ORD0116049,SKU004641,2025-11-07,Doesn't fit properly,627.11,Processed
RET005855,ORD0019809,SKU010479,2025-07-29,Quality issue,2538.8,Pending
RET005856,ORD0043030,SKU008265,2025-07-31,wrong size ordered,415.55,Processed
RET005857,ORD0116863,SKU011102,2026-03-15,SIZE PROBLEM,411.81,Processed
RET005858,ORD0075522,SKU010991,2026-11-07,too tight,471.75,Processed
RET005859,ORD0114979,SKU001993,2025-12-02,size too small,816.8,Processed
RET005860,ORD0113363,SKU008465,2025-12-27,item damaged,377.17,Processed
RET005861,ORD0063232,SKU000377,2025-12-04,size too small,598.07,Processed
RET005862,ORD0089683,SKU003290,2025-09-21,not durable,654.13,Processed
RET005863,ORD0055040,SKU000881,2025-07-21,Doesn't fit properly,483.92,Processed
RET005864,ORD0059161,SKU008903,2025-07-23,dont want it now,481.47,Processed
RET005865,ORD0113370,SKU007019,2026-12-11,cheap material,425.91,Processed
RET005866,ORD0100715,SKU001202,2025-06-26,product was cracked,677.71,Pending
RET005867,ORD0083908,SKU006252,2025-10-05,size too small,567.08,Processed
RET005868,ORD0051342,SKU004026,2025-05-29,wrong item sent,1319.65,Processed
RET005869,ORD0091342,SKU009180,2026-11-22,packaging torn item broken,1201.75,Processed
RET005870,ORD0042537,SKU007443,2025-05-09,different from website photo,328.1,Pending
RET005871,ORD0112600,SKU000298,2026-04-24,arrived damaged!!,1617.81,Processed
RET005872,ORD0059211,SKU012424,2026-11-05,quality not as expected,214.64,Pending
RET005873,ORD0083882,SKU005768,2026-02-07,wrong colour delivered,472.23,Processed
RET005874,ORD0022856,SKU005924,2026-07-08,cheap material,354.27,Processed
RET005875,ORD0080124,SKU006804,2025-12-11,wrong colour delivered,400.74,Processed
RET005876,ORD0011474,SKU008529,2025-05-06,fabric quality bad,1251.75,Pending
RET005877,ORD0103434,SKU001842,2026-03-09,colour different from image,141.73,Processed
RET005878,ORD0026744,SKU003477,2026-01-27,product was cracked,671.94,Processed
RET005879,ORD0103234,SKU001243,2025-05-19,not as described,602.62,Processed
RET005880,ORD0106538,SKU002611,2026-05-09,colour different from image,68.07,Processed
RET005881,ORD0073396,SKU004065,2026-07-04,looks different online,691.44,Processed
RET005882,ORD0051472,SKU003286,2025-12-12,item damaged,679.69,Processed
RET005883,ORD0022825,SKU009193,2025-09-10,too tight,777.58,Processed
RET005884,ORD0027816,SKU005267,2025-11-12,too tight,504.64,Processed
RET005885,ORD0104028,SKU001741,2025-12-10,wrong size ordered,270.78,Processed
RET005886,ORD0100406,SKU005345,2025-11-20,fabric quality bad,139.22,Processed
RET005887,ORD0095441,SKU009633,2026-01-28,SIZE PROBLEM,2972.76,Processed
RET005888,ORD0036014,SKU000492,2025-09-02,poor quality,881.27,Pending
RET005889,ORD0063431,SKU007372,2026-11-26,Quality issue,929.13,Processed
RET005890,ORD0111020,SKU010056,2026-04-09,ordered by mistake,410.56,Processed
RET005891,ORD0035598,SKU002851,2025-04-12,too tight,1154.52,Processed
RET005892,ORD0031231,SKU005429,2025-07-11,different from website photo,1287.2,Processed
RET005893,ORD0043714,SKU009054,2025-06-27,product was cracked,925.62,Processed
RET005894,ORD0000769,SKU001757,2026-10-15,wrong colour delivered,176.58,Processed
RET005895,ORD0075473,SKU001246,2025-07-12,Damaged in transit,527.43,Processed
RET005896,ORD0005603,SKU010222,2025-06-11,fabric quality bad,140.68,Processed
RET005897,ORD0094222,SKU000799,2025-11-08,cheap material,626.82,Processed
RET005898,ORD0069023,SKU002379,2025-07-30,device faulty,1543.0,Processed
RET005899,ORD0027004,SKU009981,2025-02-04,Damaged in transit,300.88,Processed
RET005900,ORD0047390,SKU000329,2026-03-15,different from website photo,323.42,Processed
RET005901,ORD0102411,SKU011639,2025-09-20,size chart misleading,970.75,Processed
RET005902,ORD0056569,SKU010861,2026-03-12,not working,310.96,Processed
RET005903,ORD0006530,SKU001915,2025-11-30,too tight,1144.22,Processed
RET005904,ORD0108013,SKU000904,2025-08-09,cheap material,631.53,Processed
RET005905,ORD0054132,SKU004807,2025-09-05,Doesn't fit properly,731.21,Pending
RET005906,ORD0034200,SKU001744,2026-11-30,Doesn't fit properly,1260.19,Rejected
RET005907,ORD0038812,SKU004983,2025-02-04,wrong item sent,440.07,Processed
RET005908,ORD0061055,SKU005566,2025-03-28,misleading description,283.72,Processed
RET005909,ORD0110804,SKU000939,2026-01-12,item damaged,819.62,Processed
RET005910,ORD0015155,SKU012301,2025-07-07,Size issue,576.96,Processed
RET005911,ORD0050827,SKU011283,2026-07-02,received different product,762.56,Processed
RET005912,ORD0114034,SKU010987,2025-10-27,product was cracked,153.11,Processed
RET005913,ORD0093258,SKU004017,2026-06-17,dont want it now,409.84,Processed
RET005914,ORD0069855,SKU002906,2025-04-28,too tight,301.91,Pending
RET005915,ORD0046959,SKU010791,2025-03-29,packaging torn item broken,739.35,Processed
RET005916,ORD0050935,SKU008083,2025-04-24,Not what I ordered,226.31,Processed
RET005917,ORD0048142,SKU004035,2026-03-20,didnt fit,288.99,Processed
RET005918,ORD0116059,SKU009395,2025-08-12,cheap material,2292.27,Pending
RET005919,ORD0045963,SKU011527,2025-04-13,fabric quality bad,506.95,Processed
RET005920,ORD0059574,SKU010143,2025-08-29,cheap material,327.26,Processed
RET005921,ORD0116793,SKU012113,2025-08-26,Damaged in transit,1074.2,Processed
RET005922,ORD0045132,SKU007296,2026-07-13,not working,475.09,Processed
RET005923,ORD0049551,SKU001634,2025-07-29,different from website photo,535.04,Processed
RET005924,ORD0017650,SKU002173,2026-10-25,Size issue,1692.31,Processed
RET005925,ORD0035128,SKU000959,2025-12-10,broken on arrival,1034.27,Processed
RET005926,ORD0117521,SKU008045,2026-03-16,broken on arrival,1195.52,Processed
RET005927,ORD0048134,SKU012053,2026-01-12,different from website photo,1045.08,Processed
RET005928,ORD0072018,SKU011366,2026-05-14,dont want it now,256.23,Processed
RET005929,ORD0074390,SKU003724,2025-11-03,size too small,1810.68,Processed
RET005930,ORD0033191,SKU006713,2026-01-28,different sku received,187.61,Processed
RET005931,ORD0056892,SKU011450,2025-07-25,no longer needed,453.03,Processed
RET005932,ORD0076633,SKU000543,2026-02-16,arrived after event,1344.69,Processed
RET005933,ORD0043696,SKU003892,2025-08-10,size too small,533.69,Processed
RET005934,ORD0006367,SKU005228,2025-12-26,cheap material,155.49,Processed
RET005935,ORD0058157,SKU006273,2025-01-26,didnt fit,228.4,Processed
RET005936,ORD0042980,SKU001083,2026-01-27,Not what I ordered,436.24,Processed
RET005937,ORD0062939,SKU007181,2025-06-04,fabric quality bad,324.08,Processed
RET005938,ORD0101986,SKU011715,2026-05-18,not as described,1357.18,Processed
RET005939,ORD0100092,SKU008286,2026-05-17,item damaged,549.47,Processed
RET005940,ORD0079485,SKU011773,2026-02-25,received different product,441.23,Processed
RET005941,ORD0102253,SKU008330,2025-04-30,didnt fit,498.01,Processed
RET005942,ORD0095197,SKU008776,2025-07-19,fabric quality bad,491.29,Processed
RET005943,ORD0078488,SKU008210,2026-06-03,broken on arrival,595.48,Pending
RET005944,ORD0108296,SKU001303,2025-08-14,arrived damaged!!,833.26,Processed
RET005945,ORD0083090,SKU009767,2025-10-07,product was cracked,412.32,Processed
RET005946,ORD0033821,SKU002777,2025-12-27,received different product,121.56,Processed
RET005947,ORD0075198,SKU009065,2025-05-22,product was cracked,335.71,Processed
RET005948,ORD0000716,SKU006369,2026-02-05,poor quality,211.74,Processed
RET005949,ORD0118857,SKU011106,2025-04-22,didnt fit,631.03,Processed
RET005950,ORD0034884,SKU011726,2025-08-17,different from website photo,257.14,Processed
RET005951,ORD0063160,SKU008423,2026-04-23,wrong size ordered,414.93,Processed
RET005952,ORD0054267,SKU008155,2026-07-07,different sku received,333.17,Processed
RET005953,ORD0036599,SKU012354,2026-06-26,Damaged in transit,1033.26,Processed
RET005954,ORD0051568,SKU004100,2026-01-19,colour different from image,257.18,Pending
RET005955,ORD0092680,SKU003728,2026-11-21,Delayed delivery,314.02,Processed
RET005956,ORD0105568,SKU005451,2025-12-10,cheap material,573.71,Processed
RET005957,ORD0033533,SKU003101,2025-06-10,quality not as expected,2010.91,Processed
RET005958,ORD0052561,SKU003636,2025-01-27,size too small,2214.37,Processed
RET005959,ORD0080966,SKU010071,2025-12-08,Doesn't fit properly,167.6,Processed
RET005960,ORD0095553,SKU011489,2025-11-16,dont want it now,449.73,Processed
RET005961,ORD0112282,SKU008756,2025-01-20,item damaged,352.36,Processed
RET005962,ORD0089107,SKU005562,2025-06-09,cheap material,904.94,Processed
RET005963,ORD0075879,SKU003327,2026-04-24,arrived damaged!!,1328.63,Processed
RET005964,ORD0009135,SKU006442,2026-05-07,not working,146.5,Processed
RET005965,ORD0116335,SKU006473,2025-05-15,not as described,1119.01,Processed
RET005966,ORD0051874,SKU008538,2026-01-09,Size issue,807.95,Rejected
RET005967,ORD0084074,SKU001690,2026-01-19,not working,849.92,Processed
RET005968,ORD0068525,SKU001443,2025-05-12,different sku received,1093.37,Processed
RET005969,ORD0099103,SKU001399,2026-11-22,not working,1002.0,Processed
RET005970,ORD0005503,SKU008932,2025-02-02,poor quality,452.21,Processed
RET005971,ORD0111998,SKU010443,2026-04-26,Damaged in transit,1798.42,Pending
RET005972,ORD0029925,SKU007583,2026-06-04,dont want it now,886.32,Processed
RET005973,ORD0036597,SKU002439,2026-06-17,item damaged,1806.45,Processed
RET005974,ORD0099735,SKU010841,2026-04-19,ordered by mistake,537.02,Processed
RET005975,ORD0017696,SKU001649,2025-07-03,didnt fit,1488.13,Processed
RET005976,ORD0032682,SKU001915,2026-07-01,didnt fit,672.8,Processed
RET005977,ORD0078642,SKU002955,2026-05-10,item damaged,1380.97,Processed
RET005978,ORD0037042,SKU010828,2026-11-27,fabric quality bad,776.82,Processed
RET005979,ORD0037584,SKU002972,2026-04-19,too tight,304.61,Pending
RET005980,ORD0090283,SKU002434,2025-08-14,fabric quality bad,140.61,Processed
RET005981,ORD0032163,SKU003787,2026-06-29,size chart misleading,1121.63,Processed
RET005982,ORD0026719,SKU011242,2025-12-05,misleading description,1683.65,Processed
RET005983,ORD0039896,SKU008783,2025-07-06,received different product,832.89,Pending
RET005984,ORD0085694,SKU005811,2026-05-31,Size issue,427.58,Processed
RET005985,ORD0074335,SKU003465,2025-01-20,size too small,2273.89,Processed
RET005986,ORD0066167,SKU002130,2026-04-25,wrong colour delivered,760.63,Processed
RET005987,ORD0033547,SKU004050,2025-01-29,misleading description,906.48,Processed
RET005988,ORD0079104,SKU000357,2025-08-14,SIZE PROBLEM,1140.89,Processed
RET005989,ORD0102180,SKU005408,2025-08-09,too tight,1225.04,Processed
RET005990,ORD0100197,SKU008391,2025-11-12,received different product,649.33,Processed
RET005991,ORD0095436,SKU006136,2025-10-11,cheap material,470.53,Processed
RET005992,ORD0090863,SKU000291,2026-07-05,fabric quality bad,308.28,Processed
RET005993,ORD0090896,SKU009047,2025-09-23,poor quality,757.24,Processed
RET005994,ORD0092005,SKU006792,2025-09-15,misleading description,671.5,Processed
RET005995,ORD0051072,SKU005497,2025-03-13,fabric quality bad,316.34,Processed
RET005996,ORD0111173,SKU007585,2025-08-27,item damaged,154.59,Processed
RET005997,ORD0058135,SKU006583,2025-04-29,SIZE PROBLEM,1207.42,Rejected
RET005998,ORD0071753,SKU010565,2025-01-10,found cheaper elsewhere,888.84,Rejected
RET005999,ORD0079480,SKU001262,2026-12-23,changed my mind,2111.28,Processed
RET006000,ORD0110650,SKU005283,2026-05-13,fabric quality bad,1139.03,Processed
RET006001,ORD0082669,SKU001208,2025-06-04,wrong item sent,474.83,Processed
RET006002,ORD0055473,SKU000744,2026-05-14,size chart misleading,654.37,Processed
RET006003,ORD0048845,SKU002480,2025-12-18,fabric quality bad,2467.13,Processed
RET006004,ORD0037134,SKU003966,2025-07-27,product was cracked,632.78,Processed
RET006005,ORD0091154,SKU005578,2025-08-09,poor quality,479.09,Processed
RET006006,ORD0108950,SKU007204,2025-07-27,wrong size ordered,2259.1,Processed
RET006007,ORD0050793,SKU004710,2026-02-26,arrived damaged!!,1538.22,Processed
RET006008,ORD0110411,SKU007720,2025-07-11,defective piece,2542.59,Processed
RET006009,ORD0048900,SKU000082,2026-01-15,too tight,298.25,Processed
RET006010,ORD0025858,SKU011729,2025-05-24,SIZE PROBLEM,1042.88,Processed
RET006011,ORD0093242,SKU010179,2026-04-23,Quality issue,778.64,Processed
RET006012,ORD0098334,SKU010424,2025-08-21,stopped working after a day,1008.46,Processed
RET006013,ORD0077002,SKU012468,2025-04-26,Size issue,426.03,Processed
RET006014,ORD0079783,SKU002060,2025-09-16,dont want it now,382.47,Processed
RET006015,ORD0097038,SKU001811,2025-12-04,too tight,831.66,Processed
RET006016,ORD0084100,SKU002098,2025-11-19,broken on arrival,922.41,Processed
RET006017,ORD0035661,SKU006369,2026-02-18,no longer needed,1538.76,Pending
RET006018,ORD0104867,SKU002201,2025-11-11,Quality issue,388.84,Processed
RET006019,ORD0092358,SKU004888,2025-03-04,found cheaper elsewhere,1748.3,Processed
RET006020,ORD0102785,SKU003625,2025-07-20,Quality issue,377.46,Pending
RET006021,ORD0109282,SKU007484,2026-11-26,size chart misleading,549.27,Processed
RET006022,ORD0103468,SKU005690,2026-01-29,stopped working after a day,348.02,Pending
RET006023,ORD0117310,SKU009795,2025-03-14,not durable,365.41,Processed
RET006024,ORD0108216,SKU000979,2025-03-22,Doesn't fit properly,1128.76,Processed
RET006025,ORD0077051,SKU011533,2025-03-08,SIZE PROBLEM,429.27,Rejected
RET006026,ORD0114287,SKU003560,2026-02-13,size too small,1317.89,Processed
RET006027,ORD0003571,SKU000102,2025-04-25,Doesn't fit properly,1006.73,Processed
RET006028,ORD0106628,SKU004520,2025-03-21,arrived damaged!!,546.06,Processed
RET006029,ORD0113929,SKU002045,2025-01-27,size chart misleading,492.72,Processed
RET006030,ORD0080781,SKU000130,2025-03-19,dont want it now,595.41,Processed
RET006031,ORD0035780,SKU004841,2026-04-14,quality not as expected,472.7,Processed
RET006032,ORD0074733,SKU010870,2026-01-13,misleading description,564.08,Processed
RET006033,ORD0007090,SKU000054,2025-12-12,looks different online,237.17,Processed
RET006034,ORD0099960,SKU001119,2025-08-19,SIZE PROBLEM,811.36,Processed
RET006035,ORD0030550,SKU002970,2026-06-21,product was cracked,1530.61,Processed
RET006036,ORD0109512,SKU010543,2025-12-26,misleading description,436.52,Processed
RET006037,ORD0004763,SKU008120,2026-05-13,Doesn't fit properly,584.03,Processed
RET006038,ORD0048808,SKU004467,2025-04-19,Not what I ordered,711.48,Processed
RET006039,ORD0058776,SKU003360,2025-03-17,too tight,1713.69,Processed
RET006040,ORD0066388,SKU002346,2026-02-24,stopped working after a day,209.78,Processed
RET006041,ORD0104238,SKU012413,2026-03-27,size too small,894.74,Processed
RET006042,ORD0015247,SKU000610,2025-01-19,SIZE PROBLEM,1447.27,Processed
RET006043,ORD0091240,SKU002137,2025-03-19,packaging torn item broken,505.55,Processed
RET006044,ORD0095532,SKU012171,2025-09-12,found cheaper elsewhere,653.0,Processed
RET006045,ORD0098148,SKU005786,2025-04-20,Not what I ordered,933.39,Processed
RET006046,ORD0089107,SKU006406,2025-06-25,not working,313.02,Processed
RET006047,ORD0017242,SKU011816,2025-09-02,colour different from image,322.52,Processed
RET006048,ORD0117202,SKU011826,2025-09-16,size too small,333.66,Processed
RET006049,ORD0049717,SKU006608,2026-02-03,size too small,2045.75,Processed
RET006050,ORD0057060,SKU010803,2026-04-05,arrived damaged!!,1782.25,Rejected
RET006051,ORD0005076,SKU007903,2026-06-16,Not what I ordered,402.17,Processed
RET006052,ORD0114076,SKU012135,2025-03-05,looks different online,2367.12,Processed
RET006053,ORD0117079,SKU009032,2026-12-09,battery dead,656.27,Pending
RET006054,ORD0036862,SKU008501,2025-12-09,Doesn't fit properly,628.89,Processed
RET006055,ORD0014307,SKU009170,2025-11-25,colour different from image,337.35,Processed
RET006056,ORD0106337,SKU009513,2026-03-27,Doesn't fit properly,529.56,Processed
RET006057,ORD0000484,SKU001323,2025-08-10,quality not as expected,902.46,Processed
RET006058,ORD0003552,SKU009095,2025-02-20,defective piece,287.91,Processed
RET006059,ORD0038842,SKU002928,2025-05-11,packaging torn item broken,205.04,Processed
RET006060,ORD0069458,SKU010187,2025-07-09,Damaged in transit,702.14,Processed
RET006061,ORD0110950,SKU006314,2026-01-19,broken on arrival,1548.64,Processed
RET006062,ORD0076633,SKU004952,2026-02-20,not as described,508.03,Rejected
RET006063,ORD0059271,SKU003356,2026-06-14,received different product,506.66,Processed
RET006064,ORD0091580,SKU000531,2026-05-17,changed my mind,200.24,Processed
RET006065,ORD0070751,SKU010513,2025-09-07,item damaged,412.65,Processed
RET006066,ORD0000906,SKU005940,2025-12-07,product was cracked,893.71,Processed
RET006067,ORD0101224,SKU001562,2026-01-06,product was cracked,430.48,Processed
RET006068,ORD0009662,SKU008646,2025-11-11,not working,1609.89,Processed
RET006069,ORD0040941,SKU006466,2025-02-16,too tight,378.83,Processed
RET006070,ORD0016647,SKU009765,2025-08-25,SIZE PROBLEM,529.82,Processed
RET006071,ORD0104832,SKU011395,2025-08-23,size chart misleading,1409.31,Processed
RET006072,ORD0021094,SKU003915,2025-09-19,product was cracked,186.95,Processed
RET006073,ORD0060503,SKU002311,2025-05-11,ordered by mistake,1389.37,Processed
RET006074,ORD0069947,SKU003897,2025-04-28,Damaged in transit,496.35,Processed
RET006075,ORD0059707,SKU001558,2026-10-29,size too small,271.08,Processed
RET006076,ORD0044003,SKU001442,2025-04-12,poor quality,1464.39,Processed
RET006077,ORD0012455,SKU005766,2025-01-07,Size issue,539.62,Processed
RET006078,ORD0013667,SKU008696,2026-11-15,Damaged in transit,1107.02,Processed
RET006079,ORD0065750,SKU005724,2026-04-25,fabric quality bad,861.87,Processed
RET006080,ORD0083951,SKU012453,2026-04-14,Not what I ordered,786.77,Processed
RET006081,ORD0000464,SKU009203,2026-03-17,Doesn't fit properly,1302.29,Processed
RET006082,ORD0044091,SKU003068,2026-11-23,Not what I ordered,1758.2,Processed
RET006083,ORD0099917,SKU007215,2025-07-14,Damaged in transit,684.69,Processed
RET006084,ORD0025666,SKU006591,2025-06-24,packaging torn item broken,315.63,Pending
RET006085,ORD0089414,SKU002073,2026-04-23,misleading description,504.05,Processed
RET006086,ORD0039780,SKU005947,2025-11-03,received different product,221.49,Processed
RET006087,ORD0014089,SKU011618,2025-07-16,not durable,2001.3,Processed
RET006088,ORD0045017,SKU004850,2025-07-07,wrong colour delivered,297.66,Processed
RET006089,ORD0047254,SKU007516,2026-06-18,Doesn't fit properly,115.26,Processed
RET006090,ORD0015077,SKU008440,2026-04-27,size chart misleading,69.3,Processed
RET006091,ORD0010767,SKU001925,2026-02-09,Damaged in transit,192.77,Processed
RET006092,ORD0024445,SKU002404,2025-12-22,packaging torn item broken,518.27,Processed
RET006093,ORD0007090,SKU006642,2025-12-13,arrived damaged!!,207.09,Processed
RET006094,ORD0116700,SKU001235,2026-10-21,dont want it now,861.56,Processed
RET006095,ORD0022913,SKU010940,2025-12-11,not as described,603.34,Processed
RET006096,ORD0014507,SKU002319,2026-01-03,different sku received,1126.19,Processed
RET006097,ORD0060051,SKU008808,2025-07-05,different sku received,380.29,Processed
RET006098,ORD0058661,SKU006147,2025-02-19,packaging torn item broken,361.11,Processed
RET006099,ORD0000850,SKU008625,2026-01-14,received different product,175.23,Processed
RET006100,ORD0086474,SKU002941,2026-06-21,SIZE PROBLEM,691.75,Processed
RET006101,ORD0101645,SKU000673,2025-10-24,quality not as expected,410.75,Processed
RET006102,ORD0032824,SKU000942,2025-01-30,wrong colour delivered,759.75,Pending
RET006103,ORD0071847,SKU000223,2026-05-28,SIZE PROBLEM,4815.23,Processed
RET006104,ORD0089697,SKU003630,2025-07-20,size too small,651.05,Processed
RET006105,ORD0013623,SKU005228,2025-08-15,cheap material,611.83,Processed
RET006106,ORD0118566,SKU001383,2026-04-06,late delivery no longer needed,2936.22,Processed
RET006107,ORD0111225,SKU006509,2025-10-08,packaging torn item broken,835.77,Processed
RET006108,ORD0058881,SKU001022,2025-03-16,item damaged,608.87,Processed
RET006109,ORD0019639,SKU003518,2026-03-27,too tight,329.26,Processed
RET006110,ORD0094922,SKU003306,2026-01-04,not durable,324.61,Processed
RET006111,ORD0117434,SKU011753,2025-03-14,changed my mind,1099.04,Processed
RET006112,ORD0068376,SKU004228,2025-02-22,Doesn't fit properly,367.37,Processed
RET006113,ORD0118707,SKU000616,2026-02-12,Doesn't fit properly,362.4,Processed
RET006114,ORD0047190,SKU012316,2025-03-23,packaging torn item broken,322.24,Processed
RET006115,ORD0068409,SKU009451,2025-07-06,misleading description,302.27,Processed
RET006116,ORD0014804,SKU000275,2026-04-11,quality not as expected,480.44,Processed
RET006117,ORD0061896,SKU007487,2025-07-12,no longer needed,1480.55,Processed
RET006118,ORD0029643,SKU010393,2026-06-07,product was cracked,787.5,Processed
RET006119,ORD0118452,SKU000555,2026-07-05,SIZE PROBLEM,643.42,Processed
RET006120,ORD0066575,SKU006674,2026-06-16,not as described,559.22,Processed
RET006121,ORD0060559,SKU003750,2025-06-26,not working,445.2,Pending
RET006122,ORD0056237,SKU011509,2026-06-23,SIZE PROBLEM,1337.21,Processed
RET006123,ORD0115690,SKU005690,2025-11-10,late delivery no longer needed,2074.15,Processed
RET006124,ORD0026059,SKU006737,2025-06-03,size too small,1042.74,Processed
RET006125,ORD0108331,SKU003396,2025-03-20,size chart misleading,265.35,Processed
RET006126,ORD0041611,SKU007263,2026-03-14,cheap material,1180.31,Processed
RET006127,ORD0093422,SKU012308,2025-07-18,stopped working after a day,1698.49,Processed
RET006128,ORD0052868,SKU007382,2025-05-30,found cheaper elsewhere,321.66,Processed
RET006129,ORD0001169,SKU006908,2026-02-09,Doesn't fit properly,183.05,Processed
RET006130,ORD0058980,SKU009088,2025-03-31,didnt fit,499.73,Processed
RET006131,ORD0119764,SKU012441,2025-07-14,different sku received,543.73,Processed
RET006132,ORD0103255,SKU003629,2025-12-22,received different product,803.35,Processed
RET006133,ORD0043788,SKU000568,2025-12-19,wrong colour delivered,1348.37,Processed
RET006134,ORD0029875,SKU000628,2026-10-29,found cheaper elsewhere,1429.55,Processed
RET006135,ORD0054483,SKU011486,2025-03-01,Quality issue,135.6,Processed
RET006136,ORD0018472,SKU001863,2026-02-13,colour different from image,208.88,Rejected
RET006137,ORD0065119,SKU006347,2025-11-05,SIZE PROBLEM,327.62,Processed
RET006138,ORD0014478,SKU006288,2025-01-16,poor quality,765.91,Processed
RET006139,ORD0104867,SKU002107,2025-11-14,Not what I ordered,671.69,Processed
RET006140,ORD0117451,SKU012195,2026-06-26,too tight,681.2,Processed
RET006141,ORD0027694,SKU003597,2026-02-18,ordered by mistake,529.29,Pending
RET006142,ORD0029677,SKU005642,2025-08-05,size too small,598.39,Processed
RET006143,ORD0100715,SKU012062,2025-06-20,broken on arrival,902.02,Processed
RET006144,ORD0030115,SKU011840,2025-11-12,fabric quality bad,582.42,Pending
RET006145,ORD0004982,SKU004536,2026-01-06,size chart misleading,578.86,Processed
RET006146,ORD0065860,SKU007684,2025-12-11,item damaged,133.31,Processed
RET006147,ORD0017496,SKU003326,2025-09-10,Damaged in transit,287.05,Processed
RET006148,ORD0048045,SKU000484,2025-05-23,not as described,568.93,Processed
RET006149,ORD0062342,SKU001081,2025-11-25,didnt fit,2534.41,Processed
RET006150,ORD0053189,SKU006356,2026-02-11,item damaged,1030.66,Processed
RET006151,ORD0115913,SKU000319,2025-09-09,not as described,268.79,Processed
RET006152,ORD0004362,SKU001875,2025-11-25,SIZE PROBLEM,279.31,Processed
RET006153,ORD0109387,SKU007210,2026-02-24,misleading description,576.42,Processed
RET006154,ORD0051393,SKU009100,2026-03-29,Doesn't fit properly,459.46,Processed
RET006155,ORD0056621,SKU008335,2025-03-13,cheap material,390.58,Processed
RET006156,ORD0087322,SKU002788,2025-08-13,misleading description,717.4,Processed
RET006157,ORD0036191,SKU006474,2025-02-02,Damaged in transit,1236.4,Processed
RET006158,ORD0103052,SKU010411,2026-05-02,didnt fit,509.5,Processed
RET006159,ORD0066034,SKU003434,2025-12-25,Quality issue,550.61,Processed
RET006160,ORD0046583,SKU008288,2025-10-18,colour different from image,95.32,Processed
RET006161,ORD0082756,SKU009039,2026-01-07,Delayed delivery,849.21,Processed
RET006162,ORD0060584,SKU009102,2025-11-11,Doesn't fit properly,322.26,Pending
RET006163,ORD0052762,SKU001267,2025-04-29,didnt fit,752.32,Processed
RET006164,ORD0091470,SKU011437,2025-02-09,arrived after event,353.15,Processed
RET006165,ORD0023369,SKU011890,2025-09-12,colour different from image,1194.72,Processed
RET006166,ORD0015432,SKU007712,2026-04-09,received different product,750.67,Processed
RET006167,ORD0053846,SKU011327,2025-09-22,Not what I ordered,1596.31,Rejected
RET006168,ORD0079104,SKU007989,2025-08-17,defective piece,367.31,Processed
RET006169,ORD0092396,SKU000124,2026-03-13,fabric quality bad,578.26,Processed
RET006170,ORD0008530,SKU003007,2026-05-01,ordered by mistake,433.23,Processed
RET006171,ORD0114893,SKU007945,2026-10-22,not durable,603.15,Processed
RET006172,ORD0035467,SKU005318,2025-10-03,Quality issue,1457.17,Processed
RET006173,ORD0095189,SKU001839,2026-04-03,too tight,261.92,Processed
RET006174,ORD0086645,SKU000226,2025-11-22,Delayed delivery,2207.43,Processed
RET006175,ORD0093166,SKU005511,2025-08-08,colour different from image,1191.34,Processed
RET006176,ORD0093255,SKU006474,2025-11-04,wrong size ordered,278.03,Processed
RET006177,ORD0061792,SKU008915,2025-12-17,Not what I ordered,897.03,Processed
RET006178,ORD0107443,SKU012244,2025-04-18,Doesn't fit properly,870.93,Processed
RET006179,ORD0083029,SKU001359,2026-03-26,SIZE PROBLEM,84.31,Processed
RET006180,ORD0051370,SKU006683,2026-03-29,size chart misleading,167.62,Processed
RET006181,ORD0052412,SKU009120,2025-10-12,not durable,201.68,Rejected
RET006182,ORD0037123,SKU006089,2025-11-07,product was cracked,3098.13,Pending
RET006183,ORD0037824,SKU012364,2025-02-28,Delayed delivery,330.81,Processed
RET006184,ORD0113476,SKU008495,2025-09-12,fabric quality bad,368.43,Processed
RET006185,ORD0081208,SKU004810,2025-07-08,different from website photo,527.65,Processed
RET006186,ORD0100715,SKU008644,2025-07-02,SIZE PROBLEM,652.08,Pending
RET006187,ORD0097801,SKU002768,2026-03-29,arrived damaged!!,747.67,Processed
RET006188,ORD0069851,SKU000929,2025-03-04,found cheaper elsewhere,744.64,Processed
RET006189,ORD0021214,SKU012304,2025-10-16,poor quality,330.4,Processed
RET006190,ORD0077300,SKU007202,2025-11-20,not as described,1984.63,Rejected
RET006191,ORD0057583,SKU012392,2026-02-12,size too small,1536.38,Processed
RET006192,ORD0093437,SKU005189,2025-04-12,arrived damaged!!,827.81,Processed
RET006193,ORD0076742,SKU011930,2026-04-09,looks different online,359.52,Processed
RET006194,ORD0037584,SKU001694,2026-05-09,fabric quality bad,351.81,Processed
RET006195,ORD0077230,SKU008104,2025-04-21,too tight,754.84,Processed
RET006196,ORD0006000,SKU010271,2025-12-07,fabric quality bad,395.39,Processed
RET006197,ORD0064223,SKU010024,2025-04-02,SIZE PROBLEM,699.96,Processed
RET006198,ORD0102845,SKU008446,2026-02-04,wrong size ordered,798.78,Processed
RET006199,ORD0117614,SKU012385,2026-01-14,wrong size ordered,1406.64,Processed
RET006200,ORD0096156,SKU011836,2025-05-24,dont want it now,448.32,Processed
RET006201,ORD0059856,SKU004947,2025-05-31,didnt fit,982.02,Processed
RET006202,ORD0053088,SKU008646,2025-03-17,not durable,472.4,Processed
RET006203,ORD0037701,SKU006161,2025-06-11,different sku received,908.26,Processed
RET006204,ORD0045850,SKU005264,2026-04-24,product was cracked,855.7,Processed
RET006205,ORD0092925,SKU009603,2025-04-29,colour different from image,1543.93,Processed
RET006206,ORD0105772,SKU000130,2026-01-09,too tight,1469.46,Pending
RET006207,ORD0077922,SKU002010,2025-03-31,SIZE PROBLEM,562.43,Rejected
RET006208,ORD0042627,SKU003041,2025-12-09,size too small,292.99,Pending
RET006209,ORD0055143,SKU000071,2025-11-06,ordered by mistake,385.28,Processed
RET006210,ORD0078491,SKU000530,2025-11-01,Quality issue,676.93,Processed
RET006211,ORD0039222,SKU009425,2025-03-14,packaging torn item broken,1114.41,Processed
RET006212,ORD0104377,SKU004176,2025-11-12,Size issue,1041.54,Pending
RET006213,ORD0111217,SKU007642,2025-12-09,Size issue,211.86,Processed
RET006214,ORD0032603,SKU009664,2025-10-10,poor quality,1388.46,Pending
RET006215,ORD0034002,SKU008724,2026-04-14,size chart misleading,440.66,Processed
RET006216,ORD0048900,SKU011611,2025-12-23,product was cracked,1041.01,Processed
RET006217,ORD0078352,SKU010080,2026-03-18,quality not as expected,248.77,Processed
RET006218,ORD0108359,SKU001457,2025-10-23,not as described,447.65,Processed
RET006219,ORD0088893,SKU002319,2026-05-08,wrong item sent,572.67,Processed
RET006220,ORD0036019,SKU005216,2026-02-08,no longer needed,1195.44,Pending
RET006221,ORD0001810,SKU008249,2026-04-24,looks different online,1017.18,Processed
RET006222,ORD0039819,SKU002764,2026-06-25,Not what I ordered,532.59,Processed
RET006223,ORD0055276,SKU003124,2025-12-26,wrong item sent,410.78,Pending
RET006224,ORD0025797,SKU009427,2025-06-21,didnt fit,343.28,Processed
RET006225,ORD0050090,SKU007878,2025-01-31,Not what I ordered,1129.75,Processed
RET006226,ORD0086074,SKU001947,2025-08-09,Doesn't fit properly,622.75,Pending
RET006227,ORD0053267,SKU006602,2026-11-12,quality not as expected,4175.28,Processed
RET006228,ORD0052333,SKU010355,2025-05-25,cheap material,997.05,Processed
RET006229,ORD0116475,SKU002664,2026-06-15,SIZE PROBLEM,33.73,Processed
RET006230,ORD0078637,SKU003875,2025-09-04,battery dead,1214.15,Rejected
RET006231,ORD0060750,SKU011746,2025-06-03,arrived after event,726.56,Processed
RET006232,ORD0077190,SKU003550,2026-04-03,didnt fit,953.12,Processed
RET006233,ORD0034825,SKU001858,2025-07-27,not working,386.35,Processed
RET006234,ORD0002895,SKU009714,2025-12-07,received different product,336.8,Processed
RET006235,ORD0002774,SKU010216,2025-09-19,not as described,502.39,Processed
RET006236,ORD0018576,SKU011093,2026-03-28,late delivery no longer needed,592.61,Pending
RET006237,ORD0010776,SKU003515,2025-09-04,product was cracked,121.51,Processed
RET006238,ORD0079104,SKU007861,2025-08-28,looks different online,102.14,Processed
RET006239,ORD0002122,SKU007922,2025-05-14,wrong size ordered,848.36,Processed
RET006240,ORD0006406,SKU004208,2025-10-31,Quality issue,1961.51,Processed
RET006241,ORD0115129,SKU006022,2025-08-16,broken on arrival,491.82,Processed
RET006242,ORD0083540,SKU000945,2025-10-15,battery dead,519.14,Pending
RET006243,ORD0053438,SKU001430,2025-05-29,size chart misleading,1071.73,Processed
RET006244,ORD0055769,SKU010487,2026-02-26,quality not as expected,13636.24,Processed
RET006245,ORD0094415,SKU007603,2025-06-02,misleading description,312.3,Pending
RET006246,ORD0046215,SKU000206,2025-03-28,colour different from image,539.4,Processed
RET006247,ORD0078261,SKU011413,2025-04-05,Not what I ordered,279.47,Processed
RET006248,ORD0032679,SKU007317,2025-05-13,wrong colour delivered,543.18,Processed
RET006249,ORD0083730,SKU009463,2026-05-20,cheap material,1082.97,Processed
RET006250,ORD0042328,SKU000856,2026-03-29,quality not as expected,1351.75,Processed
RET006251,ORD0009191,SKU007952,2025-12-09,arrived after event,623.65,Processed
RET006252,ORD0054854,SKU003639,2026-05-09,cheap material,470.73,Processed
RET006253,ORD0054313,SKU005355,2025-03-19,packaging torn item broken,512.19,Pending
RET006254,ORD0024891,SKU002050,2025-09-25,dont want it now,2351.41,Processed
RET006255,ORD0033967,SKU007149,2026-12-15,colour different from image,1112.15,Processed
RET006256,ORD0017288,SKU002382,2025-05-18,size too small,1503.26,Processed
RET006257,ORD0098110,SKU005932,2025-04-13,poor quality,716.21,Processed
RET006258,ORD0063761,SKU008006,2025-12-15,size chart misleading,276.62,Rejected
RET006259,ORD0022239,SKU003969,2025-11-10,wrong colour delivered,2182.71,Pending
RET006260,ORD0116163,SKU002421,2025-10-02,item damaged,418.26,Processed
RET006261,ORD0098522,SKU004154,2025-05-03,wrong size ordered,1781.9,Processed
RET006262,ORD0029592,SKU008877,2026-03-15,product was cracked,1108.18,Processed
RET006263,ORD0062351,SKU004929,2025-02-14,delivered too late,456.11,Processed
RET006264,ORD0044704,SKU003490,2025-03-28,defective piece,1949.87,Processed
RET006265,ORD0106118,SKU000285,2025-06-21,didnt fit,184.86,Processed
RET006266,ORD0051043,SKU002206,2026-03-12,Doesn't fit properly,587.96,Processed
RET006267,ORD0110144,SKU000876,2026-01-05,broken on arrival,284.54,Processed
RET006268,ORD0011433,SKU007965,2025-12-09,Not what I ordered,2316.84,Processed
RET006269,ORD0089596,SKU006505,2025-03-21,poor quality,516.85,Processed
RET006270,ORD0095695,SKU009573,2026-04-28,delivered too late,989.5,Processed
RET006271,ORD0030452,SKU011243,2025-04-21,cheap material,709.93,Processed
RET006272,ORD0065188,SKU007235,2026-05-07,ordered by mistake,730.94,Processed
RET006273,ORD0022197,SKU006212,2025-05-17,Not what I ordered,216.21,Processed
RET006274,ORD0044245,SKU009881,2025-09-01,different sku received,438.74,Processed
RET006275,ORD0061291,SKU002552,2026-11-02,arrived damaged!!,269.85,Processed
RET006276,ORD0087113,SKU001688,2025-02-12,wrong colour delivered,848.24,Pending
RET006277,ORD0032456,SKU008640,2025-11-28,misleading description,3001.08,Processed
RET006278,ORD0117506,SKU005290,2025-02-14,Doesn't fit properly,604.18,Processed
RET006279,ORD0055540,SKU001500,2025-11-21,not as described,734.81,Processed
RET006280,ORD0073602,SKU003124,2025-05-26,Damaged in transit,611.43,Processed
RET006281,ORD0072113,SKU005187,2026-04-06,ordered by mistake,714.9,Processed
RET006282,ORD0094920,SKU010046,2026-03-10,defective piece,707.16,Processed
RET006283,ORD0007327,SKU011559,2026-12-25,size chart misleading,1675.98,Processed
RET006284,ORD0087751,SKU009523,2025-07-13,delivered too late,399.49,Processed
RET006285,ORD0006138,SKU011276,2026-12-06,changed my mind,317.95,Processed
RET006286,ORD0041855,SKU010375,2026-11-08,ordered by mistake,812.4,Processed
RET006287,ORD0026523,SKU008694,2026-06-08,different from website photo,739.67,Processed
RET006288,ORD0014039,SKU011049,2026-03-30,product was cracked,1816.71,Processed
RET006289,ORD0091199,SKU003286,2026-05-26,different from website photo,659.41,Processed
RET006290,ORD0111846,SKU008022,2025-05-04,arrived damaged!!,983.15,Processed
RET006291,ORD0114457,SKU011345,2025-10-23,battery dead,782.87,Processed
RET006292,ORD0100406,SKU010901,2025-11-18,Size issue,388.91,Processed
RET006293,ORD0117600,SKU011880,2026-03-03,found cheaper elsewhere,466.05,Processed
RET006294,ORD0095131,SKU003132,2025-07-13,not working,520.52,Processed
RET006295,ORD0008172,SKU009519,2025-03-26,broken on arrival,726.96,Processed
RET006296,ORD0022101,SKU003980,2026-03-04,received different product,2478.08,Processed
RET006297,ORD0077688,SKU001694,2026-03-27,wrong size ordered,225.35,Processed
RET006298,ORD0018281,SKU003264,2026-10-19,poor quality,964.65,Processed
RET006299,ORD0081961,SKU007021,2026-01-27,received different product,1319.5,Processed
RET006300,ORD0107654,SKU011130,2025-09-30,too tight,67.49,Processed
RET006301,ORD0065750,SKU002999,2026-04-18,Damaged in transit,454.81,Processed
RET006302,ORD0110462,SKU009068,2026-04-27,didnt fit,1319.09,Processed
RET006303,ORD0091288,SKU004272,2026-10-29,size too small,712.63,Processed
RET006304,ORD0082921,SKU000144,2026-03-30,defective piece,2432.21,Processed
RET006305,ORD0070747,SKU000224,2025-02-17,too tight,192.08,Processed
RET006306,ORD0096825,SKU004818,2025-07-12,didnt fit,435.42,Processed
RET006307,ORD0029978,SKU011383,2026-06-22,wrong item sent,302.54,Processed
RET006308,ORD0096473,SKU005057,2025-08-04,arrived damaged!!,330.28,Processed
RET006309,ORD0018077,SKU005275,2025-03-17,size too small,3405.43,Processed
RET006310,ORD0089835,SKU004376,2025-03-25,size too small,288.25,Processed
RET006311,ORD0041818,SKU010146,2025-05-13,wrong size ordered,769.46,Pending
RET006312,ORD0010306,SKU009606,2025-09-08,arrived damaged!!,1056.82,Processed
RET006313,ORD0057556,SKU007353,2026-02-19,stopped working after a day,5960.94,Processed
RET006314,ORD0050913,SKU001707,2026-03-24,not durable,808.05,Processed
RET006315,ORD0102070,SKU007637,2026-12-12,received different product,770.23,Pending
RET006316,ORD0088833,SKU010740,2026-07-15,quality not as expected,1462.0,Processed
RET006317,ORD0059970,SKU006443,2025-11-25,cheap material,1210.09,Processed
RET006318,ORD0029887,SKU006907,2025-03-19,arrived damaged!!,849.92,Processed
RET006319,ORD0015318,SKU012241,2025-04-10,Quality issue,551.3,Pending
RET006320,ORD0075221,SKU007628,2025-10-13,too tight,843.04,Rejected
RET006321,ORD0023636,SKU000770,2025-07-12,quality not as expected,248.76,Pending
RET006322,ORD0045674,SKU008954,2025-11-22,received different product,64.02,Pending
RET006323,ORD0089684,SKU012061,2025-10-16,poor quality,328.12,Processed
RET006324,ORD0087399,SKU004153,2025-08-01,wrong item sent,862.49,Processed
RET006325,ORD0065080,SKU004981,2025-08-30,product was cracked,1225.23,Processed
RET006326,ORD0079531,SKU011295,2026-03-06,different sku received,285.4,Processed
RET006327,ORD0042293,SKU001873,2026-03-14,Size issue,3194.18,Processed
RET006328,ORD0084709,SKU004687,2025-11-04,too tight,159.3,Processed
RET006329,ORD0016753,SKU006537,2026-12-06,fabric quality bad,1043.24,Processed
RET006330,ORD0068957,SKU001351,2026-05-24,no longer needed,739.45,Processed
RET006331,ORD0042068,SKU008084,2025-04-02,poor quality,1025.43,Processed
RET006332,ORD0103830,SKU002646,2026-07-17,Not what I ordered,215.37,Processed
RET006333,ORD0088833,SKU003113,2026-07-14,different from website photo,871.62,Rejected
RET006334,ORD0007329,SKU001072,2026-03-31,delivered too late,340.09,Processed
RET006335,ORD0008095,SKU001499,2026-12-01,late delivery no longer needed,653.72,Processed
RET006336,ORD0072572,SKU012113,2026-05-08,device faulty,600.41,Processed
RET006337,ORD0081029,SKU011934,2025-02-02,poor quality,406.75,Processed
RET006338,ORD0099103,SKU012101,2026-11-24,broken on arrival,344.53,Processed
RET006339,ORD0064102,SKU008081,2026-04-26,size chart misleading,432.6,Processed
RET006340,ORD0057583,SKU010717,2026-02-12,not as described,1749.1,Processed
RET006341,ORD0114894,SKU004265,2025-11-03,poor quality,504.2,Processed
RET006342,ORD0021282,SKU006240,2025-06-07,wrong size ordered,1851.44,Processed
RET006343,ORD0048878,SKU012071,2026-02-19,didnt fit,1331.05,Processed
RET006344,ORD0056472,SKU010904,2026-02-12,broken on arrival,1534.63,Processed
RET006345,ORD0035712,SKU008957,2025-10-31,Delayed delivery,436.97,Rejected
RET006346,ORD0033847,SKU008732,2025-04-12,Size issue,334.13,Processed
RET006347,ORD0087020,SKU007175,2025-12-20,looks different online,558.58,Processed
RET006348,ORD0027674,SKU001378,2025-02-04,size chart misleading,660.22,Processed
RET006349,ORD0119758,SKU006471,2025-03-15,Quality issue,176.14,Processed
RET006350,ORD0038471,SKU007713,2026-03-22,colour different from image,494.98,Processed
RET006351,ORD0107070,SKU002005,2025-04-04,too tight,1332.64,Processed
RET006352,ORD0073292,SKU011303,2025-06-22,misleading description,235.55,Rejected
RET006353,ORD0038099,SKU006226,2025-11-22,not as described,338.27,Processed
RET006354,ORD0027816,SKU007869,2025-10-28,delivered too late,242.08,Pending
RET006355,ORD0108058,SKU005415,2025-10-15,received different product,516.74,Processed
RET006356,ORD0052752,SKU006115,2026-04-02,too tight,177.15,Processed
RET006357,ORD0044852,SKU002596,2026-05-06,size chart misleading,937.76,Processed
RET006358,ORD0052748,SKU003858,2025-10-31,arrived damaged!!,332.61,Processed
RET006359,ORD0117761,SKU001989,2025-04-30,received different product,885.65,Processed
RET006360,ORD0061756,SKU008391,2025-08-30,Size issue,497.47,Processed
RET006361,ORD0094973,SKU001365,2025-08-09,different from website photo,473.13,Pending
RET006362,ORD0071864,SKU008767,2026-06-08,wrong size ordered,630.82,Processed
RET006363,ORD0081889,SKU004985,2026-03-31,didnt fit,1130.78,Processed
RET006364,ORD0092647,SKU012240,2026-01-03,broken on arrival,473.49,Processed
RET006365,ORD0110805,SKU010733,2025-05-26,poor quality,209.17,Processed
RET006366,ORD0073717,SKU002538,2025-05-30,Not what I ordered,938.2,Pending
RET006367,ORD0014463,SKU011570,2025-05-07,size too small,373.04,Pending
RET006368,ORD0056980,SKU003194,2025-12-06,Damaged in transit,303.51,Pending
RET006369,ORD0062456,SKU002669,2025-02-19,wrong colour delivered,336.02,Pending
RET006370,ORD0119932,SKU006061,2025-05-15,stopped working after a day,1679.08,Processed
RET006371,ORD0049322,SKU008533,2026-11-26,Quality issue,574.43,Processed
RET006372,ORD0030256,SKU007703,2026-03-13,Doesn't fit properly,1743.29,Processed
RET006373,ORD0102758,SKU004375,2025-09-22,arrived damaged!!,1583.85,Pending
RET006374,ORD0029677,SKU000984,2025-07-28,colour different from image,502.51,Pending
RET006375,ORD0009838,SKU010897,2026-02-03,packaging torn item broken,787.83,Pending
RET006376,ORD0080159,SKU004778,2025-07-29,fabric quality bad,4077.75,Processed
RET006377,ORD0003552,SKU006364,2025-03-03,arrived after event,178.76,Pending
RET006378,ORD0101768,SKU001015,2025-09-27,fabric quality bad,515.09,Processed
RET006379,ORD0014577,SKU009400,2026-01-24,different sku received,1207.97,Processed
RET006380,ORD0027738,SKU010268,2025-04-23,Not what I ordered,1104.53,Processed
RET006381,ORD0007306,SKU004287,2025-03-02,found cheaper elsewhere,1002.26,Processed
RET006382,ORD0046194,SKU008137,2025-11-23,size chart misleading,667.65,Processed
RET006383,ORD0000033,SKU009206,2026-11-03,different from website photo,1138.42,Processed
RET006384,ORD0033837,SKU002424,2026-10-27,arrived after event,750.83,Processed
RET006385,ORD0044372,SKU008554,2025-09-29,dont want it now,1082.18,Pending
RET006386,ORD0090853,SKU012418,2026-06-13,dont want it now,2044.24,Processed
RET006387,ORD0064806,SKU007933,2026-06-27,cheap material,816.49,Processed
RET006388,ORD0117434,SKU007795,2025-02-26,too tight,489.37,Processed
RET006389,ORD0046848,SKU009829,2025-12-11,Doesn't fit properly,718.67,Processed
RET006390,ORD0065894,SKU010772,2025-11-28,not as described,264.44,Processed
RET006391,ORD0106832,SKU002443,2026-01-17,wrong item sent,1081.28,Processed
RET006392,ORD0119703,SKU007836,2026-06-24,received different product,380.28,Processed
RET006393,ORD0117688,SKU010951,2025-09-26,Size issue,93.0,Pending
RET006394,ORD0012515,SKU005130,2026-01-19,quality not as expected,244.48,Processed
RET006395,ORD0112510,SKU004567,2026-04-01,size too small,685.04,Pending
RET006396,ORD0092769,SKU011535,2025-07-01,fabric quality bad,184.71,Processed
RET006397,ORD0072799,SKU003881,2025-09-24,wrong size ordered,678.51,Processed
RET006398,ORD0082010,SKU010358,2025-07-12,poor quality,186.22,Processed
RET006399,ORD0073106,SKU005959,2026-03-29,cheap material,194.5,Rejected
RET006400,ORD0036029,SKU007816,2025-09-28,wrong item sent,1233.41,Pending
RET006401,ORD0004300,SKU003523,2026-05-21,wrong colour delivered,2264.23,Processed
RET006402,ORD0063171,SKU003552,2025-06-18,quality not as expected,1693.11,Processed
RET006403,ORD0060433,SKU009254,2025-09-12,size chart misleading,2239.75,Processed
RET006404,ORD0051869,SKU009587,2025-03-18,didnt fit,369.37,Rejected
RET006405,ORD0079223,SKU004835,2026-02-19,different sku received,584.71,Processed
RET006406,ORD0065365,SKU002080,2025-03-25,not durable,991.38,Processed
RET006407,ORD0115058,SKU003167,2026-01-19,poor quality,984.59,Processed
RET006408,ORD0113188,SKU001409,2025-07-11,ordered by mistake,1037.44,Processed
RET006409,ORD0036591,SKU003180,2025-03-22,not working,140.11,Processed
RET006410,ORD0073565,SKU011341,2026-04-07,found cheaper elsewhere,401.92,Processed
RET006411,ORD0042119,SKU009904,2026-04-06,fabric quality bad,457.06,Processed
RET006412,ORD0006000,SKU009801,2025-12-01,size chart misleading,429.84,Processed
RET006413,ORD0048480,SKU009965,2026-04-21,Size issue,1315.96,Processed
RET006414,ORD0036904,SKU008386,2026-02-28,Doesn't fit properly,1029.79,Processed
RET006415,ORD0091232,SKU005282,2026-06-23,misleading description,388.48,Processed
RET006416,ORD0033479,SKU006881,2026-03-10,different from website photo,536.38,Processed
RET006417,ORD0076636,SKU011945,2025-06-23,Doesn't fit properly,258.55,Processed
RET006418,ORD0034004,SKU010846,2025-11-17,wrong item sent,1345.27,Processed
RET006419,ORD0078938,SKU009355,2025-08-10,not as described,593.88,Processed
RET006420,ORD0102895,SKU002888,2025-04-14,late delivery no longer needed,881.09,Processed
RET006421,ORD0112222,SKU006093,2025-04-29,didnt fit,366.44,Pending
RET006422,ORD0049704,SKU001179,2026-01-07,Size issue,332.81,Processed
RET006423,ORD0098777,SKU004636,2025-12-04,too tight,521.49,Pending
RET006424,ORD0115107,SKU008530,2026-01-20,colour different from image,1285.09,Pending
RET006425,ORD0042437,SKU009934,2025-05-12,didnt fit,237.01,Processed
RET006426,ORD0014009,SKU012065,2025-03-17,Doesn't fit properly,2256.56,Processed
RET006427,ORD0096585,SKU012404,2025-07-11,Quality issue,661.32,Processed
RET006428,ORD0118410,SKU005170,2025-10-26,delivered too late,162.91,Pending
RET006429,ORD0004663,SKU009131,2026-03-04,size chart misleading,1468.58,Processed
RET006430,ORD0045048,SKU007320,2026-04-18,late delivery no longer needed,1727.6,Processed
RET006431,ORD0049725,SKU006632,2025-05-01,ordered by mistake,413.85,Processed
RET006432,ORD0113443,SKU009001,2026-07-03,dont want it now,834.09,Processed
RET006433,ORD0027826,SKU004298,2025-04-05,too tight,870.56,Processed
RET006434,ORD0053835,SKU000177,2026-11-07,different from website photo,638.35,Processed
RET006435,ORD0047390,SKU000862,2026-03-21,wrong colour delivered,1249.27,Processed
RET006436,ORD0111084,SKU005490,2026-07-14,product was cracked,547.46,Processed
RET006437,ORD0043015,SKU009136,2025-08-15,Doesn't fit properly,311.91,Processed
RET006438,ORD0072845,SKU003719,2026-02-09,not as described,1290.06,Processed
RET006439,ORD0097779,SKU009218,2026-03-09,size chart misleading,1651.15,Processed
RET006440,ORD0119011,SKU001747,2026-03-05,stopped working after a day,794.36,Processed
RET006441,ORD0075996,SKU004975,2025-08-18,not as described,228.84,Processed
RET006442,ORD0053562,SKU006860,2025-06-28,colour different from image,744.31,Processed
RET006443,ORD0034354,SKU011483,2025-11-10,wrong item sent,206.51,Processed
RET006444,ORD0010295,SKU003037,2026-07-08,size too small,788.27,Processed
RET006445,ORD0069154,SKU006116,2026-05-09,received different product,602.98,Processed
RET006446,ORD0047419,SKU011398,2026-04-10,ordered by mistake,1732.85,Processed
RET006447,ORD0080677,SKU011552,2026-02-09,didnt fit,1097.82,Rejected
RET006448,ORD0068302,SKU010310,2026-02-28,dont want it now,124.79,Processed
RET006449,ORD0000670,SKU002828,2025-03-22,different from website photo,1299.72,Processed
RET006450,ORD0110879,SKU011442,2025-02-13,arrived damaged!!,281.56,Processed
RET006451,ORD0105475,SKU009790,2025-08-11,wrong size ordered,379.52,Processed
RET006452,ORD0058093,SKU000424,2025-08-06,wrong item sent,550.28,Pending
RET006453,ORD0030050,SKU005502,2026-03-23,no longer needed,250.96,Processed
RET006454,ORD0073852,SKU004872,2025-10-24,Damaged in transit,888.37,Processed
RET006455,ORD0007694,SKU001633,2025-05-15,size chart misleading,286.41,Rejected
RET006456,ORD0114238,SKU001231,2026-02-26,dont want it now,1098.25,Processed
RET006457,ORD0032938,SKU005153,2025-07-05,too tight,389.54,Processed
RET006458,ORD0050099,SKU011076,2025-03-25,too tight,738.8,Processed
RET006459,ORD0065045,SKU003780,2025-07-06,late delivery no longer needed,847.38,Processed
RET006460,ORD0074163,SKU005827,2025-11-02,different from website photo,712.78,Processed
RET006461,ORD0076032,SKU008068,2026-11-01,received different product,760.61,Processed
RET006462,ORD0011589,SKU012346,2025-10-12,SIZE PROBLEM,380.67,Processed
RET006463,ORD0105186,SKU012139,2025-02-27,not as described,269.42,Pending
RET006464,ORD0003974,SKU006021,2025-05-03,Doesn't fit properly,756.8,Pending
RET006465,ORD0073186,SKU003738,2026-11-02,device faulty,318.88,Processed
RET006466,ORD0109149,SKU008832,2026-03-26,wrong size ordered,2144.64,Processed
RET006467,ORD0084363,SKU000064,2026-05-17,Doesn't fit properly,1728.92,Pending
RET006468,ORD0089025,SKU012390,2025-04-08,no longer needed,2224.81,Processed
RET006469,ORD0059897,SKU000250,2026-03-23,product was cracked,808.85,Rejected
RET006470,ORD0042905,SKU001379,2025-08-07,late delivery no longer needed,816.23,Processed
RET006471,ORD0110192,SKU009522,2025-10-30,misleading description,403.98,Processed
RET006472,ORD0047336,SKU002758,2026-11-02,size chart misleading,1316.11,Processed
RET006473,ORD0007871,SKU011208,2026-05-13,SIZE PROBLEM,529.36,Processed
RET006474,ORD0017765,SKU009601,2026-10-30,size chart misleading,261.43,Processed
RET006475,ORD0023139,SKU007399,2026-01-25,arrived damaged!!,1400.74,Processed
RET006476,ORD0115606,SKU006771,2025-05-11,arrived damaged!!,1855.3,Processed
RET006477,ORD0115805,SKU008570,2026-11-16,device faulty,778.91,Processed
RET006478,ORD0028494,SKU011703,2025-09-03,Not what I ordered,684.56,Processed
RET006479,ORD0101629,SKU006289,2025-11-04,defective piece,121.57,Processed
RET006480,ORD0007800,SKU005244,2025-04-02,Not what I ordered,828.95,Processed
RET006481,ORD0090840,SKU009712,2025-06-06,looks different online,1130.85,Processed
RET006482,ORD0085568,SKU004578,2026-06-26,changed my mind,1061.06,Processed
RET006483,ORD0046910,SKU011335,2026-07-09,misleading description,749.46,Processed
RET006484,ORD0098610,SKU002857,2026-06-25,didnt fit,203.08,Processed
RET006485,ORD0034551,SKU005824,2026-06-20,wrong item sent,848.46,Processed
RET006486,ORD0018878,SKU002599,2026-06-29,wrong item sent,240.12,Processed
RET006487,ORD0005651,SKU005921,2025-09-14,different from website photo,1291.21,Processed
RET006488,ORD0047942,SKU011227,2026-06-26,not as described,910.82,Processed
RET006489,ORD0102903,SKU001276,2026-01-23,found cheaper elsewhere,157.33,Processed
RET006490,ORD0055643,SKU003437,2025-02-24,received different product,137.32,Processed
RET006491,ORD0110815,SKU006561,2026-10-17,cheap material,452.19,Processed
RET006492,ORD0098279,SKU000323,2026-03-29,broken on arrival,616.48,Rejected
RET006493,ORD0112559,SKU002128,2026-12-08,SIZE PROBLEM,1693.66,Processed
RET006494,ORD0084787,SKU009124,2026-06-03,looks different online,1184.0,Processed
RET006495,ORD0100159,SKU011020,2025-11-16,size chart misleading,2285.18,Processed
RET006496,ORD0012574,SKU007945,2026-04-07,dont want it now,646.22,Processed
RET006497,ORD0065224,SKU006695,2025-04-24,fabric quality bad,713.73,Pending
RET006498,ORD0022429,SKU003635,2025-02-28,didnt fit,111.9,Processed
RET006499,ORD0038471,SKU005755,2026-04-12,delivered too late,497.79,Pending
RET006500,ORD0061849,SKU009846,2025-09-24,Size issue,545.95,Processed
RET006501,ORD0082024,SKU005811,2025-11-26,no longer needed,572.63,Processed
RET006502,ORD0037695,SKU006357,2026-10-23,product was cracked,1076.12,Processed
RET006503,ORD0057483,SKU007422,2025-12-03,battery dead,502.54,Processed
RET006504,ORD0060933,SKU007500,2025-04-12,size chart misleading,140.4,Processed
RET006505,ORD0079205,SKU004041,2026-07-06,changed my mind,306.87,Processed
RET006506,ORD0115002,SKU003627,2025-01-25,size chart misleading,320.37,Processed
RET006507,ORD0011770,SKU006491,2026-02-08,battery dead,787.92,Pending
RET006508,ORD0057268,SKU007879,2025-12-10,arrived damaged!!,1206.51,Processed
RET006509,ORD0004064,SKU011092,2026-06-03,looks different online,2037.83,Processed
RET006510,ORD0017088,SKU005815,2026-03-12,not working,96.19,Pending
RET006511,ORD0060451,SKU004770,2025-08-19,fabric quality bad,989.24,Processed
RET006512,ORD0109440,SKU004873,2025-05-13,poor quality,1510.68,Processed
RET006513,ORD0025055,SKU011368,2025-03-13,different from website photo,760.89,Processed
RET006514,ORD0053866,SKU002641,2026-11-22,received different product,197.3,Processed
RET006515,ORD0045593,SKU003611,2026-03-17,SIZE PROBLEM,1052.99,Processed
RET006516,ORD0065267,SKU006804,2025-08-28,arrived damaged!!,215.55,Processed
RET006517,ORD0064761,SKU001884,2026-03-02,stopped working after a day,2006.11,Processed
RET006518,ORD0044454,SKU000746,2025-07-02,defective piece,305.22,Processed
RET006519,ORD0090336,SKU005505,2026-03-30,SIZE PROBLEM,286.44,Processed
RET006520,ORD0078571,SKU008916,2026-07-05,wrong item sent,667.36,Processed
RET006521,ORD0010120,SKU012113,2025-11-13,too tight,494.98,Processed
RET006522,ORD0109541,SKU005259,2026-01-14,delivered too late,712.29,Processed
RET006523,ORD0091894,SKU002061,2026-04-24,Damaged in transit,1311.32,Processed
RET006524,ORD0083730,SKU011531,2026-05-26,device faulty,1652.21,Processed
RET006525,ORD0060153,SKU008003,2025-12-18,broken on arrival,1880.07,Processed
RET006526,ORD0046373,SKU004593,2025-05-16,size too small,1268.92,Processed
RET006527,ORD0018287,SKU001851,2025-05-12,quality not as expected,450.3,Processed
RET006528,ORD0031830,SKU005874,2025-05-20,broken on arrival,605.24,Pending
RET006529,ORD0017568,SKU003882,2026-03-20,arrived after event,1410.76,Pending
RET006530,ORD0007499,SKU003296,2025-11-11,broken on arrival,456.26,Processed
RET006531,ORD0034121,SKU012410,2026-06-25,battery dead,977.38,Rejected
RET006532,ORD0008317,SKU006239,2025-10-13,product was cracked,185.11,Processed
RET006533,ORD0031838,SKU002273,2026-06-24,quality not as expected,172.27,Processed
RET006534,ORD0021347,SKU007206,2025-06-01,not as described,708.5,Processed
RET006535,ORD0080832,SKU001470,2025-02-27,arrived damaged!!,479.65,Processed
RET006536,ORD0015905,SKU011967,2026-11-22,size too small,979.31,Pending
RET006537,ORD0119328,SKU009404,2025-02-09,arrived after event,245.02,Processed
RET006538,ORD0042373,SKU007381,2025-11-14,cheap material,220.09,Processed
RET006539,ORD0010696,SKU006066,2025-05-11,defective piece,246.03,Pending
RET006540,ORD0061066,SKU004971,2025-11-28,dont want it now,242.02,Processed
RET006541,ORD0035002,SKU005956,2026-11-18,packaging torn item broken,477.1,Processed
RET006542,ORD0001924,SKU002590,2025-05-15,changed my mind,793.81,Pending
RET006543,ORD0030405,SKU001809,2025-12-16,size too small,1721.91,Pending
RET006544,ORD0007195,SKU002548,2025-10-09,received different product,216.55,Processed
RET006545,ORD0012358,SKU002490,2025-11-03,different from website photo,475.04,Processed
RET006546,ORD0060722,SKU000251,2026-01-22,size too small,243.62,Processed
RET006547,ORD0066627,SKU009851,2025-11-24,stopped working after a day,812.94,Processed
RET006548,ORD0013759,SKU004979,2025-12-19,stopped working after a day,953.87,Processed
RET006549,ORD0022935,SKU006818,2025-11-17,misleading description,586.66,Processed
RET006550,ORD0004288,SKU005508,2026-06-16,SIZE PROBLEM,1127.81,Processed
RET006551,ORD0079689,SKU011107,2025-04-24,not working,1220.88,Processed
RET006552,ORD0094116,SKU003406,2025-06-12,SIZE PROBLEM,429.81,Processed
RET006553,ORD0025286,SKU004128,2026-04-28,product was cracked,495.84,Processed
RET006554,ORD0098008,SKU007106,2025-09-11,Damaged in transit,221.43,Processed
RET006555,ORD0060593,SKU002185,2026-01-19,didnt fit,488.22,Processed
RET006556,ORD0013129,SKU006738,2025-12-02,fabric quality bad,602.32,Processed
RET006557,ORD0059727,SKU003056,2026-02-08,not durable,464.87,Processed
RET006558,ORD0106957,SKU000848,2026-02-26,broken on arrival,608.77,Processed
RET006559,ORD0015763,SKU011404,2026-05-09,item damaged,1394.32,Processed
RET006560,ORD0006387,SKU003508,2026-06-09,size chart misleading,385.22,Processed
RET006561,ORD0014906,SKU011633,2025-04-10,colour different from image,527.29,Processed
RET006562,ORD0030848,SKU011492,2026-03-03,wrong item sent,220.94,Processed
RET006563,ORD0119996,SKU001375,2025-05-18,Size issue,921.0,Processed
RET006564,ORD0041224,SKU002407,2025-02-25,Damaged in transit,422.49,Processed
RET006565,ORD0014294,SKU003887,2025-06-20,didnt fit,1127.55,Processed
RET006566,ORD0044095,SKU009328,2025-08-23,late delivery no longer needed,922.02,Processed
RET006567,ORD0106505,SKU010539,2025-09-27,delivered too late,1473.97,Processed
RET006568,ORD0005662,SKU007303,2025-10-25,product was cracked,424.68,Rejected
RET006569,ORD0028782,SKU010147,2026-01-15,quality not as expected,1182.2,Processed
RET006570,ORD0049579,SKU004826,2026-10-18,quality not as expected,180.48,Processed
RET006571,ORD0068479,SKU005325,2025-07-16,delivered too late,1401.8,Processed
RET006572,ORD0032869,SKU004142,2025-08-31,late delivery no longer needed,1602.95,Processed
RET006573,ORD0030464,SKU000345,2026-12-15,SIZE PROBLEM,709.58,Processed
RET006574,ORD0025062,SKU004528,2026-04-04,SIZE PROBLEM,2273.22,Processed
RET006575,ORD0012998,SKU008282,2025-09-16,colour different from image,243.51,Processed
RET006576,ORD0032990,SKU000341,2025-05-15,size chart misleading,942.04,Processed
RET006577,ORD0034907,SKU003598,2025-11-24,dont want it now,3625.28,Processed
RET006578,ORD0092878,SKU001109,2025-01-28,product was cracked,158.9,Processed
RET006579,ORD0058307,SKU008141,2025-02-28,size too small,558.45,Processed
RET006580,ORD0001107,SKU010379,2025-10-23,broken on arrival,735.31,Processed
RET006581,ORD0000713,SKU010649,2026-02-12,Delayed delivery,250.66,Processed
RET006582,ORD0049818,SKU007235,2025-07-04,broken on arrival,511.54,Processed
RET006583,ORD0031003,SKU007002,2025-11-11,received different product,1252.66,Pending
RET006584,ORD0038377,SKU012107,2026-04-27,item damaged,554.2,Processed
RET006585,ORD0102186,SKU003319,2025-09-18,poor quality,460.59,Processed
RET006586,ORD0086617,SKU006508,2026-02-17,packaging torn item broken,1054.29,Processed
RET006587,ORD0049316,SKU005236,2026-01-18,Size issue,1768.57,Processed
RET006588,ORD0115349,SKU005309,2026-05-20,SIZE PROBLEM,190.95,Processed
RET006589,ORD0046030,SKU003226,2025-07-25,Not what I ordered,636.22,Pending
RET006590,ORD0000716,SKU008152,2026-02-22,received different product,1109.23,Processed
RET006591,ORD0078757,SKU006664,2025-04-08,didnt fit,565.75,Processed
RET006592,ORD0109512,SKU003851,2026-01-03,SIZE PROBLEM,1342.34,Processed
RET006593,ORD0101782,SKU004473,2025-07-05,device faulty,1281.77,Processed
RET006594,ORD0087513,SKU003064,2025-02-22,product was cracked,248.29,Processed
RET006595,ORD0096606,SKU009026,2025-10-08,didnt fit,481.96,Processed
RET006596,ORD0060435,SKU004707,2025-08-27,wrong item sent,216.25,Processed
RET006597,ORD0087592,SKU011917,2025-04-11,colour different from image,389.88,Processed
RET006598,ORD0107310,SKU004901,2026-06-29,different sku received,1160.14,Processed
RET006599,ORD0036019,SKU002205,2026-02-15,broken on arrival,813.29,Processed
RET006600,ORD0096037,SKU010846,2025-03-08,looks different online,827.49,Processed
RET006601,ORD0066359,SKU009322,2026-01-01,wrong item sent,120.02,Processed
RET006602,ORD0069705,SKU010662,2025-10-01,arrived damaged!!,1495.62,Processed
RET006603,ORD0062191,SKU001261,2026-01-08,not durable,1036.65,Processed
RET006604,ORD0072564,SKU002961,2025-04-19,wrong size ordered,631.44,Processed
RET006605,ORD0010560,SKU008572,2025-07-26,Doesn't fit properly,142.23,Processed
RET006606,ORD0117202,SKU002353,2025-09-21,didnt fit,213.12,Processed
RET006607,ORD0065375,SKU006741,2025-05-06,Delayed delivery,128.72,Processed
RET006608,ORD0064495,SKU001089,2026-01-10,SIZE PROBLEM,587.71,Processed
RET006609,ORD0053686,SKU006328,2025-06-01,Damaged in transit,350.27,Processed
RET006610,ORD0028024,SKU000496,2025-02-14,not durable,419.44,Processed
RET006611,ORD0062894,SKU009591,2025-07-23,quality not as expected,840.98,Processed
RET006612,ORD0014300,SKU010962,2026-02-01,SIZE PROBLEM,790.62,Processed
RET006613,ORD0052709,SKU003279,2025-10-19,too tight,999.53,Processed
RET006614,ORD0095400,SKU000664,2025-06-09,not as described,685.42,Processed
RET006615,ORD0025961,SKU001714,2025-10-14,wrong colour delivered,429.0,Processed
RET006616,ORD0023636,SKU002486,2025-07-27,Doesn't fit properly,376.77,Processed
RET006617,ORD0111291,SKU011702,2025-03-02,too tight,299.6,Pending
RET006618,ORD0050085,SKU001924,2025-11-23,Doesn't fit properly,1202.56,Processed
RET006619,ORD0079948,SKU001195,2025-11-27,different sku received,218.35,Processed
RET006620,ORD0018959,SKU003113,2025-12-27,Size issue,796.4,Processed
RET006621,ORD0033382,SKU005226,2026-02-09,wrong item sent,705.84,Processed
RET006622,ORD0016360,SKU010475,2025-02-07,late delivery no longer needed,370.18,Processed
RET006623,ORD0046030,SKU002637,2025-07-09,fabric quality bad,716.34,Processed
RET006624,ORD0006708,SKU003950,2025-07-12,Not what I ordered,513.48,Processed
RET006625,ORD0060352,SKU011988,2026-04-24,cheap material,2332.18,Processed
RET006626,ORD0034319,SKU007570,2025-04-13,received different product,458.07,Processed
RET006627,ORD0011020,SKU000621,2026-05-02,Damaged in transit,611.02,Processed
RET006628,ORD0016945,SKU004550,2026-07-10,quality not as expected,251.96,Pending
RET006629,ORD0077191,SKU003246,2026-03-03,fabric quality bad,1778.11,Processed
RET006630,ORD0008172,SKU004339,2025-03-22,too tight,1013.31,Processed
RET006631,ORD0084388,SKU004627,2026-10-15,size chart misleading,1253.77,Processed
RET006632,ORD0074800,SKU008499,2025-06-21,found cheaper elsewhere,1095.72,Processed
RET006633,ORD0043551,SKU004017,2026-06-21,defective piece,2560.06,Processed
RET006634,ORD0091176,SKU008427,2025-11-22,quality not as expected,873.82,Pending
RET006635,ORD0097235,SKU011040,2025-03-04,not as described,531.74,Processed
RET006636,ORD0019086,SKU004736,2025-07-23,delivered too late,515.72,Processed
RET006637,ORD0036636,SKU002747,2025-07-16,not durable,609.48,Processed
RET006638,ORD0052752,SKU011694,2026-04-24,Delayed delivery,1460.83,Processed
RET006639,ORD0064028,SKU011718,2026-02-24,fabric quality bad,377.69,Processed
RET006640,ORD0105246,SKU007945,2025-05-11,Doesn't fit properly,1031.97,Processed
RET006641,ORD0049341,SKU011097,2026-10-15,ordered by mistake,1833.97,Processed
RET006642,ORD0041147,SKU005363,2025-10-28,dont want it now,682.95,Processed
RET006643,ORD0000942,SKU011182,2025-03-21,changed my mind,359.89,Processed
RET006644,ORD0103791,SKU004672,2026-03-31,misleading description,789.03,Pending
RET006645,ORD0114689,SKU008312,2025-03-11,didnt fit,791.66,Pending
RET006646,ORD0004254,SKU012151,2025-04-08,Damaged in transit,2768.07,Processed
RET006647,ORD0021108,SKU002033,2026-07-10,Size issue,1942.25,Processed
RET006648,ORD0010567,SKU011319,2026-06-18,packaging torn item broken,565.97,Processed
RET006649,ORD0015845,SKU008731,2025-06-20,size chart misleading,647.07,Pending
RET006650,ORD0089186,SKU010707,2026-01-14,item damaged,399.66,Processed
RET006651,ORD0033927,SKU003192,2025-05-04,packaging torn item broken,1100.94,Processed
RET006652,ORD0097414,SKU001020,2025-08-12,not durable,631.29,Processed
RET006653,ORD0089897,SKU008258,2026-02-24,received different product,1066.37,Processed
RET006654,ORD0078295,SKU004270,2026-04-07,received different product,302.18,Processed
RET006655,ORD0118724,SKU010539,2025-03-16,Size issue,773.08,Processed
RET006656,ORD0003552,SKU003763,2025-02-26,too tight,477.87,Processed
RET006657,ORD0055547,SKU008736,2025-09-13,Size issue,950.15,Processed
RET006658,ORD0053431,SKU009033,2025-03-05,Quality issue,577.86,Processed
RET006659,ORD0108723,SKU011427,2026-02-05,Quality issue,352.58,Pending
RET006660,ORD0047336,SKU011592,2026-10-16,size chart misleading,432.5,Processed
RET006661,ORD0070378,SKU006344,2025-09-16,arrived damaged!!,276.4,Processed
RET006662,ORD0093230,SKU007189,2026-04-06,colour different from image,598.54,Processed
RET006663,ORD0082791,SKU010738,2025-10-18,SIZE PROBLEM,449.15,Processed
RET006664,ORD0003926,SKU000270,2025-10-22,no longer needed,273.03,Processed
RET006665,ORD0045686,SKU010020,2025-10-31,item damaged,482.25,Processed
RET006666,ORD0045963,SKU009955,2025-04-08,changed my mind,1716.49,Processed
RET006667,ORD0000956,SKU011839,2025-03-16,packaging torn item broken,244.66,Pending
RET006668,ORD0032207,SKU000608,2025-11-13,cheap material,158.57,Processed
RET006669,ORD0043554,SKU004061,2025-12-06,not durable,604.75,Processed
RET006670,ORD0032397,SKU005808,2025-10-30,different from website photo,1149.91,Processed
RET006671,ORD0047534,SKU007992,2026-02-27,fabric quality bad,1507.59,Processed
RET006672,ORD0011197,SKU001576,2025-06-01,SIZE PROBLEM,811.89,Processed
RET006673,ORD0108599,SKU005194,2026-05-19,arrived after event,1817.78,Processed
RET006674,ORD0051989,SKU011489,2026-04-02,different sku received,1761.15,Processed
RET006675,ORD0058202,SKU003817,2026-10-22,wrong item sent,784.43,Processed
RET006676,ORD0013964,SKU001244,2026-04-13,too tight,356.75,Processed
RET006677,ORD0042559,SKU002031,2025-03-23,Doesn't fit properly,784.88,Processed
RET006678,ORD0021121,SKU004003,2025-11-02,delivered too late,2867.51,Processed
RET006679,ORD0017539,SKU012257,2025-06-18,too tight,227.64,Processed
RET006680,ORD0075082,SKU006799,2025-01-31,size chart misleading,2624.67,Processed
RET006681,ORD0036853,SKU003872,2026-06-24,wrong size ordered,186.45,Processed
RET006682,ORD0079680,SKU007145,2025-09-11,product was cracked,425.79,Processed
RET006683,ORD0072759,SKU005496,2025-09-24,late delivery no longer needed,278.16,Processed
RET006684,ORD0079938,SKU006423,2026-11-20,SIZE PROBLEM,4067.22,Processed
RET006685,ORD0052186,SKU000605,2025-12-12,looks different online,3673.75,Processed
RET006686,ORD0105909,SKU006664,2025-10-26,dont want it now,1192.04,Processed
RET006687,ORD0011067,SKU009468,2025-09-29,Damaged in transit,5504.4,Processed
RET006688,ORD0049473,SKU004260,2026-12-02,size too small,838.0,Processed
RET006689,ORD0081749,SKU010568,2026-04-07,Doesn't fit properly,593.88,Processed
RET006690,ORD0013097,SKU000778,2025-01-21,wrong size ordered,1244.7,Processed
RET006691,ORD0083597,SKU011773,2026-01-15,fabric quality bad,698.34,Processed
RET006692,ORD0037569,SKU009084,2026-01-07,battery dead,653.06,Processed
RET006693,ORD0089841,SKU000769,2025-11-27,dont want it now,668.82,Processed
RET006694,ORD0105973,SKU003548,2025-03-04,received different product,470.75,Processed
RET006695,ORD0059056,SKU002420,2026-06-19,item damaged,783.6,Rejected
RET006696,ORD0021271,SKU009832,2025-12-03,product was cracked,866.48,Processed
RET006697,ORD0023564,SKU008135,2026-02-25,arrived damaged!!,552.12,Processed
RET006698,ORD0068906,SKU007728,2025-10-24,Quality issue,1887.93,Processed
RET006699,ORD0042297,SKU004594,2025-07-05,not working,1114.93,Processed
RET006700,ORD0009752,SKU009568,2025-04-17,too tight,389.4,Processed
RET006701,ORD0058160,SKU012416,2026-03-24,SIZE PROBLEM,386.54,Processed
RET006702,ORD0099955,SKU012211,2026-01-15,didnt fit,295.94,Processed
RET006703,ORD0117506,SKU011527,2025-01-24,arrived damaged!!,821.48,Processed
RET006704,ORD0111099,SKU000902,2026-04-23,broken on arrival,568.63,Processed
RET006705,ORD0114076,SKU009923,2025-03-14,found cheaper elsewhere,2104.75,Processed
RET006706,ORD0057798,SKU007247,2025-12-18,misleading description,619.39,Processed
RET006707,ORD0084492,SKU001818,2026-03-24,product was cracked,362.4,Processed
RET006708,ORD0038279,SKU001038,2026-01-12,SIZE PROBLEM,487.22,Processed
RET006709,ORD0039974,SKU011309,2026-05-24,stopped working after a day,381.11,Processed
RET006710,ORD0077305,SKU003923,2025-05-08,item damaged,733.3,Processed
RET006711,ORD0051472,SKU007681,2025-12-23,changed my mind,1073.4,Processed
RET006712,ORD0017497,SKU008083,2025-10-28,different from website photo,442.27,Processed
RET006713,ORD0047336,SKU010252,2026-11-04,size chart misleading,768.07,Pending
RET006714,ORD0048474,SKU004130,2025-06-17,poor quality,233.78,Processed
RET006715,ORD0111291,SKU008401,2025-03-20,item damaged,2426.01,Processed
RET006716,ORD0061968,SKU006817,2025-01-16,dont want it now,518.52,Rejected
RET006717,ORD0102180,SKU001114,2025-08-13,changed my mind,3453.25,Processed
RET006718,ORD0073492,SKU012270,2025-07-17,wrong size ordered,3152.13,Processed
RET006719,ORD0003200,SKU005638,2026-01-20,no longer needed,751.74,Processed
RET006720,ORD0108392,SKU001806,2025-06-28,wrong size ordered,400.82,Processed
RET006721,ORD0094297,SKU010813,2025-11-18,no longer needed,3777.16,Processed
RET006722,ORD0097525,SKU005077,2025-06-24,poor quality,253.88,Pending
RET006723,ORD0115390,SKU009340,2026-06-12,fabric quality bad,375.91,Processed
RET006724,ORD0094694,SKU001558,2025-06-23,not durable,374.85,Processed
RET006725,ORD0003213,SKU003426,2025-08-16,different from website photo,217.77,Processed
RET006726,ORD0042619,SKU002464,2026-03-01,ordered by mistake,558.94,Processed
RET006727,ORD0113508,SKU000085,2026-03-05,Size issue,688.43,Processed
RET006728,ORD0015204,SKU000851,2025-11-01,didnt fit,1629.5,Pending
RET006729,ORD0055231,SKU005955,2025-03-10,found cheaper elsewhere,1157.24,Pending
RET006730,ORD0106887,SKU000573,2025-06-07,SIZE PROBLEM,541.26,Processed
RET006731,ORD0090840,SKU005861,2025-06-05,colour different from image,423.28,Processed
RET006732,ORD0068202,SKU006996,2025-11-22,broken on arrival,279.9,Processed
RET006733,ORD0092427,SKU006889,2025-12-31,cheap material,300.09,Processed
RET006734,ORD0101708,SKU006253,2025-04-02,looks different online,492.52,Processed
RET006735,ORD0058872,SKU002191,2025-06-20,delivered too late,1224.7,Processed
RET006736,ORD0000800,SKU006837,2025-02-20,Size issue,3094.82,Processed
RET006737,ORD0028782,SKU007522,2026-01-31,different from website photo,213.82,Processed
RET006738,ORD0087879,SKU012025,2026-03-12,fabric quality bad,402.63,Processed
RET006739,ORD0020750,SKU008208,2025-04-01,didnt fit,896.44,Processed
RET006740,ORD0030333,SKU009344,2025-08-06,cheap material,280.14,Processed
RET006741,ORD0066043,SKU004109,2025-12-28,broken on arrival,154.26,Processed
RET006742,ORD0051370,SKU008068,2026-03-15,not durable,458.34,Processed
RET006743,ORD0028552,SKU010176,2026-10-23,Damaged in transit,215.62,Processed
RET006744,ORD0052110,SKU009901,2025-02-22,defective piece,2706.2,Processed
RET006745,ORD0086779,SKU004110,2026-04-04,quality not as expected,273.95,Processed
RET006746,ORD0026985,SKU011788,2026-02-25,Not what I ordered,152.2,Processed
RET006747,ORD0099754,SKU005822,2026-03-10,fabric quality bad,429.12,Processed
RET006748,ORD0062345,SKU003873,2026-06-06,broken on arrival,383.03,Processed
RET006749,ORD0090515,SKU008100,2025-05-13,broken on arrival,447.22,Processed
RET006750,ORD0024060,SKU011093,2025-03-21,fabric quality bad,371.68,Processed
RET006751,ORD0078286,SKU008306,2026-07-02,Not what I ordered,227.98,Processed
RET006752,ORD0042255,SKU004652,2026-02-06,packaging torn item broken,191.99,Processed
RET006753,ORD0005076,SKU003361,2026-06-27,colour different from image,582.44,Processed
RET006754,ORD0046148,SKU005425,2025-12-23,Size issue,361.2,Processed
RET006755,ORD0033387,SKU012262,2026-03-20,too tight,884.46,Processed
RET006756,ORD0092007,SKU004154,2025-10-05,Doesn't fit properly,910.46,Processed
RET006757,ORD0092327,SKU010839,2026-01-22,too tight,326.11,Rejected
RET006758,ORD0060633,SKU007382,2025-09-05,Damaged in transit,534.41,Processed
RET006759,ORD0115220,SKU002330,2025-11-24,not durable,2706.92,Processed
RET006760,ORD0050051,SKU012490,2026-03-18,product was cracked,523.88,Processed
RET006761,ORD0113735,SKU005251,2026-05-16,SIZE PROBLEM,435.46,Processed
RET006762,ORD0115360,SKU003789,2026-04-16,wrong size ordered,709.8,Processed
RET006763,ORD0050085,SKU005649,2025-11-20,wrong colour delivered,2732.14,Processed
RET006764,ORD0009905,SKU005183,2026-05-22,Quality issue,801.91,Processed
RET006765,ORD0066088,SKU005163,2025-02-24,Doesn't fit properly,403.89,Processed
RET006766,ORD0097849,SKU002986,2025-02-15,wrong size ordered,154.42,Processed
RET006767,ORD0001839,SKU009077,2026-03-16,arrived after event,926.34,Processed
RET006768,ORD0033360,SKU001824,2026-06-08,different sku received,1223.57,Processed
RET006769,ORD0021763,SKU000094,2025-10-21,cheap material,2041.28,Processed
RET006770,ORD0106019,SKU005440,2025-05-08,wrong colour delivered,5115.41,Processed
RET006771,ORD0037381,SKU001010,2026-03-21,packaging torn item broken,1317.95,Processed
RET006772,ORD0066195,SKU000617,2025-05-27,SIZE PROBLEM,760.47,Processed
RET006773,ORD0007244,SKU009770,2025-03-30,Delayed delivery,398.27,Processed
RET006774,ORD0073894,SKU010959,2025-04-13,item damaged,226.69,Processed
RET006775,ORD0085556,SKU012449,2025-05-09,item damaged,419.13,Rejected
RET006776,ORD0108682,SKU007485,2026-05-14,SIZE PROBLEM,433.66,Processed
RET006777,ORD0032777,SKU001821,2025-12-10,Damaged in transit,2453.67,Processed
RET006778,ORD0012879,SKU006973,2025-07-28,quality not as expected,797.73,Processed
RET006779,ORD0045022,SKU007497,2026-04-09,fabric quality bad,824.29,Processed
RET006780,ORD0101106,SKU003940,2025-03-12,product was cracked,99.62,Pending
RET006781,ORD0110161,SKU011342,2025-09-01,Delayed delivery,1644.04,Pending
RET006782,ORD0063827,SKU012061,2025-02-28,SIZE PROBLEM,263.31,Processed
RET006783,ORD0107745,SKU000755,2025-11-11,changed my mind,410.92,Processed
RET006784,ORD0003926,SKU011824,2025-11-17,wrong size ordered,474.86,Processed
RET006785,ORD0098777,SKU012284,2025-11-23,arrived after event,985.83,Processed
RET006786,ORD0108404,SKU008866,2025-03-07,Doesn't fit properly,409.67,Processed
RET006787,ORD0044106,SKU011792,2026-03-01,wrong size ordered,468.87,Processed
RET006788,ORD0116072,SKU004072,2025-04-11,different sku received,324.18,Processed
RET006789,ORD0069881,SKU005373,2025-04-07,stopped working after a day,236.97,Pending
RET006790,ORD0067946,SKU000010,2026-03-16,arrived damaged!!,281.58,Processed
RET006791,ORD0028552,SKU008328,2026-10-28,no longer needed,3339.97,Processed
RET006792,ORD0081741,SKU006110,2025-07-25,size too small,86.95,Processed
RET006793,ORD0110792,SKU010941,2025-07-15,Damaged in transit,411.56,Processed
RET006794,ORD0111604,SKU010951,2026-02-16,size too small,704.95,Processed
RET006795,ORD0042255,SKU006616,2026-01-23,product was cracked,1272.17,Processed
RET006796,ORD0046368,SKU008319,2026-01-21,Doesn't fit properly,965.56,Processed
RET006797,ORD0018344,SKU009850,2025-11-05,late delivery no longer needed,658.8,Processed
RET006798,ORD0115129,SKU010487,2025-09-01,wrong colour delivered,3320.7,Processed
RET006799,ORD0027929,SKU009818,2026-10-25,arrived after event,4196.96,Processed
RET006800,ORD0010776,SKU003068,2025-09-03,packaging torn item broken,270.01,Processed
RET006801,ORD0062560,SKU008205,2025-07-01,delivered too late,257.34,Processed
RET006802,ORD0039401,SKU009725,2026-06-27,cheap material,344.3,Processed
RET006803,ORD0012499,SKU007418,2025-01-27,colour different from image,535.26,Processed
RET006804,ORD0008514,SKU003568,2026-06-08,ordered by mistake,868.07,Processed
RET006805,ORD0116053,SKU008004,2025-11-13,wrong item sent,385.06,Processed
RET006806,ORD0082559,SKU012378,2026-03-28,too tight,270.72,Processed
RET006807,ORD0117575,SKU000952,2025-11-13,packaging torn item broken,1059.44,Processed
RET006808,ORD0009135,SKU001443,2026-05-12,product was cracked,419.42,Processed
RET006809,ORD0118566,SKU004968,2026-04-04,size too small,369.87,Processed
RET006810,ORD0114534,SKU005446,2025-03-15,Size issue,844.52,Processed
RET006811,ORD0095411,SKU003920,2025-12-18,Not what I ordered,1145.53,Rejected
RET006812,ORD0045752,SKU007483,2026-03-07,arrived after event,334.65,Processed
RET006813,ORD0073852,SKU007654,2025-10-16,SIZE PROBLEM,307.6,Processed
RET006814,ORD0068094,SKU002560,2026-03-18,found cheaper elsewhere,333.35,Processed
RET006815,ORD0094754,SKU010891,2025-06-09,Damaged in transit,153.3,Processed
RET006816,ORD0093966,SKU006330,2026-03-25,misleading description,917.48,Processed
RET006817,ORD0084414,SKU005084,2025-10-30,fabric quality bad,339.87,Processed
RET006818,ORD0099542,SKU005856,2026-02-15,broken on arrival,813.56,Pending
RET006819,ORD0041464,SKU003416,2026-06-18,product was cracked,329.79,Processed
RET006820,ORD0021851,SKU004095,2025-05-05,not durable,829.21,Processed
RET006821,ORD0014610,SKU011104,2025-11-17,item damaged,177.65,Processed
RET006822,ORD0072954,SKU001912,2025-08-23,changed my mind,474.51,Rejected
RET006823,ORD0007402,SKU010107,2026-04-25,not as described,964.34,Processed
RET006824,ORD0119780,SKU004958,2025-06-03,Size issue,262.71,Processed
RET006825,ORD0005493,SKU012496,2025-04-19,different from website photo,304.89,Processed
RET006826,ORD0047579,SKU009906,2026-02-18,arrived damaged!!,111.41,Processed
RET006827,ORD0028189,SKU001073,2026-11-02,Quality issue,1101.63,Processed
RET006828,ORD0061946,SKU001519,2025-07-29,not working,183.36,Processed
RET006829,ORD0111739,SKU011136,2025-11-02,poor quality,859.34,Processed
RET006830,ORD0035673,SKU006392,2026-04-05,poor quality,916.93,Processed
RET006831,ORD0021616,SKU008120,2026-05-24,Quality issue,304.45,Processed
RET006832,ORD0049551,SKU011301,2025-07-26,size too small,537.05,Pending
RET006833,ORD0009925,SKU011591,2026-01-04,poor quality,1030.01,Processed
RET006834,ORD0020302,SKU012493,2025-05-21,Doesn't fit properly,1030.47,Processed
RET006835,ORD0082878,SKU012232,2025-04-10,arrived damaged!!,269.66,Pending
RET006836,ORD0035919,SKU005972,2025-02-18,ordered by mistake,138.72,Rejected
RET006837,ORD0086074,SKU001846,2025-08-01,colour different from image,415.93,Processed
RET006838,ORD0003952,SKU006042,2026-12-03,wrong size ordered,908.58,Processed
RET006839,ORD0119919,SKU011790,2025-03-22,different sku received,1467.39,Processed
RET006840,ORD0057202,SKU008663,2025-11-27,ordered by mistake,958.7,Processed
RET006841,ORD0077506,SKU001771,2025-04-28,size too small,963.64,Rejected
RET006842,ORD0004196,SKU003185,2026-05-19,didnt fit,525.09,Processed
RET006843,ORD0069123,SKU007607,2025-12-22,misleading description,345.05,Pending
RET006844,ORD0046566,SKU001417,2025-06-14,size chart misleading,3134.11,Processed
RET006845,ORD0114689,SKU010912,2025-03-01,colour different from image,300.94,Processed
RET006846,ORD0099261,SKU003706,2026-03-23,packaging torn item broken,2836.9,Pending
RET006847,ORD0081363,SKU012474,2025-08-11,not as described,466.09,Processed
RET006848,ORD0075295,SKU001102,2025-10-31,arrived after event,388.23,Processed
RET006849,ORD0117661,SKU009018,2025-08-23,changed my mind,621.08,Processed
RET006850,ORD0099917,SKU000063,2025-07-29,dont want it now,850.95,Processed
RET006851,ORD0034663,SKU000968,2026-04-26,Size issue,1550.6,Processed
RET006852,ORD0062705,SKU005686,2025-09-07,arrived damaged!!,156.26,Processed
RET006853,ORD0104717,SKU009772,2025-02-04,didnt fit,1810.64,Rejected
RET006854,ORD0033342,SKU006774,2025-01-10,didnt fit,592.35,Processed
RET006855,ORD0070815,SKU004699,2025-05-19,size chart misleading,1957.51,Processed
RET006856,ORD0066769,SKU003570,2026-12-10,product was cracked,842.83,Pending
RET006857,ORD0116174,SKU000827,2025-06-01,arrived damaged!!,542.43,Processed
RET006858,ORD0101788,SKU002333,2025-10-26,size chart misleading,267.85,Processed
RET006859,ORD0043924,SKU008626,2025-08-09,wrong colour delivered,798.01,Processed
RET006860,ORD0037196,SKU007909,2025-09-10,too tight,324.13,Processed
RET006861,ORD0071924,SKU009101,2026-01-01,misleading description,1238.28,Processed
RET006862,ORD0068497,SKU005933,2025-03-30,device faulty,228.65,Processed
RET006863,ORD0047193,SKU004149,2025-12-25,didnt fit,632.81,Processed
RET006864,ORD0096859,SKU005868,2025-03-10,found cheaper elsewhere,392.14,Processed
RET006865,ORD0053384,SKU001890,2025-11-08,arrived damaged!!,986.75,Processed
RET006866,ORD0067727,SKU004802,2026-01-16,Size issue,380.73,Pending
RET006867,ORD0024600,SKU008400,2025-05-28,wrong colour delivered,673.7,Processed
RET006868,ORD0116506,SKU004591,2025-02-13,didnt fit,1751.77,Processed
RET006869,ORD0101264,SKU006188,2025-03-28,changed my mind,370.42,Processed
RET006870,ORD0086657,SKU011597,2025-10-22,device faulty,817.62,Processed
RET006871,ORD0024311,SKU007878,2026-05-09,packaging torn item broken,565.06,Processed
RET006872,ORD0051278,SKU005424,2025-03-26,arrived damaged!!,523.52,Processed
RET006873,ORD0009135,SKU008095,2026-05-14,delivered too late,1432.07,Processed
RET006874,ORD0007329,SKU007304,2026-03-26,different sku received,1207.12,Processed
RET006875,ORD0114457,SKU006856,2025-10-28,different from website photo,582.07,Processed
RET006876,ORD0051915,SKU006882,2025-05-23,Quality issue,1399.56,Pending
RET006877,ORD0069682,SKU001733,2025-03-01,product was cracked,465.94,Processed
RET006878,ORD0027325,SKU002535,2026-05-23,didnt fit,1150.31,Processed
RET006879,ORD0090348,SKU002726,2026-02-16,changed my mind,771.08,Processed
RET006880,ORD0004921,SKU003323,2025-11-20,fabric quality bad,1123.69,Pending
RET006881,ORD0024449,SKU003555,2025-08-20,ordered by mistake,893.77,Processed
RET006882,ORD0016421,SKU005306,2025-03-26,misleading description,632.73,Processed
RET006883,ORD0097130,SKU008092,2025-08-29,arrived damaged!!,168.37,Processed
RET006884,ORD0022015,SKU006099,2025-09-21,item damaged,575.03,Processed
RET006885,ORD0088893,SKU001411,2026-05-19,wrong item sent,316.55,Processed
RET006886,ORD0018898,SKU001202,2025-10-29,Damaged in transit,109.97,Processed
RET006887,ORD0067421,SKU011228,2025-12-20,didnt fit,385.81,Processed
RET006888,ORD0115478,SKU004267,2025-05-23,found cheaper elsewhere,258.04,Processed
RET006889,ORD0112709,SKU000740,2025-08-05,item damaged,2575.12,Processed
RET006890,ORD0053948,SKU004064,2026-11-01,looks different online,2514.88,Processed
RET006891,ORD0084100,SKU006309,2025-11-16,not as described,680.09,Processed
RET006892,ORD0083640,SKU012170,2025-06-17,dont want it now,440.37,Processed
RET006893,ORD0046068,SKU003966,2025-07-09,dont want it now,578.24,Processed
RET006894,ORD0056523,SKU004477,2025-06-20,Damaged in transit,280.41,Processed
RET006895,ORD0025797,SKU007691,2025-06-25,product was cracked,303.22,Processed
RET006896,ORD0018610,SKU008284,2026-07-08,found cheaper elsewhere,654.4,Processed
RET006897,ORD0099296,SKU006624,2025-08-23,arrived damaged!!,407.73,Processed
RET006898,ORD0016933,SKU001651,2025-09-05,not as described,314.23,Processed
RET006899,ORD0080789,SKU003581,2025-08-06,item damaged,88.39,Processed
RET006900,ORD0047461,SKU008770,2025-05-26,poor quality,1382.02,Processed
RET006901,ORD0080677,SKU006171,2026-03-02,product was cracked,297.34,Processed
RET006902,ORD0055726,SKU010212,2026-07-11,Not what I ordered,1053.54,Pending
RET006903,ORD0099557,SKU001308,2025-12-18,size chart misleading,441.02,Processed
RET006904,ORD0014065,SKU008719,2025-04-18,dont want it now,92.76,Processed
RET006905,ORD0042342,SKU001547,2026-11-08,arrived damaged!!,778.96,Processed
RET006906,ORD0076724,SKU012453,2026-04-18,item damaged,1343.5,Rejected
RET006907,ORD0056772,SKU009815,2025-06-17,size chart misleading,482.9,Processed
RET006908,ORD0104832,SKU000231,2025-08-22,SIZE PROBLEM,229.06,Processed
RET006909,ORD0034424,SKU004056,2026-02-19,not durable,1092.62,Pending
RET006910,ORD0064427,SKU000404,2026-03-14,quality not as expected,1041.98,Pending
RET006911,ORD0119630,SKU005749,2025-03-13,Size issue,223.51,Processed
RET006912,ORD0020321,SKU003286,2025-05-28,cheap material,826.4,Processed
RET006913,ORD0011474,SKU004078,2025-04-18,looks different online,372.2,Processed
RET006914,ORD0087813,SKU004518,2025-10-27,arrived after event,1481.38,Processed
RET006915,ORD0048776,SKU006738,2026-05-27,late delivery no longer needed,162.02,Processed
RET006916,ORD0100021,SKU011781,2026-05-16,not durable,1245.91,Processed
RET006917,ORD0005966,SKU001346,2025-09-15,Not what I ordered,2142.11,Processed
RET006918,ORD0011505,SKU008745,2025-12-29,SIZE PROBLEM,1033.86,Rejected
RET006919,ORD0027446,SKU011558,2025-03-22,Not what I ordered,1084.31,Processed
RET006920,ORD0049818,SKU009912,2025-06-28,too tight,781.24,Processed
RET006921,ORD0007933,SKU001385,2025-04-03,fabric quality bad,362.08,Processed
RET006922,ORD0035115,SKU008701,2025-06-26,different from website photo,274.13,Processed
RET006923,ORD0044975,SKU010209,2025-02-03,Delayed delivery,414.51,Pending
RET006924,ORD0029923,SKU007696,2025-08-16,colour different from image,556.64,Processed
RET006925,ORD0031667,SKU003718,2025-03-01,Damaged in transit,1157.59,Processed
RET006926,ORD0089425,SKU003756,2025-11-02,not as described,434.64,Processed
RET006927,ORD0096486,SKU004872,2026-02-18,misleading description,1085.11,Processed
RET006928,ORD0054240,SKU006899,2025-10-07,item damaged,786.94,Processed
RET006929,ORD0066769,SKU011248,2026-12-02,Delayed delivery,1125.98,Processed
RET006930,ORD0020163,SKU009797,2025-12-18,different from website photo,1315.45,Processed
RET006931,ORD0012793,SKU004645,2025-12-13,not durable,509.72,Rejected
RET006932,ORD0018344,SKU007051,2025-11-12,looks different online,388.53,Processed
RET006933,ORD0070379,SKU011637,2026-12-18,Quality issue,77.91,Processed
RET006934,ORD0073396,SKU003092,2026-07-11,Quality issue,226.68,Processed
RET006935,ORD0102633,SKU005996,2026-03-07,defective piece,317.75,Processed
RET006936,ORD0083029,SKU008088,2026-03-16,quality not as expected,1484.61,Processed
RET006937,ORD0020968,SKU006183,2026-05-17,Not what I ordered,96.3,Rejected
RET006938,ORD0017242,SKU010544,2025-09-06,fabric quality bad,304.73,Processed
RET006939,ORD0085894,SKU002943,2025-08-12,didnt fit,870.78,Processed
RET006940,ORD0030458,SKU008447,2025-08-17,Not what I ordered,238.16,Processed
RET006941,ORD0027342,SKU006489,2025-04-28,dont want it now,212.88,Processed
RET006942,ORD0021616,SKU009382,2026-05-18,item damaged,956.99,Processed
RET006943,ORD0044948,SKU007045,2025-11-09,Damaged in transit,1184.65,Processed
RET006944,ORD0019159,SKU011019,2025-04-01,late delivery no longer needed,580.0,Processed
RET006945,ORD0063232,SKU001186,2025-11-25,colour different from image,768.23,Processed
RET006946,ORD0071671,SKU007531,2025-09-10,battery dead,1320.59,Processed
RET006947,ORD0058437,SKU007559,2026-01-18,wrong size ordered,631.52,Processed
RET006948,ORD0035016,SKU005042,2026-10-28,Not what I ordered,186.65,Processed
RET006949,ORD0091372,SKU000559,2025-03-29,wrong size ordered,606.32,Processed
RET006950,ORD0027296,SKU003019,2025-03-21,poor quality,1045.93,Processed
RET006951,ORD0064794,SKU007712,2025-01-21,product was cracked,171.12,Processed
RET006952,ORD0079082,SKU010893,2026-05-10,fabric quality bad,671.22,Processed
RET006953,ORD0014389,SKU011708,2025-10-27,poor quality,1652.87,Processed
RET006954,ORD0085387,SKU011674,2025-11-30,received different product,1548.62,Processed
RET006955,ORD0093070,SKU010668,2026-07-15,Damaged in transit,912.53,Processed
RET006956,ORD0090515,SKU005881,2025-05-22,changed my mind,649.82,Processed
RET006957,ORD0066245,SKU011885,2025-04-24,wrong size ordered,481.77,Processed
RET006958,ORD0059451,SKU004578,2026-03-10,wrong item sent,59.64,Pending
RET006959,ORD0010995,SKU002826,2025-04-13,packaging torn item broken,235.13,Processed
RET006960,ORD0049148,SKU007837,2025-12-11,cheap material,409.95,Processed
RET006961,ORD0049131,SKU006050,2025-08-01,Damaged in transit,389.81,Rejected
RET006962,ORD0087491,SKU007792,2025-10-26,battery dead,492.89,Processed
RET006963,ORD0033837,SKU007393,2026-10-10,misleading description,115.02,Processed
RET006964,ORD0084388,SKU004661,2026-10-24,Doesn't fit properly,1097.82,Processed
RET006965,ORD0024804,SKU009684,2025-09-16,cheap material,1931.06,Processed
RET006966,ORD0079158,SKU010706,2025-07-28,misleading description,106.69,Processed
RET006967,ORD0052560,SKU010693,2025-12-26,not durable,2219.66,Processed
RET006968,ORD0022128,SKU009127,2025-04-24,arrived damaged!!,349.6,Processed
RET006969,ORD0059871,SKU004721,2025-03-01,arrived after event,528.34,Processed
RET006970,ORD0052752,SKU004109,2026-04-21,wrong item sent,814.9,Processed
RET006971,ORD0086582,SKU003933,2026-03-13,broken on arrival,896.91,Processed
RET006972,ORD0030257,SKU004856,2025-09-18,Damaged in transit,267.16,Pending
RET006973,ORD0067196,SKU000071,2025-04-22,wrong item sent,1007.31,Processed
RET006974,ORD0117079,SKU005773,2026-12-15,delivered too late,930.07,Processed
RET006975,ORD0114032,SKU000531,2025-12-13,SIZE PROBLEM,357.49,Processed
RET006976,ORD0033092,SKU002773,2026-06-30,not as described,834.88,Pending
RET006977,ORD0064267,SKU012494,2026-02-21,SIZE PROBLEM,1183.91,Processed
RET006978,ORD0043963,SKU003097,2026-03-14,wrong colour delivered,335.71,Processed
RET006979,ORD0036595,SKU011034,2025-07-26,changed my mind,1029.84,Processed
RET006980,ORD0062916,SKU006612,2026-01-14,defective piece,951.59,Processed
RET006981,ORD0032679,SKU003168,2025-05-16,cheap material,1740.53,Processed
RET006982,ORD0040866,SKU003162,2025-10-09,wrong colour delivered,924.29,Rejected
RET006983,ORD0057858,SKU010345,2026-05-13,size chart misleading,809.79,Processed
RET006984,ORD0095225,SKU012366,2025-11-06,not durable,5457.4,Pending
RET006985,ORD0018746,SKU009788,2025-02-06,delivered too late,1177.67,Processed
RET006986,ORD0040211,SKU008240,2025-04-10,wrong size ordered,256.89,Processed
RET006987,ORD0035291,SKU004679,2025-04-27,SIZE PROBLEM,684.76,Processed
RET006988,ORD0032117,SKU012413,2025-02-02,SIZE PROBLEM,1351.66,Pending
RET006989,ORD0034397,SKU004603,2026-04-04,SIZE PROBLEM,648.71,Processed
RET006990,ORD0082183,SKU007900,2026-02-20,Doesn't fit properly,301.48,Processed
RET006991,ORD0088679,SKU002706,2026-06-24,cheap material,2650.84,Pending
RET006992,ORD0060507,SKU000479,2025-04-19,size too small,1946.21,Processed
RET006993,ORD0012357,SKU010239,2025-07-03,misleading description,419.16,Processed
RET006994,ORD0007331,SKU007737,2025-12-10,battery dead,263.4,Processed
RET006995,ORD0085283,SKU003854,2025-12-16,Size issue,1222.3,Processed
RET006996,ORD0026785,SKU007505,2025-11-27,packaging torn item broken,481.55,Processed
RET006997,ORD0087581,SKU000736,2025-03-30,arrived damaged!!,1804.73,Processed
RET006998,ORD0067825,SKU003898,2025-07-23,delivered too late,1941.44,Processed
RET006999,ORD0044902,SKU002863,2025-04-28,Doesn't fit properly,952.09,Processed
RET007000,ORD0059451,SKU008587,2026-02-27,dont want it now,91.19,Processed
RET007001,ORD0042589,SKU011462,2026-01-20,not durable,877.42,Processed
RET007002,ORD0077590,SKU012353,2026-05-09,Damaged in transit,4755.52,Pending
RET007003,ORD0069574,SKU008904,2025-03-25,Doesn't fit properly,3454.98,Processed
RET007004,ORD0092097,SKU003722,2025-04-08,found cheaper elsewhere,227.27,Processed
RET007005,ORD0070844,SKU006510,2026-06-11,looks different online,855.57,Processed
RET007006,ORD0116926,SKU002720,2025-05-23,device faulty,335.97,Processed
RET007007,ORD0060822,SKU005704,2025-12-21,broken on arrival,652.04,Processed
RET007008,ORD0062705,SKU003755,2025-09-01,misleading description,464.79,Processed
RET007009,ORD0034827,SKU010093,2025-07-08,changed my mind,728.37,Processed
RET007010,ORD0060048,SKU003333,2025-12-15,changed my mind,815.7,Processed
RET007011,ORD0063493,SKU002266,2026-05-14,device faulty,235.31,Processed
RET007012,ORD0118566,SKU002628,2026-04-11,different from website photo,555.46,Processed
RET007013,ORD0113515,SKU003999,2025-06-23,wrong size ordered,2139.72,Processed
RET007014,ORD0035016,SKU005358,2026-11-05,packaging torn item broken,541.55,Processed
RET007015,ORD0009905,SKU009225,2026-05-29,wrong size ordered,937.0,Processed
RET007016,ORD0061108,SKU001749,2026-06-20,wrong size ordered,1104.78,Processed
RET007017,ORD0001472,SKU003946,2025-05-01,different from website photo,703.1,Processed
RET007018,ORD0004107,SKU009346,2025-11-07,size too small,1402.35,Pending
RET007019,ORD0118217,SKU007349,2025-10-18,product was cracked,257.69,Processed
RET007020,ORD0038364,SKU005400,2026-03-11,broken on arrival,409.5,Pending
RET007021,ORD0008239,SKU009908,2026-11-28,Not what I ordered,674.81,Processed
RET007022,ORD0027211,SKU003086,2026-03-04,no longer needed,1646.0,Processed
RET007023,ORD0071041,SKU010909,2025-04-21,different sku received,641.47,Processed
RET007024,ORD0002450,SKU001961,2026-11-09,arrived damaged!!,556.83,Processed
RET007025,ORD0107384,SKU001370,2026-11-20,too tight,295.26,Processed
RET007026,ORD0106990,SKU003616,2026-03-10,Delayed delivery,1152.18,Processed
RET007027,ORD0011474,SKU000993,2025-04-23,poor quality,269.23,Pending
RET007028,ORD0069154,SKU002215,2026-05-11,item damaged,587.44,Processed
RET007029,ORD0053489,SKU012031,2026-01-14,Doesn't fit properly,291.92,Processed
RET007030,ORD0002406,SKU007559,2026-04-01,size chart misleading,113.8,Processed
RET007031,ORD0038102,SKU005864,2025-09-29,Damaged in transit,448.82,Processed
RET007032,ORD0003596,SKU007521,2025-03-22,poor quality,63.23,Rejected
RET007033,ORD0108136,SKU001675,2026-03-07,size too small,716.13,Processed
RET007034,ORD0035066,SKU003143,2025-12-06,didnt fit,375.49,Processed
RET007035,ORD0055578,SKU004305,2026-12-18,wrong size ordered,2220.21,Processed
RET007036,ORD0050844,SKU008632,2025-08-25,product was cracked,1016.76,Processed
RET007037,ORD0038076,SKU004726,2026-05-31,found cheaper elsewhere,769.41,Processed
RET007038,ORD0047390,SKU004809,2026-03-07,didnt fit,895.82,Processed
RET007039,ORD0079040,SKU005590,2026-01-10,quality not as expected,159.53,Processed
RET007040,ORD0036380,SKU001144,2025-08-13,product was cracked,461.87,Pending
RET007041,ORD0089841,SKU008481,2025-12-05,colour different from image,477.07,Processed
RET007042,ORD0100917,SKU007614,2025-09-16,packaging torn item broken,358.61,Pending
RET007043,ORD0069685,SKU010732,2025-11-14,poor quality,380.95,Processed
RET007044,ORD0022658,SKU002181,2025-04-08,packaging torn item broken,888.62,Processed
RET007045,ORD0038897,SKU010842,2026-06-15,Not what I ordered,1721.41,Pending
RET007046,ORD0084993,SKU010783,2026-01-06,Not what I ordered,638.0,Processed
RET007047,ORD0060507,SKU009668,2025-03-30,Doesn't fit properly,2147.78,Processed
RET007048,ORD0079527,SKU009782,2025-10-20,different from website photo,422.2,Processed
RET007049,ORD0077333,SKU008104,2026-03-13,wrong item sent,564.52,Processed
RET007050,ORD0029680,SKU011482,2025-10-18,wrong size ordered,1317.52,Processed
RET007051,ORD0011473,SKU008641,2026-03-09,SIZE PROBLEM,560.25,Processed
RET007052,ORD0011674,SKU006262,2026-01-30,packaging torn item broken,182.71,Processed
RET007053,ORD0059308,SKU009500,2025-10-19,Size issue,1025.89,Processed
RET007054,ORD0025797,SKU012336,2025-06-04,item damaged,299.54,Processed
RET007055,ORD0008078,SKU002099,2026-11-15,broken on arrival,574.14,Processed
RET007056,ORD0084557,SKU002446,2025-02-15,device faulty,590.84,Processed
RET007057,ORD0068888,SKU002136,2025-03-02,misleading description,965.62,Processed
RET007058,ORD0092848,SKU002087,2025-01-26,poor quality,1740.11,Processed
RET007059,ORD0090854,SKU003901,2025-04-09,broken on arrival,448.31,Processed
RET007060,ORD0114485,SKU000488,2025-05-29,changed my mind,410.71,Processed
RET007061,ORD0058466,SKU001108,2025-12-10,not as described,1135.07,Pending
RET007062,ORD0115314,SKU002462,2025-11-06,quality not as expected,940.28,Processed
RET007063,ORD0039883,SKU004010,2025-10-30,different sku received,225.76,Processed
RET007064,ORD0070789,SKU010450,2026-02-06,not durable,2648.04,Processed
RET007065,ORD0089230,SKU003586,2025-05-27,not working,71.36,Pending
RET007066,ORD0112187,SKU006495,2025-04-29,device faulty,248.19,Processed
RET007067,ORD0071520,SKU009001,2025-06-02,wrong colour delivered,282.25,Processed
RET007068,ORD0075090,SKU008440,2026-01-24,delivered too late,473.39,Processed
RET007069,ORD0079631,SKU007004,2025-02-12,Damaged in transit,521.93,Processed
RET007070,ORD0103690,SKU001879,2025-09-23,dont want it now,1870.93,Processed
RET007071,ORD0059142,SKU006369,2026-05-29,misleading description,3371.97,Pending
RET007072,ORD0072990,SKU008892,2026-12-12,too tight,471.42,Processed
RET007073,ORD0106538,SKU008288,2026-05-08,changed my mind,276.66,Processed
RET007074,ORD0012047,SKU007835,2026-01-27,cheap material,684.64,Rejected
RET007075,ORD0089904,SKU007874,2026-01-02,quality not as expected,550.42,Processed
RET007076,ORD0039951,SKU010544,2026-01-27,SIZE PROBLEM,110.81,Processed
RET007077,ORD0045166,SKU006907,2026-03-08,Not what I ordered,304.2,Processed
RET007078,ORD0048885,SKU000953,2025-09-20,ordered by mistake,621.62,Processed
RET007079,ORD0062230,SKU000643,2025-07-10,broken on arrival,1072.39,Processed
RET007080,ORD0018077,SKU008604,2025-03-20,wrong item sent,672.0,Pending
RET007081,ORD0051867,SKU006678,2026-03-26,stopped working after a day,655.62,Processed
RET007082,ORD0117930,SKU005202,2025-08-30,delivered too late,251.65,Processed
RET007083,ORD0015318,SKU006644,2025-04-08,SIZE PROBLEM,464.16,Processed
RET007084,ORD0113675,SKU002735,2026-06-25,received different product,130.07,Processed
RET007085,ORD0050540,SKU011111,2026-02-23,cheap material,389.3,Processed
RET007086,ORD0053072,SKU003536,2025-09-07,Not what I ordered,2195.58,Processed
RET007087,ORD0072239,SKU008217,2025-06-13,packaging torn item broken,437.89,Rejected
RET007088,ORD0018106,SKU009397,2025-02-04,received different product,321.96,Pending
RET007089,ORD0022101,SKU006432,2026-02-18,defective piece,361.84,Processed
RET007090,ORD0069451,SKU004028,2026-04-30,found cheaper elsewhere,760.29,Processed
RET007091,ORD0107106,SKU010761,2025-10-22,product was cracked,425.76,Processed
RET007092,ORD0001645,SKU002808,2026-04-02,ordered by mistake,1346.52,Processed
RET007093,ORD0102782,SKU003179,2025-03-17,product was cracked,2016.53,Processed
RET007094,ORD0063620,SKU003294,2025-10-01,found cheaper elsewhere,1377.1,Processed
RET007095,ORD0013183,SKU005881,2025-11-25,product was cracked,276.48,Processed
RET007096,ORD0088628,SKU010088,2025-11-18,received different product,636.59,Processed
RET007097,ORD0115952,SKU004293,2026-03-25,broken on arrival,1292.82,Processed
RET007098,ORD0087113,SKU005199,2025-02-06,wrong size ordered,1048.65,Pending
RET007099,ORD0102419,SKU010736,2026-11-24,arrived damaged!!,567.36,Processed
RET007100,ORD0007429,SKU007588,2025-03-10,Size issue,1405.99,Processed
RET007101,ORD0077769,SKU001593,2025-11-23,quality not as expected,1114.72,Processed
RET007102,ORD0094611,SKU011630,2025-11-24,item damaged,885.78,Processed
RET007103,ORD0001535,SKU008729,2025-06-06,quality not as expected,629.57,Processed
RET007104,ORD0011301,SKU004947,2025-05-21,Doesn't fit properly,1456.49,Processed
RET007105,ORD0015204,SKU006355,2025-10-16,product was cracked,817.46,Processed
RET007106,ORD0082738,SKU003707,2025-04-08,Size issue,1275.34,Processed
RET007107,ORD0055101,SKU003063,2025-11-03,broken on arrival,713.27,Processed
RET007108,ORD0031219,SKU008910,2026-03-16,size chart misleading,378.93,Pending
RET007109,ORD0031105,SKU009099,2026-03-29,cheap material,1840.54,Processed
RET007110,ORD0077021,SKU004680,2026-05-28,defective piece,1234.26,Rejected
RET007111,ORD0071444,SKU011406,2026-01-07,wrong size ordered,704.03,Processed
RET007112,ORD0103958,SKU000631,2026-05-28,looks different online,228.82,Processed
RET007113,ORD0042905,SKU001757,2025-09-01,colour different from image,289.04,Processed
RET007114,ORD0079722,SKU005084,2025-10-07,no longer needed,751.68,Processed
RET007115,ORD0024722,SKU011770,2026-07-05,no longer needed,100.45,Processed
RET007116,ORD0020302,SKU011399,2025-05-21,cheap material,702.9,Processed
RET007117,ORD0111021,SKU002814,2025-06-14,didnt fit,310.87,Processed
RET007118,ORD0047636,SKU000676,2026-03-19,Size issue,378.36,Processed
RET007119,ORD0008078,SKU003260,2026-11-13,received different product,1738.22,Processed
RET007120,ORD0107591,SKU000575,2026-05-07,size too small,625.01,Processed
RET007121,ORD0037123,SKU006923,2025-11-18,wrong colour delivered,325.69,Rejected
RET007122,ORD0052001,SKU009649,2025-07-28,Doesn't fit properly,446.32,Processed
RET007123,ORD0079158,SKU002924,2025-07-17,wrong colour delivered,442.68,Processed
RET007124,ORD0107524,SKU012058,2025-03-27,not as described,3686.85,Processed
RET007125,ORD0015092,SKU007269,2025-11-20,not working,210.77,Processed
RET007126,ORD0004080,SKU002865,2025-11-14,SIZE PROBLEM,609.86,Processed
RET007127,ORD0002226,SKU011572,2026-03-02,Damaged in transit,819.61,Processed
RET007128,ORD0057844,SKU010836,2025-09-28,size chart misleading,2937.74,Pending
RET007129,ORD0015192,SKU008274,2025-01-24,fabric quality bad,2520.97,Processed
RET007130,ORD0009627,SKU012455,2025-08-18,packaging torn item broken,565.09,Processed
RET007131,ORD0067071,SKU010775,2025-02-09,Doesn't fit properly,907.79,Pending
RET007132,ORD0046467,SKU004697,2025-11-22,misleading description,154.32,Processed
RET007133,ORD0027610,SKU011514,2025-06-26,looks different online,1229.67,Processed
RET007134,ORD0048511,SKU001089,2026-01-20,device faulty,176.25,Pending
RET007135,ORD0067071,SKU001490,2025-03-07,arrived damaged!!,290.04,Pending
RET007136,ORD0085781,SKU004631,2025-04-01,found cheaper elsewhere,495.92,Processed
RET007137,ORD0051965,SKU011179,2025-01-28,Not what I ordered,314.18,Processed
RET007138,ORD0046329,SKU008502,2025-02-13,changed my mind,583.63,Pending
RET007139,ORD0098070,SKU002999,2025-04-14,cheap material,463.19,Processed
RET007140,ORD0060051,SKU002153,2025-07-04,ordered by mistake,442.27,Pending
RET007141,ORD0021552,SKU009143,2025-01-22,Delayed delivery,1304.93,Processed
RET007142,ORD0040013,SKU004436,2025-05-03,SIZE PROBLEM,357.84,Pending
RET007143,ORD0037887,SKU000178,2026-02-21,delivered too late,2185.23,Processed
RET007144,ORD0044367,SKU011880,2025-01-26,poor quality,180.95,Processed
RET007145,ORD0007599,SKU001309,2026-05-29,didnt fit,764.99,Processed
RET007146,ORD0042328,SKU009062,2026-03-19,wrong size ordered,451.43,Rejected
RET007147,ORD0000363,SKU011650,2025-05-01,looks different online,79.69,Processed
RET007148,ORD0066627,SKU008253,2025-11-18,arrived after event,133.88,Processed
RET007149,ORD0017700,SKU011336,2026-05-27,too tight,563.46,Pending
RET007150,ORD0025603,SKU010343,2025-12-15,received different product,412.92,Pending
RET007151,ORD0067553,SKU008514,2026-10-28,Quality issue,152.08,Processed
RET007152,ORD0023371,SKU004989,2025-03-03,cheap material,2141.78,Processed
RET007153,ORD0022614,SKU004349,2025-11-12,not as described,674.51,Processed
RET007154,ORD0068597,SKU006261,2026-04-02,battery dead,1308.29,Processed
RET007155,ORD0089195,SKU003658,2025-02-19,size chart misleading,227.59,Processed
RET007156,ORD0105313,SKU005820,2026-12-12,packaging torn item broken,3390.93,Processed
RET007157,ORD0031086,SKU005014,2025-06-09,arrived after event,870.21,Processed
RET007158,ORD0031113,SKU007383,2026-03-01,arrived after event,2285.16,Processed
RET007159,ORD0066359,SKU009738,2026-01-02,size too small,810.0,Processed
RET007160,ORD0003710,SKU002343,2025-10-13,Quality issue,201.59,Processed
RET007161,ORD0035757,SKU000936,2025-07-11,different sku received,1190.08,Processed
RET007162,ORD0109784,SKU002592,2025-09-14,quality not as expected,431.64,Processed
RET007163,ORD0025529,SKU003846,2026-12-14,not as described,380.01,Processed
RET007164,ORD0060434,SKU007779,2025-12-25,device faulty,364.24,Processed
RET007165,ORD0096952,SKU006362,2025-06-16,Quality issue,1135.51,Processed
RET007166,ORD0008530,SKU009575,2026-05-22,quality not as expected,1014.88,Processed
RET007167,ORD0063451,SKU008203,2025-01-30,misleading description,499.87,Processed
RET007168,ORD0024577,SKU003994,2025-04-10,misleading description,813.44,Pending
RET007169,ORD0010687,SKU006374,2025-12-10,size too small,697.36,Processed
RET007170,ORD0006375,SKU010068,2026-11-03,too tight,1690.59,Processed
RET007171,ORD0095280,SKU000671,2026-04-09,dont want it now,374.45,Processed
RET007172,ORD0039544,SKU012255,2026-12-11,wrong size ordered,667.75,Processed
RET007173,ORD0018533,SKU012053,2025-08-26,Damaged in transit,140.21,Processed
RET007174,ORD0051874,SKU001757,2026-01-20,item damaged,1756.2,Processed
RET007175,ORD0019514,SKU005243,2026-07-09,packaging torn item broken,290.5,Processed
RET007176,ORD0011674,SKU006256,2026-02-01,didnt fit,988.74,Processed
RET007177,ORD0074062,SKU010703,2026-01-10,wrong size ordered,260.91,Processed
RET007178,ORD0112711,SKU009691,2026-03-01,arrived damaged!!,390.76,Processed
RET007179,ORD0045408,SKU006650,2025-03-16,Quality issue,4752.12,Processed
RET007180,ORD0059967,SKU008238,2025-03-31,misleading description,4014.75,Pending
RET007181,ORD0028573,SKU010522,2025-08-05,didnt fit,518.63,Processed
RET007182,ORD0057556,SKU011257,2026-02-04,product was cracked,924.51,Processed
RET007183,ORD0047254,SKU004393,2026-06-28,Size issue,534.61,Processed
RET007184,ORD0050862,SKU002006,2026-11-04,didnt fit,213.58,Processed
RET007185,ORD0029676,SKU000846,2025-12-28,packaging torn item broken,854.92,Processed
RET007186,ORD0118957,SKU004758,2025-07-12,Doesn't fit properly,638.54,Processed
RET007187,ORD0088876,SKU003344,2025-05-17,SIZE PROBLEM,707.01,Processed
RET007188,ORD0014925,SKU008887,2025-11-18,changed my mind,460.73,Processed
RET007189,ORD0037569,SKU008272,2025-12-31,looks different online,269.67,Pending
RET007190,ORD0058363,SKU002768,2025-07-28,size too small,823.86,Processed
RET007191,ORD0113508,SKU007309,2026-03-11,Not what I ordered,1351.39,Pending
RET007192,ORD0064554,SKU005037,2026-07-22,fabric quality bad,633.25,Pending
RET007193,ORD0115647,SKU008245,2025-08-26,size chart misleading,2021.53,Rejected
RET007194,ORD0022824,SKU007015,2026-12-09,arrived damaged!!,1453.48,Processed
RET007195,ORD0085439,SKU010021,2025-12-17,fabric quality bad,1117.46,Processed
RET007196,ORD0022068,SKU003819,2026-03-30,cheap material,572.27,Processed
RET007197,ORD0062265,SKU003586,2025-11-21,arrived damaged!!,495.99,Processed
RET007198,ORD0118219,SKU004042,2025-11-01,different from website photo,2103.52,Processed
RET007199,ORD0037782,SKU004973,2025-02-25,size chart misleading,777.47,Processed
RET007200,ORD0107383,SKU005423,2025-01-29,Quality issue,669.97,Processed
RET007201,ORD0106393,SKU001973,2025-02-24,delivered too late,1240.73,Rejected
RET007202,ORD0078021,SKU009337,2025-04-07,wrong item sent,905.52,Processed
RET007203,ORD0032368,SKU006426,2025-01-12,not durable,274.27,Processed
RET007204,ORD0110805,SKU006640,2025-05-15,different from website photo,186.33,Pending
RET007205,ORD0001035,SKU001351,2026-02-22,device faulty,662.52,Processed
RET007206,ORD0041066,SKU009606,2026-11-11,no longer needed,752.11,Processed
RET007207,ORD0062560,SKU003246,2025-07-20,wrong size ordered,1782.58,Processed
RET007208,ORD0098389,SKU009966,2025-06-03,found cheaper elsewhere,1601.63,Processed
RET007209,ORD0068305,SKU007334,2025-06-24,not as described,538.12,Rejected
RET007210,ORD0023600,SKU005708,2026-06-24,different from website photo,704.58,Processed
RET007211,ORD0083944,SKU008718,2026-01-15,not durable,902.75,Processed
RET007212,ORD0058917,SKU009201,2025-06-25,wrong size ordered,174.53,Pending
RET007213,ORD0011723,SKU003747,2025-01-13,defective piece,405.6,Processed
RET007214,ORD0036356,SKU004240,2026-05-10,poor quality,164.09,Processed
RET007215,ORD0008239,SKU009685,2026-11-23,Not what I ordered,897.6,Processed
RET007216,ORD0074560,SKU009322,2026-01-05,delivered too late,676.17,Processed
RET007217,ORD0063676,SKU011464,2026-01-03,no longer needed,319.9,Processed
RET007218,ORD0068312,SKU010745,2026-11-27,delivered too late,530.55,Processed
RET007219,ORD0047246,SKU002012,2025-03-01,device faulty,1137.1,Processed
RET007220,ORD0043726,SKU002744,2025-04-12,too tight,731.94,Processed
RET007221,ORD0073894,SKU006802,2025-04-16,item damaged,875.55,Rejected
RET007222,ORD0113122,SKU004489,2026-07-10,quality not as expected,3704.5,Processed
RET007223,ORD0073186,SKU000212,2026-10-29,Quality issue,998.2,Processed
RET007224,ORD0060134,SKU008541,2025-02-19,late delivery no longer needed,373.94,Processed
RET007225,ORD0093887,SKU008594,2025-08-01,misleading description,856.85,Processed
RET007226,ORD0107224,SKU002301,2025-12-02,wrong size ordered,327.65,Processed
RET007227,ORD0109312,SKU011356,2026-01-31,wrong size ordered,1181.92,Processed
RET007228,ORD0077693,SKU011975,2026-05-07,cheap material,388.38,Processed
RET007229,ORD0092658,SKU004759,2025-08-13,wrong item sent,2357.79,Pending
RET007230,ORD0093064,SKU000188,2025-10-16,Delayed delivery,950.2,Processed
RET007231,ORD0095616,SKU009600,2025-03-13,item damaged,134.48,Processed
RET007232,ORD0008239,SKU008860,2026-11-23,device faulty,443.52,Processed
RET007233,ORD0104637,SKU002082,2025-03-24,battery dead,1567.52,Processed
RET007234,ORD0065065,SKU003885,2026-05-17,item damaged,1070.78,Processed
RET007235,ORD0036597,SKU001948,2026-05-27,fabric quality bad,1540.44,Processed
RET007236,ORD0058895,SKU006950,2025-11-15,size chart misleading,620.23,Processed
RET007237,ORD0035457,SKU005907,2025-04-11,arrived after event,400.01,Processed
RET007238,ORD0106821,SKU010608,2025-03-12,Quality issue,516.59,Processed
RET007239,ORD0010946,SKU001912,2025-07-03,late delivery no longer needed,1149.46,Processed
RET007240,ORD0022386,SKU001090,2026-02-28,Size issue,436.52,Processed
RET007241,ORD0035182,SKU008327,2026-02-02,fabric quality bad,1107.76,Rejected
RET007242,ORD0047805,SKU005808,2025-09-03,not as described,1333.96,Pending
RET007243,ORD0000458,SKU000631,2025-01-21,Size issue,601.46,Processed
RET007244,ORD0029592,SKU001394,2026-03-16,packaging torn item broken,605.28,Processed
RET007245,ORD0071886,SKU000561,2025-01-09,wrong item sent,218.8,Processed
RET007246,ORD0040482,SKU011925,2025-02-13,dont want it now,328.22,Processed
RET007247,ORD0115129,SKU002671,2025-08-19,size chart misleading,380.54,Processed
RET007248,ORD0119725,SKU012149,2025-01-13,late delivery no longer needed,1086.04,Processed
RET007249,ORD0000217,SKU008460,2026-11-10,cheap material,654.02,Processed
RET007250,ORD0105188,SKU000265,2025-10-06,Damaged in transit,563.01,Processed
RET007251,ORD0044092,SKU010390,2025-12-07,size too small,604.18,Processed
RET007252,ORD0016174,SKU001546,2025-03-03,wrong size ordered,1553.1,Pending
RET007253,ORD0067765,SKU006810,2025-04-10,broken on arrival,1168.85,Processed
RET007254,ORD0074335,SKU005180,2025-01-16,size too small,542.09,Processed
RET007255,ORD0042824,SKU006325,2026-05-01,too tight,103.62,Pending
RET007256,ORD0021156,SKU010538,2026-02-11,not durable,633.71,Processed
RET007257,ORD0080607,SKU007943,2026-03-22,too tight,698.68,Processed
RET007258,ORD0022133,SKU002191,2025-12-16,too tight,1579.51,Processed
RET007259,ORD0070498,SKU010877,2026-01-03,item damaged,979.95,Processed
RET007260,ORD0068785,SKU001018,2026-05-28,Not what I ordered,564.12,Processed
RET007261,ORD0037974,SKU012252,2025-09-23,didnt fit,147.29,Processed
RET007262,ORD0115027,SKU003614,2025-09-14,not durable,2187.02,Processed
RET007263,ORD0073674,SKU000029,2025-09-23,broken on arrival,323.9,Processed
RET007264,ORD0112709,SKU002388,2025-08-02,different sku received,199.59,Processed
RET007265,ORD0034878,SKU003706,2026-12-14,arrived damaged!!,614.13,Processed
RET007266,ORD0053782,SKU007117,2026-03-04,Quality issue,670.32,Processed
RET007267,ORD0083160,SKU001953,2025-02-05,Damaged in transit,612.32,Pending
RET007268,ORD0067196,SKU003018,2025-05-16,packaging torn item broken,1113.49,Pending
RET007269,ORD0041257,SKU009931,2025-09-10,fabric quality bad,299.46,Processed
RET007270,ORD0050405,SKU012490,2025-04-08,SIZE PROBLEM,997.48,Processed
RET007271,ORD0111291,SKU008522,2025-03-15,defective piece,886.32,Processed
RET007272,ORD0026921,SKU004691,2026-04-09,wrong size ordered,1894.5,Processed
RET007273,ORD0050020,SKU010402,2025-11-26,wrong size ordered,926.85,Pending
RET007274,ORD0019985,SKU002070,2026-05-08,found cheaper elsewhere,493.19,Processed
RET007275,ORD0015636,SKU005820,2026-01-22,delivered too late,138.02,Processed
RET007276,ORD0108058,SKU009032,2025-10-16,too tight,1226.08,Processed
RET007277,ORD0082917,SKU010430,2026-11-26,Doesn't fit properly,91.38,Processed
RET007278,ORD0096730,SKU003256,2025-02-09,fabric quality bad,358.48,Processed
RET007279,ORD0042505,SKU002645,2025-12-03,arrived damaged!!,263.04,Processed
RET007280,ORD0077757,SKU005892,2025-10-09,SIZE PROBLEM,417.04,Processed
RET007281,ORD0075858,SKU003387,2025-08-29,poor quality,525.2,Processed
RET007282,ORD0031224,SKU004185,2026-02-13,Doesn't fit properly,966.81,Processed
RET007283,ORD0050442,SKU001027,2026-01-02,packaging torn item broken,1272.29,Pending
RET007284,ORD0035731,SKU000486,2026-03-06,size too small,996.5,Processed
RET007285,ORD0006305,SKU001728,2025-12-13,ordered by mistake,523.88,Processed
RET007286,ORD0038771,SKU008444,2026-01-25,not working,804.99,Pending
RET007287,ORD0043619,SKU003354,2025-06-24,not as described,165.65,Processed
RET007288,ORD0098504,SKU010421,2025-03-07,didnt fit,484.46,Processed
RET007289,ORD0057794,SKU005231,2025-12-16,size too small,719.45,Processed
RET007290,ORD0053431,SKU009320,2025-03-08,not working,531.26,Processed
RET007291,ORD0004798,SKU002231,2026-04-05,Quality issue,3272.46,Processed
RET007292,ORD0017738,SKU012077,2025-12-06,too tight,656.71,Processed
RET007293,ORD0004758,SKU007459,2025-08-26,size too small,447.75,Processed
RET007294,ORD0107098,SKU001209,2025-11-23,wrong size ordered,903.55,Pending
RET007295,ORD0063084,SKU007772,2025-11-11,packaging torn item broken,310.42,Processed
RET007296,ORD0053686,SKU002485,2025-05-06,late delivery no longer needed,3481.65,Processed
RET007297,ORD0077293,SKU001164,2026-05-30,Delayed delivery,1193.93,Processed
RET007298,ORD0010421,SKU008362,2025-12-08,didnt fit,1222.64,Processed
RET007299,ORD0064164,SKU011581,2026-12-09,didnt fit,672.01,Processed
RET007300,ORD0111793,SKU001209,2025-10-29,Doesn't fit properly,630.67,Pending
RET007301,ORD0006901,SKU008636,2025-10-10,different from website photo,655.55,Processed
RET007302,ORD0026019,SKU008398,2025-02-14,not as described,1699.11,Processed
RET007303,ORD0051296,SKU001452,2025-08-01,changed my mind,201.39,Pending
RET007304,ORD0111876,SKU011285,2026-05-02,size chart misleading,1971.57,Processed
RET007305,ORD0057838,SKU010284,2026-05-22,arrived damaged!!,627.27,Processed
RET007306,ORD0103662,SKU005505,2026-06-18,Delayed delivery,299.15,Processed
RET007307,ORD0103169,SKU011846,2025-04-29,poor quality,586.87,Processed
RET007308,ORD0035859,SKU002447,2025-10-12,looks different online,3534.51,Processed
RET007309,ORD0010375,SKU004109,2025-11-10,colour different from image,979.86,Processed
RET007310,ORD0053072,SKU005838,2025-09-02,Quality issue,767.72,Processed
RET007311,ORD0067825,SKU001883,2025-07-17,not durable,1070.48,Processed
RET007312,ORD0081030,SKU002992,2026-11-29,Doesn't fit properly,152.48,Processed
RET007313,ORD0077453,SKU011719,2025-03-31,dont want it now,1227.11,Processed
RET007314,ORD0070491,SKU004233,2025-03-26,Size issue,716.78,Pending
RET007315,ORD0066462,SKU004907,2025-11-20,device faulty,569.23,Processed
RET007316,ORD0032938,SKU005306,2025-06-30,quality not as expected,742.39,Processed
RET007317,ORD0052983,SKU012135,2025-01-15,Doesn't fit properly,1053.67,Processed
RET007318,ORD0093232,SKU006833,2026-05-19,device faulty,895.71,Processed
RET007319,ORD0105873,SKU007069,2026-04-23,stopped working after a day,1404.95,Processed
RET007320,ORD0053888,SKU012358,2025-05-08,not as described,511.86,Processed
RET007321,ORD0015940,SKU000386,2026-05-13,colour different from image,361.48,Pending
RET007322,ORD0113490,SKU009934,2026-03-15,too tight,167.08,Processed
RET007323,ORD0033911,SKU004394,2026-02-01,wrong size ordered,892.17,Processed
RET007324,ORD0047858,SKU001596,2025-12-24,Doesn't fit properly,765.1,Pending
RET007325,ORD0103255,SKU002733,2026-01-03,Not what I ordered,1091.45,Processed
RET007326,ORD0095299,SKU001713,2026-04-07,didnt fit,777.15,Pending
RET007327,ORD0113974,SKU008132,2026-06-09,item damaged,1527.81,Rejected
RET007328,ORD0060507,SKU009642,2025-04-13,stopped working after a day,2435.54,Processed
RET007329,ORD0062652,SKU011630,2025-01-14,battery dead,976.63,Processed
RET007330,ORD0117911,SKU002363,2026-01-19,late delivery no longer needed,351.68,Processed
RET007331,ORD0017564,SKU003673,2026-07-20,broken on arrival,2058.98,Processed
RET007332,ORD0019998,SKU012356,2025-08-10,defective piece,151.26,Processed
RET007333,ORD0119652,SKU010683,2025-08-22,poor quality,555.98,Processed
RET007334,ORD0097275,SKU008869,2025-07-14,colour different from image,842.94,Processed
RET007335,ORD0040439,SKU008931,2025-05-12,cheap material,701.26,Processed
RET007336,ORD0113208,SKU008229,2025-10-24,product was cracked,307.03,Processed
RET007337,ORD0086181,SKU009380,2025-05-15,different sku received,723.09,Processed
RET007338,ORD0009284,SKU006014,2026-01-29,didnt fit,947.18,Processed
RET007339,ORD0002069,SKU002825,2026-02-16,Damaged in transit,779.45,Processed
RET007340,ORD0087636,SKU010527,2025-03-17,dont want it now,170.35,Processed
RET007341,ORD0117346,SKU007526,2025-07-04,wrong colour delivered,1349.89,Processed
RET007342,ORD0055620,SKU000141,2025-12-17,product was cracked,975.7,Processed
RET007343,ORD0053054,SKU000097,2026-01-06,size chart misleading,909.52,Processed
RET007344,ORD0100043,SKU003602,2025-12-05,size chart misleading,442.52,Processed
RET007345,ORD0118192,SKU003829,2025-01-21,Size issue,415.15,Processed
RET007346,ORD0077164,SKU011564,2025-03-03,looks different online,316.29,Processed
RET007347,ORD0038364,SKU007237,2026-03-13,too tight,1069.45,Processed
RET007348,ORD0019912,SKU003254,2026-06-15,wrong size ordered,4943.76,Processed
RET007349,ORD0046848,SKU003083,2025-12-17,delivered too late,714.57,Processed
RET007350,ORD0114979,SKU000973,2025-12-11,fabric quality bad,314.61,Processed
RET007351,ORD0008852,SKU004946,2026-01-01,too tight,1090.76,Processed
RET007352,ORD0088794,SKU004747,2025-03-25,SIZE PROBLEM,1484.41,Processed
RET007353,ORD0037530,SKU002208,2026-05-12,Size issue,232.06,Processed
RET007354,ORD0039037,SKU000073,2026-02-06,colour different from image,267.97,Processed
RET007355,ORD0055533,SKU008536,2025-03-07,item damaged,414.15,Processed
RET007356,ORD0096859,SKU009787,2025-02-28,packaging torn item broken,495.35,Rejected
RET007357,ORD0066564,SKU009912,2025-10-26,fabric quality bad,950.5,Processed
RET007358,ORD0036109,SKU010162,2025-08-20,not durable,84.0,Processed
RET007359,ORD0064525,SKU011578,2025-01-03,arrived after event,896.51,Processed
RET007360,ORD0113952,SKU011587,2025-06-20,received different product,1068.81,Processed
RET007361,ORD0010735,SKU006287,2025-04-02,wrong colour delivered,379.06,Processed
RET007362,ORD0026478,SKU011603,2026-11-24,SIZE PROBLEM,1117.73,Pending
RET007363,ORD0002498,SKU011643,2025-10-12,Doesn't fit properly,878.15,Processed
RET007364,ORD0029119,SKU006766,2025-10-27,battery dead,857.35,Processed
RET007365,ORD0116660,SKU005203,2025-06-13,product was cracked,199.68,Processed
RET007366,ORD0109532,SKU011717,2025-11-05,item damaged,719.74,Processed
RET007367,ORD0099251,SKU005041,2025-11-01,misleading description,327.29,Processed
RET007368,ORD0028663,SKU012098,2025-04-10,size chart misleading,384.85,Rejected
RET007369,ORD0013307,SKU003593,2026-03-21,cheap material,920.33,Processed
RET007370,ORD0114453,SKU010392,2026-10-20,not working,237.78,Processed
RET007371,ORD0053018,SKU004769,2026-01-14,Size issue,566.16,Processed
RET007372,ORD0056655,SKU003719,2025-08-17,packaging torn item broken,486.91,Processed
RET007373,ORD0071886,SKU007128,2025-01-25,found cheaper elsewhere,600.05,Pending
RET007374,ORD0096773,SKU000598,2026-04-02,delivered too late,84.31,Processed
RET007375,ORD0041099,SKU001532,2025-10-20,product was cracked,787.83,Rejected
RET007376,ORD0067274,SKU008073,2025-08-28,no longer needed,309.55,Processed
RET007377,ORD0036725,SKU002742,2026-04-10,device faulty,274.41,Processed
RET007378,ORD0055253,SKU005146,2025-09-02,broken on arrival,1212.22,Pending
RET007379,ORD0074906,SKU010910,2026-01-09,not durable,1424.87,Processed
RET007380,ORD0033446,SKU011487,2025-01-30,Doesn't fit properly,531.03,Processed
RET007381,ORD0016165,SKU012310,2025-06-02,late delivery no longer needed,785.91,Processed
RET007382,ORD0018551,SKU011089,2025-07-26,device faulty,370.18,Processed
RET007383,ORD0044439,SKU000390,2025-07-23,found cheaper elsewhere,2372.74,Processed
RET007384,ORD0098352,SKU002231,2026-07-04,dont want it now,534.16,Processed
RET007385,ORD0071111,SKU008731,2025-06-12,wrong size ordered,783.31,Processed
RET007386,ORD0105973,SKU002189,2025-02-14,wrong item sent,497.59,Processed
RET007387,ORD0073143,SKU010568,2025-07-24,arrived damaged!!,722.73,Processed
RET007388,ORD0119115,SKU004191,2026-11-23,wrong item sent,242.38,Pending
RET007389,ORD0083633,SKU011688,2025-11-22,wrong size ordered,557.74,Pending
RET007390,ORD0053883,SKU002135,2026-06-09,wrong colour delivered,475.86,Processed
RET007391,ORD0021552,SKU000580,2025-01-28,late delivery no longer needed,732.63,Processed
RET007392,ORD0076727,SKU001067,2026-03-21,no longer needed,1463.49,Processed
RET007393,ORD0022386,SKU000325,2026-02-18,not working,867.79,Processed
RET007394,ORD0100612,SKU007258,2026-06-17,late delivery no longer needed,463.16,Processed
RET007395,ORD0009393,SKU010485,2026-07-19,Doesn't fit properly,130.43,Processed
RET007396,ORD0053519,SKU010811,2025-05-24,broken on arrival,649.65,Processed
RET007397,ORD0029592,SKU011551,2026-03-15,arrived damaged!!,1013.44,Processed
RET007398,ORD0068496,SKU006985,2025-10-11,Size issue,1593.42,Processed
RET007399,ORD0066090,SKU003671,2025-08-28,item damaged,316.06,Processed
RET007400,ORD0018457,SKU003981,2025-12-24,different from website photo,2195.54,Processed
RET007401,ORD0053728,SKU002610,2025-01-11,late delivery no longer needed,1071.27,Pending
RET007402,ORD0093242,SKU002655,2026-04-19,broken on arrival,532.85,Processed
RET007403,ORD0040429,SKU009440,2025-03-17,fabric quality bad,1225.42,Processed
RET007404,ORD0059774,SKU001741,2025-11-17,wrong size ordered,922.88,Processed
RET007405,ORD0066887,SKU001673,2025-09-20,misleading description,1113.28,Processed
RET007406,ORD0046960,SKU007138,2025-01-21,wrong colour delivered,706.51,Processed
RET007407,ORD0028194,SKU011522,2025-11-26,Size issue,1394.39,Processed
RET007408,ORD0074422,SKU006997,2026-02-09,didnt fit,1124.68,Processed
RET007409,ORD0095114,SKU003997,2026-05-25,dont want it now,965.59,Processed
RET007410,ORD0090082,SKU001168,2025-02-17,found cheaper elsewhere,1470.96,Processed
RET007411,ORD0113380,SKU006802,2026-06-12,packaging torn item broken,890.78,Pending
RET007412,ORD0033230,SKU011875,2026-04-23,received different product,914.86,Pending
RET007413,ORD0079337,SKU012062,2025-11-04,found cheaper elsewhere,1166.33,Processed
RET007414,ORD0045234,SKU000668,2025-03-20,looks different online,565.71,Processed
RET007415,ORD0089433,SKU006161,2025-11-25,delivered too late,449.37,Processed
RET007416,ORD0067244,SKU004646,2026-06-02,Damaged in transit,865.55,Processed
RET007417,ORD0071041,SKU008819,2025-04-29,packaging torn item broken,1110.75,Processed
RET007418,ORD0092232,SKU006920,2025-07-02,different from website photo,407.98,Processed
RET007419,ORD0022974,SKU010642,2025-06-07,not durable,375.11,Processed
RET007420,ORD0096818,SKU001517,2026-11-22,looks different online,521.99,Processed
RET007421,ORD0042132,SKU010999,2026-04-01,wrong item sent,567.33,Processed
RET007422,ORD0005025,SKU005603,2026-04-24,SIZE PROBLEM,639.08,Processed
RET007423,ORD0031831,SKU010746,2025-09-20,packaging torn item broken,1064.18,Processed
RET007424,ORD0109310,SKU000934,2025-06-20,didnt fit,688.2,Pending
RET007425,ORD0089459,SKU004898,2025-08-27,different sku received,916.09,Pending
RET007426,ORD0043635,SKU005523,2025-03-02,Size issue,270.59,Processed
RET007427,ORD0006137,SKU003878,2025-10-05,packaging torn item broken,197.15,Processed
RET007428,ORD0066654,SKU010187,2026-02-24,device faulty,922.96,Processed
RET007429,ORD0013633,SKU000018,2025-11-24,cheap material,656.58,Processed
RET007430,ORD0021379,SKU002082,2025-10-02,Damaged in transit,571.77,Rejected
RET007431,ORD0055964,SKU009914,2025-05-28,item damaged,1429.72,Processed
RET007432,ORD0047242,SKU000038,2025-10-03,ordered by mistake,628.87,Processed
RET007433,ORD0068901,SKU001896,2025-11-06,SIZE PROBLEM,287.8,Processed
RET007434,ORD0107227,SKU002101,2025-11-25,received different product,1180.95,Processed
RET007435,ORD0040147,SKU012109,2026-03-25,different sku received,716.95,Processed
RET007436,ORD0025853,SKU006078,2025-05-25,product was cracked,177.89,Processed
RET007437,ORD0015379,SKU009893,2026-01-31,size too small,714.2,Processed
RET007438,ORD0048495,SKU006819,2026-06-05,arrived after event,770.66,Processed
RET007439,ORD0064238,SKU003994,2025-12-11,wrong size ordered,326.34,Processed
RET007440,ORD0015902,SKU010387,2025-11-13,arrived damaged!!,583.73,Processed
RET007441,ORD0074640,SKU010376,2025-10-11,size chart misleading,1254.61,Processed
RET007442,ORD0080184,SKU000899,2025-07-26,looks different online,926.83,Processed
RET007443,ORD0016813,SKU010103,2025-12-10,misleading description,1778.25,Processed
RET007444,ORD0022043,SKU009183,2025-02-15,size too small,159.01,Rejected
RET007445,ORD0109317,SKU005174,2026-07-03,stopped working after a day,1482.12,Processed
RET007446,ORD0092769,SKU009795,2025-07-08,Doesn't fit properly,221.16,Processed
RET007447,ORD0007066,SKU007790,2025-11-30,dont want it now,259.65,Processed
RET007448,ORD0097518,SKU008425,2026-01-07,not as described,250.69,Processed
RET007449,ORD0008230,SKU003271,2025-02-12,no longer needed,724.7,Processed
RET007450,ORD0106628,SKU001140,2025-03-18,arrived after event,303.77,Processed
RET007451,ORD0011356,SKU007052,2025-02-16,wrong item sent,1079.47,Pending
RET007452,ORD0030150,SKU001140,2025-11-10,size too small,1787.6,Processed
RET007453,ORD0062588,SKU001119,2026-02-24,Doesn't fit properly,1108.35,Processed
RET007454,ORD0107443,SKU012209,2025-05-02,fabric quality bad,372.3,Pending
RET007455,ORD0000217,SKU007189,2026-11-23,product was cracked,1200.96,Processed
RET007456,ORD0098522,SKU006968,2025-05-10,misleading description,463.17,Processed
RET007457,ORD0057483,SKU008973,2025-12-10,late delivery no longer needed,1327.37,Processed
RET007458,ORD0029790,SKU009221,2026-11-18,different sku received,1273.97,Rejected
RET007459,ORD0066483,SKU001724,2025-10-14,Delayed delivery,309.39,Processed
RET007460,ORD0050020,SKU005932,2025-11-22,item damaged,441.81,Pending
RET007461,ORD0112583,SKU009097,2025-07-08,Damaged in transit,903.74,Processed
RET007462,ORD0041649,SKU000196,2025-04-01,no longer needed,642.93,Processed
RET007463,ORD0060153,SKU005055,2025-12-10,too tight,150.54,Processed
RET007464,ORD0076135,SKU000695,2025-09-14,changed my mind,151.0,Processed
RET007465,ORD0026984,SKU003023,2026-02-12,item damaged,636.78,Processed
RET007466,ORD0113132,SKU009615,2025-01-06,colour different from image,1070.1,Pending
RET007467,ORD0094806,SKU009632,2025-12-06,ordered by mistake,194.93,Processed
RET007468,ORD0005124,SKU000618,2025-12-04,Quality issue,295.67,Processed
RET007469,ORD0000293,SKU007939,2025-06-09,misleading description,1030.96,Processed
RET007470,ORD0067119,SKU001186,2025-11-02,misleading description,717.7,Processed
RET007471,ORD0104200,SKU010175,2026-02-10,Quality issue,337.75,Processed
RET007472,ORD0039279,SKU001566,2026-06-11,not durable,334.49,Processed
RET007473,ORD0105838,SKU010060,2025-12-17,delivered too late,702.44,Processed
RET007474,ORD0032405,SKU002382,2026-02-01,found cheaper elsewhere,479.61,Processed
RET007475,ORD0074984,SKU003854,2026-04-07,Size issue,452.61,Processed
RET007476,ORD0004921,SKU011351,2025-11-05,packaging torn item broken,595.96,Processed
RET007477,ORD0100774,SKU012271,2025-12-01,quality not as expected,896.81,Processed
RET007478,ORD0027174,SKU009864,2025-03-02,no longer needed,2070.46,Processed
RET007479,ORD0103255,SKU001437,2026-01-16,packaging torn item broken,938.78,Processed
RET007480,ORD0094650,SKU003938,2026-07-16,Doesn't fit properly,472.57,Processed
RET007481,ORD0104378,SKU003752,2025-03-10,defective piece,216.88,Rejected
RET007482,ORD0111747,SKU006527,2025-08-01,arrived after event,991.05,Processed
RET007483,ORD0104754,SKU011283,2026-07-10,wrong size ordered,808.73,Processed
RET007484,ORD0099513,SKU000759,2025-07-03,looks different online,4156.3,Processed
RET007485,ORD0101378,SKU002625,2026-12-04,Doesn't fit properly,2252.66,Processed
RET007486,ORD0079527,SKU010313,2025-10-12,not durable,2096.06,Processed
RET007487,ORD0022461,SKU009304,2025-03-27,item damaged,997.91,Processed
RET007488,ORD0007402,SKU006780,2026-05-11,stopped working after a day,255.4,Pending
RET007489,ORD0118883,SKU002589,2025-08-27,changed my mind,229.21,Processed
RET007490,ORD0042268,SKU008973,2025-07-08,Doesn't fit properly,3099.3,Processed
RET007491,ORD0080874,SKU012005,2026-01-10,ordered by mistake,339.75,Processed
RET007492,ORD0093931,SKU001081,2025-10-03,wrong size ordered,1605.47,Processed
RET007493,ORD0112195,SKU004564,2025-01-22,size chart misleading,236.46,Processed
RET007494,ORD0090434,SKU007217,2026-12-12,size too small,1587.81,Processed
RET007495,ORD0093474,SKU001312,2025-04-08,wrong size ordered,658.9,Pending
RET007496,ORD0085364,SKU003719,2025-02-19,battery dead,1982.22,Processed
RET007497,ORD0033382,SKU008698,2026-01-27,didnt fit,1470.36,Processed
RET007498,ORD0088573,SKU010881,2025-10-08,battery dead,337.06,Processed
RET007499,ORD0025531,SKU009216,2026-01-16,colour different from image,694.25,Processed
RET007500,ORD0026539,SKU011856,2025-03-13,not as described,419.55,Pending
RET007501,ORD0088276,SKU010816,2025-06-05,changed my mind,1228.51,Processed
RET007502,ORD0101165,SKU010485,2025-05-20,no longer needed,416.84,Processed
RET007503,ORD0022043,SKU003509,2025-01-29,too tight,3074.37,Pending
RET007504,ORD0047767,SKU000087,2026-03-25,packaging torn item broken,270.57,Processed
RET007505,ORD0001629,SKU002383,2025-11-03,didnt fit,206.68,Processed
RET007506,ORD0029758,SKU000723,2025-02-26,size chart misleading,705.41,Processed
RET007507,ORD0080832,SKU005842,2025-02-15,SIZE PROBLEM,732.64,Processed
RET007508,ORD0102382,SKU001205,2026-02-26,defective piece,837.83,Processed
RET007509,ORD0010536,SKU004049,2026-05-12,item damaged,1913.97,Processed
RET007510,ORD0066146,SKU005616,2026-07-04,Size issue,1421.31,Rejected
RET007511,ORD0045165,SKU003565,2026-07-21,too tight,256.35,Processed
RET007512,ORD0058881,SKU000989,2025-04-06,SIZE PROBLEM,2115.88,Processed
RET007513,ORD0044477,SKU000672,2026-06-28,Size issue,1349.76,Processed
RET007514,ORD0092079,SKU011519,2026-06-06,quality not as expected,1355.42,Processed
RET007515,ORD0056825,SKU006849,2025-08-23,Doesn't fit properly,277.82,Processed
RET007516,ORD0086620,SKU011131,2025-01-20,not as described,449.02,Rejected
RET007517,ORD0119231,SKU002554,2025-07-31,broken on arrival,862.27,Processed
RET007518,ORD0087345,SKU007226,2025-11-05,different sku received,1235.59,Processed
RET007519,ORD0025603,SKU008757,2025-12-06,Size issue,223.43,Processed
RET007520,ORD0007994,SKU008293,2026-05-02,quality not as expected,655.2,Pending
RET007521,ORD0007889,SKU001282,2025-03-31,stopped working after a day,513.96,Processed
RET007522,ORD0029964,SKU003314,2026-06-03,product was cracked,4196.38,Processed
RET007523,ORD0059384,SKU010762,2026-05-04,arrived damaged!!,457.27,Processed
RET007524,ORD0067148,SKU003226,2025-02-23,SIZE PROBLEM,1118.02,Pending
RET007525,ORD0057776,SKU011189,2026-12-24,misleading description,686.88,Pending
RET007526,ORD0017696,SKU005599,2025-07-06,not as described,188.97,Processed
RET007527,ORD0024043,SKU009692,2025-05-31,Quality issue,668.75,Processed
RET007528,ORD0049037,SKU010672,2025-12-11,misleading description,1105.82,Processed
RET007529,ORD0047359,SKU004007,2026-01-08,not working,194.28,Processed
RET007530,ORD0107899,SKU001856,2025-07-04,changed my mind,365.03,Pending
RET007531,ORD0110792,SKU012221,2025-08-01,found cheaper elsewhere,486.93,Processed
RET007532,ORD0034397,SKU009344,2026-04-12,item damaged,184.38,Processed
RET007533,ORD0046461,SKU004856,2026-06-24,Size issue,522.23,Processed
RET007534,ORD0117575,SKU008783,2025-11-17,wrong item sent,2103.39,Rejected
RET007535,ORD0015155,SKU012082,2025-07-22,size chart misleading,166.56,Pending
RET007536,ORD0109007,SKU012437,2025-07-10,found cheaper elsewhere,3115.86,Processed
RET007537,ORD0065569,SKU010633,2025-10-29,not durable,615.86,Processed
RET007538,ORD0073159,SKU000799,2025-09-15,Damaged in transit,1096.9,Processed
RET007539,ORD0046583,SKU000649,2025-09-26,poor quality,111.3,Processed
RET007540,ORD0080753,SKU005409,2026-02-01,Not what I ordered,532.68,Processed
RET007541,ORD0052412,SKU002482,2025-10-05,item damaged,679.47,Processed
RET007542,ORD0010602,SKU000975,2025-12-20,size chart misleading,512.77,Processed
RET007543,ORD0034424,SKU006301,2026-02-28,Not what I ordered,1410.74,Processed
RET007544,ORD0053188,SKU011907,2025-07-05,different sku received,736.23,Processed
RET007545,ORD0011052,SKU009736,2026-04-05,colour different from image,127.99,Processed
RET007546,ORD0069202,SKU005275,2025-06-09,not as described,1179.24,Processed
RET007547,ORD0062939,SKU002111,2025-05-20,misleading description,384.52,Processed
RET007548,ORD0054803,SKU010646,2026-06-15,different sku received,703.88,Processed
RET007549,ORD0026324,SKU006680,2025-01-29,poor quality,448.07,Processed
RET007550,ORD0005503,SKU003778,2025-02-23,Quality issue,387.68,Processed
RET007551,ORD0106322,SKU012407,2025-10-14,cheap material,196.61,Processed
RET007552,ORD0058881,SKU003493,2025-03-27,wrong item sent,155.93,Processed
RET007553,ORD0027385,SKU010733,2025-06-14,size too small,336.21,Processed
RET007554,ORD0109846,SKU008747,2026-06-18,SIZE PROBLEM,368.68,Processed
RET007555,ORD0001047,SKU011859,2025-06-21,SIZE PROBLEM,938.26,Pending
RET007556,ORD0089835,SKU007684,2025-03-19,arrived damaged!!,564.25,Processed
RET007557,ORD0077479,SKU008962,2026-04-20,too tight,1572.17,Processed
RET007558,ORD0031224,SKU007894,2026-02-23,delivered too late,1262.77,Processed
RET007559,ORD0045194,SKU003538,2025-05-22,not as described,1187.96,Processed
RET007560,ORD0060159,SKU003313,2025-06-26,received different product,308.91,Processed
RET007561,ORD0094498,SKU007165,2025-11-01,didnt fit,199.27,Processed
RET007562,ORD0044503,SKU002729,2025-08-12,late delivery no longer needed,841.26,Processed
RET007563,ORD0064232,SKU000426,2025-07-16,size too small,792.33,Processed
RET007564,ORD0093437,SKU006071,2025-05-07,packaging torn item broken,954.22,Processed
RET007565,ORD0003829,SKU006871,2025-10-29,wrong colour delivered,334.47,Processed
RET007566,ORD0029286,SKU002225,2025-10-25,not working,355.64,Processed
RET007567,ORD0024306,SKU008120,2026-03-01,delivered too late,869.36,Processed
RET007568,ORD0014346,SKU006752,2026-05-26,quality not as expected,1106.7,Processed
RET007569,ORD0032607,SKU009216,2026-01-07,quality not as expected,1011.28,Processed
RET007570,ORD0118969,SKU001070,2025-10-20,changed my mind,1057.14,Processed
RET007571,ORD0102558,SKU007299,2026-07-09,Size issue,71.27,Pending
RET007572,ORD0098389,SKU006344,2025-06-13,different sku received,381.53,Processed
RET007573,ORD0054765,SKU008222,2025-04-05,Doesn't fit properly,69.47,Processed
RET007574,ORD0032554,SKU007434,2025-02-19,not working,818.68,Processed
RET007575,ORD0083268,SKU008855,2025-10-07,fabric quality bad,387.99,Rejected
RET007576,ORD0018104,SKU001154,2025-06-20,delivered too late,348.29,Processed
RET007577,ORD0118641,SKU009885,2025-07-12,cheap material,524.56,Processed
RET007578,ORD0077847,SKU000542,2026-06-20,found cheaper elsewhere,56.55,Processed
RET007579,ORD0002757,SKU010287,2025-11-18,arrived damaged!!,760.91,Processed
RET007580,ORD0010750,SKU010881,2026-12-09,size chart misleading,102.98,Processed
RET007581,ORD0092536,SKU008917,2026-05-05,wrong size ordered,996.85,Processed
RET007582,ORD0051766,SKU008801,2026-02-07,delivered too late,588.25,Processed
RET007583,ORD0079784,SKU003675,2026-06-27,too tight,268.2,Processed
RET007584,ORD0015296,SKU011419,2025-03-11,fabric quality bad,394.54,Processed
RET007585,ORD0093341,SKU005242,2025-07-28,not as described,2240.85,Pending
RET007586,ORD0099339,SKU003276,2025-09-11,wrong item sent,165.77,Processed
RET007587,ORD0018511,SKU003140,2025-07-09,size too small,714.24,Processed
RET007588,ORD0018102,SKU012292,2026-01-27,too tight,687.06,Processed
RET007589,ORD0003976,SKU003904,2025-04-21,broken on arrival,992.64,Processed
RET007590,ORD0010540,SKU002786,2025-12-29,received different product,678.03,Processed
RET007591,ORD0071401,SKU001056,2025-04-22,misleading description,628.53,Processed
RET007592,ORD0011197,SKU010812,2025-05-22,stopped working after a day,181.89,Processed
RET007593,ORD0013893,SKU005389,2025-04-22,looks different online,256.42,Processed
RET007594,ORD0031231,SKU006680,2025-06-28,dont want it now,947.74,Processed
RET007595,ORD0018981,SKU005571,2025-10-17,dont want it now,650.57,Processed
RET007596,ORD0060121,SKU009337,2025-03-03,packaging torn item broken,269.44,Processed
RET007597,ORD0113293,SKU000690,2025-05-06,misleading description,463.59,Processed
RET007598,ORD0084573,SKU005457,2025-10-29,Damaged in transit,474.02,Processed
RET007599,ORD0022342,SKU009094,2025-09-15,fabric quality bad,4204.55,Processed
RET007600,ORD0052794,SKU001653,2025-08-09,didnt fit,405.75,Processed
RET007601,ORD0061420,SKU008795,2026-03-16,not durable,281.41,Processed
RET007602,ORD0072728,SKU003621,2026-11-04,too tight,578.25,Processed
RET007603,ORD0062277,SKU004810,2026-02-10,poor quality,460.89,Processed
RET007604,ORD0010375,SKU002802,2025-11-02,no longer needed,535.86,Processed
RET007605,ORD0025619,SKU001340,2026-04-01,delivered too late,971.93,Processed
RET007606,ORD0040439,SKU005110,2025-05-08,wrong size ordered,451.38,Processed
RET007607,ORD0108619,SKU004232,2025-10-29,size chart misleading,611.84,Processed
RET007608,ORD0002701,SKU008175,2025-01-29,received different product,259.37,Processed
RET007609,ORD0046017,SKU008562,2025-11-23,too tight,565.44,Processed
RET007610,ORD0070721,SKU000096,2025-10-01,too tight,488.74,Processed
RET007611,ORD0071905,SKU011971,2026-03-28,quality not as expected,90.8,Processed
RET007612,ORD0049798,SKU005720,2025-07-04,SIZE PROBLEM,256.19,Processed
RET007613,ORD0080203,SKU010082,2026-05-02,Quality issue,2079.25,Rejected
RET007614,ORD0040808,SKU010114,2025-04-09,wrong size ordered,679.46,Rejected
RET007615,ORD0116463,SKU001554,2025-03-14,Not what I ordered,594.29,Processed
RET007616,ORD0045165,SKU010729,2026-07-19,looks different online,243.37,Processed
RET007617,ORD0077554,SKU005140,2025-12-25,packaging torn item broken,784.17,Processed
RET007618,ORD0006648,SKU003365,2025-04-17,broken on arrival,1053.29,Processed
RET007619,ORD0054738,SKU000541,2025-11-20,item damaged,470.62,Processed
RET007620,ORD0013055,SKU002769,2026-04-17,changed my mind,1582.87,Processed
RET007621,ORD0111927,SKU006900,2025-02-19,SIZE PROBLEM,529.46,Processed
RET007622,ORD0022486,SKU006814,2025-12-24,arrived damaged!!,363.83,Processed
RET007623,ORD0045857,SKU005729,2026-05-19,Doesn't fit properly,366.02,Processed
RET007624,ORD0023963,SKU008506,2025-01-19,size too small,531.66,Processed
RET007625,ORD0075029,SKU010498,2026-05-01,wrong size ordered,225.48,Processed
RET007626,ORD0001043,SKU002758,2025-09-20,ordered by mistake,604.13,Processed
RET007627,ORD0006305,SKU012160,2025-12-11,misleading description,390.77,Processed
RET007628,ORD0100986,SKU001419,2025-08-02,SIZE PROBLEM,1418.99,Pending
RET007629,ORD0046057,SKU000750,2026-11-03,received different product,127.69,Processed
RET007630,ORD0110508,SKU003584,2025-07-15,quality not as expected,624.38,Pending
RET007631,ORD0053469,SKU011940,2025-11-06,Damaged in transit,372.88,Processed
RET007632,ORD0016303,SKU006888,2025-04-20,arrived damaged!!,1371.07,Processed
RET007633,ORD0012617,SKU001285,2025-01-15,fabric quality bad,398.97,Processed
RET007634,ORD0070971,SKU004592,2025-02-26,Not what I ordered,159.23,Pending
RET007635,ORD0117585,SKU002287,2026-05-01,not as described,1187.99,Processed
RET007636,ORD0062692,SKU000064,2026-01-17,quality not as expected,1945.13,Pending
RET007637,ORD0068383,SKU007224,2025-07-26,item damaged,654.94,Processed
RET007638,ORD0074229,SKU011045,2026-12-04,size chart misleading,174.6,Processed
RET007639,ORD0068458,SKU001301,2025-08-16,size chart misleading,1371.53,Pending
RET007640,ORD0042884,SKU004252,2025-10-26,quality not as expected,720.81,Rejected
RET007641,ORD0067597,SKU007924,2025-10-22,found cheaper elsewhere,1067.99,Processed
RET007642,ORD0066619,SKU011399,2025-12-09,size too small,811.65,Processed
RET007643,ORD0066619,SKU008317,2025-12-10,broken on arrival,320.01,Processed
RET007644,ORD0077002,SKU008721,2025-05-03,Size issue,1142.05,Processed
RET007645,ORD0115010,SKU004237,2025-11-22,changed my mind,684.15,Processed
RET007646,ORD0071262,SKU004890,2026-03-06,arrived damaged!!,320.15,Processed
RET007647,ORD0092436,SKU002781,2025-12-08,packaging torn item broken,360.37,Processed
RET007648,ORD0068872,SKU004412,2026-05-11,received different product,565.71,Processed
RET007649,ORD0101197,SKU002585,2025-02-09,changed my mind,728.98,Rejected
RET007650,ORD0040591,SKU008605,2026-11-17,device faulty,322.73,Processed
RET007651,ORD0090896,SKU006398,2025-09-28,arrived damaged!!,248.1,Processed
RET007652,ORD0021092,SKU003960,2026-04-09,cheap material,1285.72,Processed
RET007653,ORD0001114,SKU005106,2025-07-19,not durable,918.22,Processed
RET007654,ORD0091058,SKU011210,2025-05-07,Doesn't fit properly,478.12,Processed
RET007655,ORD0098611,SKU008060,2025-09-05,Doesn't fit properly,930.07,Processed
RET007656,ORD0082271,SKU008377,2025-07-08,wrong colour delivered,370.68,Processed
RET007657,ORD0097219,SKU002957,2025-08-15,wrong item sent,186.48,Processed
RET007658,ORD0097875,SKU003657,2025-08-16,wrong item sent,448.25,Processed
RET007659,ORD0103049,SKU002563,2026-03-28,product was cracked,852.95,Processed
RET007660,ORD0059907,SKU011167,2025-11-08,poor quality,198.78,Processed
RET007661,ORD0053011,SKU012049,2026-03-16,size too small,494.97,Processed
RET007662,ORD0027971,SKU012409,2025-05-26,changed my mind,1856.63,Processed
RET007663,ORD0109346,SKU006719,2025-05-18,size chart misleading,532.69,Processed
RET007664,ORD0116458,SKU005849,2025-01-29,stopped working after a day,3252.35,Processed
RET007665,ORD0067402,SKU012376,2025-12-08,wrong colour delivered,319.26,Processed
RET007666,ORD0107360,SKU007534,2025-08-20,size too small,949.6,Rejected
RET007667,ORD0096832,SKU003925,2025-01-06,wrong item sent,329.79,Processed
RET007668,ORD0052681,SKU010061,2025-05-21,product was cracked,328.73,Processed
RET007669,ORD0071896,SKU005442,2025-02-28,dont want it now,382.43,Processed
RET007670,ORD0062537,SKU010848,2025-08-17,cheap material,1028.97,Pending
RET007671,ORD0017763,SKU007292,2026-04-22,stopped working after a day,395.07,Processed
RET007672,ORD0035483,SKU005298,2025-09-22,too tight,1654.74,Processed
RET007673,ORD0111846,SKU009699,2025-04-13,ordered by mistake,189.9,Processed
RET007674,ORD0099614,SKU009328,2025-12-27,misleading description,380.29,Processed
RET007675,ORD0090065,SKU008714,2025-10-13,misleading description,1225.23,Processed
RET007676,ORD0025774,SKU010708,2025-02-11,stopped working after a day,801.15,Processed
RET007677,ORD0105724,SKU006162,2025-07-28,Quality issue,575.3,Pending
RET007678,ORD0118213,SKU001637,2026-06-23,didnt fit,3056.74,Pending
RET007679,ORD0119630,SKU009410,2025-03-27,stopped working after a day,1622.71,Processed
RET007680,ORD0003403,SKU002903,2025-04-18,arrived damaged!!,1479.45,Processed
RET007681,ORD0045408,SKU012247,2025-03-04,Doesn't fit properly,193.66,Processed
RET007682,ORD0042821,SKU002543,2025-04-11,quality not as expected,1002.69,Processed
RET007683,ORD0029790,SKU009806,2026-11-22,Doesn't fit properly,2411.27,Processed
RET007684,ORD0026059,SKU003530,2025-05-31,ordered by mistake,770.73,Processed
RET007685,ORD0037079,SKU009725,2025-09-25,device faulty,407.83,Processed
RET007686,ORD0093230,SKU009131,2026-04-14,quality not as expected,171.29,Processed
RET007687,ORD0062791,SKU002573,2025-10-13,broken on arrival,873.04,Processed
RET007688,ORD0113294,SKU001261,2025-11-02,device faulty,1113.38,Processed
RET007689,ORD0041830,SKU007574,2025-03-20,size too small,977.04,Processed
RET007690,ORD0048433,SKU011214,2025-08-21,cheap material,699.19,Processed
RET007691,ORD0025619,SKU001237,2026-04-08,wrong size ordered,440.62,Processed
RET007692,ORD0072316,SKU002271,2025-11-25,cheap material,2181.71,Processed
RET007693,ORD0105684,SKU007924,2026-01-14,wrong size ordered,1626.83,Processed
RET007694,ORD0005474,SKU011053,2025-09-10,SIZE PROBLEM,1459.38,Processed
RET007695,ORD0095329,SKU003730,2026-10-21,packaging torn item broken,184.92,Processed
RET007696,ORD0067838,SKU009984,2026-01-12,defective piece,363.43,Processed
RET007697,ORD0029790,SKU007145,2026-11-04,packaging torn item broken,655.23,Pending
RET007698,ORD0031471,SKU000115,2025-02-23,received different product,257.99,Processed
RET007699,ORD0105477,SKU005383,2026-10-23,Size issue,117.85,Processed
RET007700,ORD0089433,SKU001532,2025-11-11,arrived damaged!!,1279.57,Processed
RET007701,ORD0028607,SKU011845,2026-04-24,arrived after event,578.16,Processed
RET007702,ORD0004384,SKU011731,2026-03-10,different sku received,2509.81,Processed
RET007703,ORD0105876,SKU005626,2025-04-04,SIZE PROBLEM,1276.49,Processed
RET007704,ORD0013392,SKU010777,2025-05-02,packaging torn item broken,837.91,Processed
RET007705,ORD0062394,SKU011289,2025-12-25,found cheaper elsewhere,83.97,Processed
RET007706,ORD0006328,SKU008811,2026-04-13,packaging torn item broken,55.38,Rejected
RET007707,ORD0059883,SKU006425,2026-04-25,received different product,566.79,Processed
RET007708,ORD0009653,SKU010130,2026-05-21,SIZE PROBLEM,2152.06,Processed
RET007709,ORD0060829,SKU003106,2025-11-20,didnt fit,564.91,Processed
RET007710,ORD0113308,SKU001694,2025-08-02,arrived after event,148.59,Processed
RET007711,ORD0084573,SKU004332,2025-10-16,product was cracked,477.0,Processed
RET007712,ORD0105462,SKU007858,2025-04-19,fabric quality bad,976.46,Processed
RET007713,ORD0071924,SKU010747,2026-01-14,packaging torn item broken,201.28,Processed
RET007714,ORD0017765,SKU000544,2026-10-14,Not what I ordered,583.74,Processed
RET007715,ORD0026706,SKU008744,2026-02-20,didnt fit,586.85,Processed
RET007716,ORD0022705,SKU001459,2026-02-14,Doesn't fit properly,451.18,Processed
RET007717,ORD0010349,SKU002632,2025-12-16,received different product,537.21,Processed
RET007718,ORD0037493,SKU004389,2026-05-21,Damaged in transit,451.12,Processed
RET007719,ORD0015845,SKU000239,2025-06-21,fabric quality bad,2920.88,Processed
RET007720,ORD0104821,SKU003656,2025-03-02,Size issue,2252.67,Pending
RET007721,ORD0077691,SKU006103,2026-07-25,Doesn't fit properly,200.69,Processed
RET007722,ORD0043318,SKU007500,2025-11-24,size too small,1555.38,Processed
RET007723,ORD0113216,SKU003425,2026-12-11,SIZE PROBLEM,557.92,Processed
RET007724,ORD0105791,SKU000049,2025-12-28,wrong item sent,1517.94,Processed
RET007725,ORD0011228,SKU003266,2025-11-08,looks different online,273.15,Processed
RET007726,ORD0112795,SKU001136,2026-04-16,Size issue,184.87,Processed
RET007727,ORD0114072,SKU005269,2026-11-23,size too small,2497.69,Pending
RET007728,ORD0046001,SKU006281,2025-05-22,didnt fit,1351.24,Pending
RET007729,ORD0010324,SKU006276,2026-02-14,colour different from image,190.04,Processed
RET007730,ORD0108404,SKU006104,2025-03-01,Doesn't fit properly,1240.09,Pending
RET007731,ORD0081322,SKU011724,2025-03-26,didnt fit,644.29,Processed
RET007732,ORD0066556,SKU007867,2025-12-26,Doesn't fit properly,927.35,Processed
RET007733,ORD0108685,SKU004914,2025-08-16,wrong size ordered,134.58,Processed
RET007734,ORD0041397,SKU011904,2026-02-17,received different product,400.01,Processed
RET007735,ORD0048749,SKU004970,2026-01-03,misleading description,794.79,Pending
RET007736,ORD0110901,SKU010415,2025-11-09,wrong colour delivered,1065.49,Processed
RET007737,ORD0046960,SKU003506,2025-01-28,quality not as expected,1043.02,Processed
RET007738,ORD0049721,SKU007167,2025-07-31,quality not as expected,771.77,Processed
RET007739,ORD0018917,SKU007315,2025-04-17,size too small,1103.87,Processed
RET007740,ORD0046030,SKU009521,2025-07-04,misleading description,501.64,Pending
RET007741,ORD0033647,SKU010485,2025-11-27,cheap material,867.11,Processed
RET007742,ORD0108258,SKU001608,2026-06-10,fabric quality bad,240.24,Processed
RET007743,ORD0077392,SKU000326,2025-01-03,ordered by mistake,177.09,Processed
RET007744,ORD0057469,SKU007954,2025-07-29,quality not as expected,213.87,Processed
RET007745,ORD0115086,SKU002005,2025-10-10,Doesn't fit properly,386.76,Processed
RET007746,ORD0020321,SKU012184,2025-05-19,SIZE PROBLEM,165.86,Processed
RET007747,ORD0101768,SKU012361,2025-09-23,size chart misleading,1405.58,Processed
RET007748,ORD0060139,SKU011629,2025-06-28,Quality issue,451.18,Processed
RET007749,ORD0060212,SKU010380,2025-04-27,fabric quality bad,645.95,Processed
RET007750,ORD0118553,SKU005436,2025-09-17,Size issue,1052.89,Processed
RET007751,ORD0062728,SKU004208,2025-02-04,size chart misleading,244.3,Processed
RET007752,ORD0030115,SKU009929,2025-11-06,size chart misleading,244.8,Processed
RET007753,ORD0010540,SKU010925,2025-12-26,Size issue,1080.93,Processed
RET007754,ORD0088879,SKU005092,2025-11-03,size chart misleading,1702.61,Processed
RET007755,ORD0101668,SKU008096,2025-03-07,arrived damaged!!,931.84,Processed
RET007756,ORD0019765,SKU007440,2026-01-28,misleading description,1051.02,Processed
RET007757,ORD0048313,SKU003659,2026-06-27,Not what I ordered,865.48,Processed
RET007758,ORD0054178,SKU011312,2025-03-16,wrong colour delivered,2176.72,Processed
RET007759,ORD0029318,SKU002181,2026-01-10,arrived damaged!!,312.12,Processed
RET007760,ORD0096563,SKU008634,2026-12-20,late delivery no longer needed,5274.26,Pending
RET007761,ORD0041862,SKU004271,2025-03-30,Quality issue,400.91,Processed
RET007762,ORD0077845,SKU011266,2025-10-28,quality not as expected,581.02,Processed
RET007763,ORD0101021,SKU002787,2025-10-20,size chart misleading,841.26,Processed
RET007764,ORD0033251,SKU007551,2025-05-19,arrived after event,209.93,Processed
RET007765,ORD0117994,SKU008625,2025-07-25,defective piece,310.14,Processed
RET007766,ORD0006305,SKU005585,2025-12-21,Not what I ordered,222.51,Pending
RET007767,ORD0068661,SKU005026,2025-10-20,changed my mind,732.95,Rejected
RET007768,ORD0000395,SKU008034,2025-08-26,wrong item sent,1528.06,Processed
RET007769,ORD0020721,SKU005798,2025-10-03,Quality issue,367.64,Processed
RET007770,ORD0025484,SKU005112,2025-03-25,size too small,849.22,Processed
RET007771,ORD0018981,SKU001584,2025-10-24,too tight,2653.92,Processed
RET007772,ORD0047390,SKU005903,2026-03-12,wrong size ordered,815.94,Processed
RET007773,ORD0085637,SKU003907,2025-01-07,battery dead,525.23,Pending
RET007774,ORD0075263,SKU009015,2026-01-06,different sku received,730.1,Processed
RET007775,ORD0080883,SKU009762,2026-02-02,Doesn't fit properly,244.09,Processed
RET007776,ORD0105147,SKU010006,2026-03-24,dont want it now,1134.02,Processed
RET007777,ORD0114238,SKU002376,2026-03-04,fabric quality bad,208.25,Processed
RET007778,ORD0062342,SKU000640,2025-11-08,Doesn't fit properly,527.19,Processed
RET007779,ORD0106505,SKU000561,2025-10-04,didnt fit,698.9,Processed
RET007780,ORD0043403,SKU007657,2025-01-25,quality not as expected,883.05,Rejected
RET007781,ORD0021032,SKU009077,2025-05-13,battery dead,301.06,Processed
RET007782,ORD0063934,SKU007127,2025-08-30,Quality issue,595.46,Processed
RET007783,ORD0015084,SKU000757,2025-03-30,Doesn't fit properly,127.12,Processed
RET007784,ORD0043929,SKU000634,2025-09-12,packaging torn item broken,685.22,Processed
RET007785,ORD0092024,SKU010768,2026-03-11,size too small,421.66,Processed
RET007786,ORD0027902,SKU006106,2025-11-02,size chart misleading,1111.84,Processed
RET007787,ORD0099735,SKU010972,2026-04-10,Damaged in transit,243.83,Processed
RET007788,ORD0086582,SKU004350,2026-02-26,Delayed delivery,485.96,Processed
RET007789,ORD0014906,SKU007404,2025-04-12,found cheaper elsewhere,68.61,Processed
RET007790,ORD0060297,SKU007807,2026-06-08,colour different from image,1781.89,Processed
RET007791,ORD0021840,SKU004961,2025-07-17,no longer needed,215.05,Processed
RET007792,ORD0030429,SKU000001,2025-02-14,different from website photo,536.13,Processed
RET007793,ORD0053430,SKU010843,2025-10-02,wrong item sent,1180.58,Processed
RET007794,ORD0037782,SKU010775,2025-03-02,defective piece,481.39,Processed
RET007795,ORD0094806,SKU000123,2025-12-04,arrived after event,1781.62,Processed
RET007796,ORD0088276,SKU004067,2025-06-17,different sku received,476.03,Pending
RET007797,ORD0028003,SKU005233,2026-01-07,Doesn't fit properly,762.81,Processed
RET007798,ORD0036862,SKU010351,2025-11-14,Doesn't fit properly,1153.47,Processed
RET007799,ORD0024071,SKU001019,2026-03-04,SIZE PROBLEM,251.9,Processed
RET007800,ORD0050029,SKU005541,2025-07-19,packaging torn item broken,425.1,Processed
RET007801,ORD0072729,SKU008495,2025-10-10,defective piece,461.53,Processed
RET007802,ORD0062375,SKU004205,2026-05-05,found cheaper elsewhere,798.82,Processed
RET007803,ORD0065224,SKU004133,2025-04-25,Not what I ordered,411.13,Processed
RET007804,ORD0076459,SKU008988,2025-03-14,packaging torn item broken,745.99,Processed
RET007805,ORD0040305,SKU002228,2025-08-07,wrong size ordered,494.15,Processed
RET007806,ORD0004299,SKU004999,2026-11-19,too tight,1562.02,Rejected
RET007807,ORD0035097,SKU005158,2026-05-29,arrived damaged!!,1002.15,Processed
RET007808,ORD0014925,SKU004765,2025-11-20,device faulty,427.58,Processed
RET007809,ORD0051565,SKU001670,2025-06-14,too tight,1901.04,Processed
RET007810,ORD0096176,SKU005090,2025-09-21,arrived damaged!!,179.85,Processed
RET007811,ORD0008172,SKU011971,2025-03-20,Doesn't fit properly,616.1,Processed
RET007812,ORD0017372,SKU007828,2025-11-04,late delivery no longer needed,109.57,Processed
RET007813,ORD0006305,SKU002369,2025-12-20,poor quality,187.94,Pending
RET007814,ORD0031219,SKU004890,2026-04-01,cheap material,601.87,Processed
RET007815,ORD0037069,SKU005172,2025-03-26,device faulty,1235.09,Processed
RET007816,ORD0080179,SKU009790,2026-02-04,too tight,794.54,Processed
RET007817,ORD0045155,SKU012002,2025-02-22,late delivery no longer needed,1466.27,Processed
RET007818,ORD0098567,SKU007622,2025-07-26,Size issue,1995.3,Processed
RET007819,ORD0091199,SKU003114,2026-05-17,battery dead,1216.53,Processed
RET007820,ORD0016042,SKU001351,2025-01-27,different from website photo,1288.98,Processed
RET007821,ORD0057365,SKU001996,2026-03-16,broken on arrival,1385.75,Processed
RET007822,ORD0023815,SKU010777,2026-05-07,changed my mind,112.6,Pending
RET007823,ORD0018371,SKU010344,2026-04-18,Size issue,582.86,Processed
RET007824,ORD0053071,SKU012419,2025-09-23,looks different online,1733.39,Processed
RET007825,ORD0111341,SKU011270,2026-04-27,didnt fit,1143.38,Pending
RET007826,ORD0094307,SKU004939,2026-05-26,broken on arrival,1683.3,Processed
RET007827,ORD0039645,SKU009796,2026-05-05,poor quality,649.15,Processed
RET007828,ORD0000956,SKU006279,2025-03-28,delivered too late,2254.62,Pending
RET007829,ORD0088559,SKU003787,2025-03-06,changed my mind,441.42,Rejected
RET007830,ORD0103539,SKU004856,2025-09-24,ordered by mistake,97.78,Processed
RET007831,ORD0027296,SKU012171,2025-03-21,battery dead,3361.49,Processed
RET007832,ORD0026829,SKU003386,2025-08-03,dont want it now,947.26,Processed
RET007833,ORD0075129,SKU008281,2025-07-15,Not what I ordered,508.22,Processed
RET007834,ORD0106467,SKU008912,2026-01-27,wrong colour delivered,623.79,Processed
RET007835,ORD0034512,SKU006683,2025-04-09,wrong size ordered,202.67,Processed
RET007836,ORD0066420,SKU001070,2025-08-01,packaging torn item broken,1616.56,Processed
RET007837,ORD0107360,SKU002237,2025-09-11,fabric quality bad,115.85,Processed
RET007838,ORD0061756,SKU010569,2025-08-10,didnt fit,1953.01,Processed
RET007839,ORD0104040,SKU001443,2025-12-07,item damaged,1139.78,Processed
RET007840,ORD0107383,SKU009798,2025-02-01,late delivery no longer needed,2058.09,Processed
RET007841,ORD0091959,SKU008105,2025-04-23,arrived damaged!!,666.22,Processed
RET007842,ORD0018981,SKU005020,2025-10-11,packaging torn item broken,1333.68,Processed
RET007843,ORD0016974,SKU008348,2025-08-05,didnt fit,1103.43,Processed
RET007844,ORD0111466,SKU010198,2025-11-10,Doesn't fit properly,611.77,Processed
RET007845,ORD0066663,SKU009872,2025-05-15,stopped working after a day,512.21,Processed
RET007846,ORD0001776,SKU006770,2025-07-25,arrived damaged!!,794.18,Pending
RET007847,ORD0083506,SKU009373,2025-04-11,ordered by mistake,1774.99,Processed
RET007848,ORD0037584,SKU005932,2026-05-04,no longer needed,931.13,Pending
RET007849,ORD0060667,SKU009663,2026-03-04,device faulty,728.34,Processed
RET007850,ORD0032461,SKU010295,2026-11-15,arrived damaged!!,605.93,Processed
RET007851,ORD0034170,SKU011717,2026-04-13,not as described,726.24,Processed
RET007852,ORD0043798,SKU000707,2025-11-06,fabric quality bad,365.79,Rejected
RET007853,ORD0040808,SKU001971,2025-04-01,fabric quality bad,1264.08,Processed
RET007854,ORD0054485,SKU012119,2025-04-11,found cheaper elsewhere,201.91,Processed
RET007855,ORD0023494,SKU000419,2025-04-04,changed my mind,1081.52,Processed
RET007856,ORD0060038,SKU002179,2026-04-05,too tight,547.77,Pending
RET007857,ORD0049721,SKU007739,2025-08-10,Size issue,427.2,Processed
RET007858,ORD0026386,SKU000744,2025-08-03,size chart misleading,640.36,Processed
RET007859,ORD0025965,SKU008704,2026-06-06,Not what I ordered,477.99,Processed
RET007860,ORD0063174,SKU002051,2025-10-26,not working,241.93,Processed
RET007861,ORD0029412,SKU005441,2025-11-02,no longer needed,319.88,Processed
RET007862,ORD0075739,SKU009938,2025-12-22,not durable,714.37,Processed
RET007863,ORD0062426,SKU008355,2025-06-17,not as described,767.24,Processed
RET007864,ORD0051370,SKU011564,2026-04-01,colour different from image,690.38,Processed
RET007865,ORD0023910,SKU008233,2026-05-12,stopped working after a day,143.49,Processed
RET007866,ORD0014739,SKU005022,2026-03-31,different sku received,429.83,Pending
RET007867,ORD0115952,SKU009449,2026-03-07,dont want it now,677.56,Processed
RET007868,ORD0062230,SKU001503,2025-07-15,no longer needed,986.97,Processed
RET007869,ORD0106300,SKU010038,2026-11-25,SIZE PROBLEM,391.19,Processed
RET007870,ORD0050242,SKU001528,2026-05-03,Doesn't fit properly,350.31,Processed
RET007871,ORD0052786,SKU010624,2025-05-25,not durable,489.85,Processed
RET007872,ORD0114238,SKU003352,2026-02-27,wrong item sent,1940.79,Processed
RET007873,ORD0055995,SKU009656,2025-02-05,misleading description,599.33,Processed
RET007874,ORD0033436,SKU011601,2025-11-21,quality not as expected,626.09,Processed
RET007875,ORD0016924,SKU001502,2025-08-24,late delivery no longer needed,306.58,Processed
RET007876,ORD0089062,SKU004208,2026-03-16,arrived damaged!!,259.83,Processed
RET007877,ORD0047675,SKU002794,2025-07-30,SIZE PROBLEM,1163.87,Processed
RET007878,ORD0033393,SKU003322,2026-12-12,Size issue,516.33,Processed
RET007879,ORD0083718,SKU009658,2026-05-19,Quality issue,3240.11,Processed
RET007880,ORD0010750,SKU011856,2026-12-08,Not what I ordered,715.04,Pending
RET007881,ORD0058237,SKU001441,2025-01-28,fabric quality bad,1791.63,Processed
RET007882,ORD0080781,SKU008493,2025-03-24,packaging torn item broken,561.7,Processed
RET007883,ORD0019765,SKU000501,2026-02-11,poor quality,432.44,Pending
RET007884,ORD0110439,SKU011156,2026-04-29,stopped working after a day,466.74,Processed
RET007885,ORD0077191,SKU000287,2026-03-21,Quality issue,1561.74,Processed
RET007886,ORD0111225,SKU000825,2025-10-13,packaging torn item broken,243.35,Processed
RET007887,ORD0076568,SKU005605,2026-10-26,different sku received,139.89,Processed
RET007888,ORD0099366,SKU012247,2026-05-16,late delivery no longer needed,509.28,Processed
RET007889,ORD0010708,SKU002527,2026-05-09,didnt fit,916.08,Processed
RET007890,ORD0079326,SKU000421,2025-05-04,Not what I ordered,574.11,Processed
RET007891,ORD0021617,SKU006492,2025-10-27,no longer needed,1084.61,Processed
RET007892,ORD0118432,SKU003787,2025-08-19,fabric quality bad,505.76,Rejected
RET007893,ORD0041830,SKU007221,2025-04-01,no longer needed,544.55,Processed
RET007894,ORD0106034,SKU004834,2025-11-19,item damaged,170.54,Rejected
RET007895,ORD0011020,SKU011562,2026-05-11,size chart misleading,497.44,Pending
RET007896,ORD0056739,SKU010621,2025-07-13,stopped working after a day,130.54,Processed
RET007897,ORD0113490,SKU000430,2026-04-08,wrong size ordered,327.7,Processed
RET007898,ORD0102796,SKU001425,2026-04-03,device faulty,572.86,Processed
RET007899,ORD0052300,SKU009591,2026-05-24,broken on arrival,433.74,Processed
RET007900,ORD0017372,SKU010360,2025-10-22,quality not as expected,643.92,Processed
RET007901,ORD0049131,SKU000744,2025-08-13,different from website photo,355.41,Processed
RET007902,ORD0065069,SKU004988,2025-04-19,wrong size ordered,1204.96,Rejected
RET007903,ORD0115010,SKU005217,2025-11-26,didnt fit,485.29,Processed
RET007904,ORD0007066,SKU003782,2025-11-28,arrived damaged!!,457.11,Processed
RET007905,ORD0092272,SKU004971,2026-02-13,changed my mind,853.95,Processed
RET007906,ORD0074782,SKU010001,2026-06-22,late delivery no longer needed,654.33,Pending
RET007907,ORD0001378,SKU011133,2025-12-23,packaging torn item broken,371.58,Processed
RET007908,ORD0060968,SKU008230,2025-08-19,Damaged in transit,213.56,Processed
RET007909,ORD0005232,SKU006246,2025-09-12,size chart misleading,454.09,Processed
RET007910,ORD0048494,SKU008084,2026-01-29,arrived after event,196.16,Processed
RET007911,ORD0015557,SKU003074,2025-06-06,broken on arrival,623.22,Pending
RET007912,ORD0061462,SKU007004,2025-09-01,fabric quality bad,1091.69,Processed
RET007913,ORD0002620,SKU010020,2025-12-12,wrong item sent,377.36,Processed
RET007914,ORD0065308,SKU009381,2025-11-29,fabric quality bad,2794.76,Rejected
RET007915,ORD0014611,SKU005869,2025-04-16,changed my mind,992.01,Processed
RET007916,ORD0112282,SKU003046,2025-01-06,looks different online,479.67,Processed
RET007917,ORD0028024,SKU000826,2025-02-14,broken on arrival,489.22,Processed
RET007918,ORD0041337,SKU007454,2025-04-13,different from website photo,732.84,Processed
RET007919,ORD0030125,SKU000581,2026-10-28,changed my mind,302.71,Processed
RET007920,ORD0028320,SKU004273,2026-03-14,ordered by mistake,339.85,Processed
RET007921,ORD0066404,SKU004964,2026-06-19,quality not as expected,159.87,Processed
RET007922,ORD0048608,SKU006523,2025-12-08,SIZE PROBLEM,719.99,Processed
RET007923,ORD0057608,SKU007895,2025-11-10,poor quality,407.57,Processed
RET007924,ORD0025719,SKU006689,2025-01-28,broken on arrival,218.52,Processed
RET007925,ORD0062345,SKU007912,2026-06-16,received different product,177.9,Rejected
RET007926,ORD0035343,SKU001597,2026-02-23,SIZE PROBLEM,601.28,Processed
RET007927,ORD0071410,SKU010221,2026-03-27,didnt fit,351.78,Processed
RET007928,ORD0005278,SKU000975,2026-02-27,item damaged,462.61,Processed
RET007929,ORD0063620,SKU001345,2025-10-12,Doesn't fit properly,143.14,Pending
RET007930,ORD0074023,SKU001128,2025-11-02,colour different from image,699.15,Processed
RET007931,ORD0062632,SKU001262,2025-03-14,wrong size ordered,1157.4,Processed
RET007932,ORD0003552,SKU004242,2025-02-20,ordered by mistake,775.74,Processed
RET007933,ORD0096928,SKU008018,2025-04-30,poor quality,521.48,Processed
RET007934,ORD0114388,SKU011959,2025-11-24,Damaged in transit,475.9,Processed
RET007935,ORD0038786,SKU006068,2025-05-25,Not what I ordered,300.15,Processed
RET007936,ORD0082450,SKU009723,2025-02-19,arrived damaged!!,463.48,Processed
RET007937,ORD0095225,SKU006218,2025-11-15,cheap material,919.88,Processed
RET007938,ORD0072564,SKU006740,2025-04-04,too tight,632.25,Processed
RET007939,ORD0060553,SKU008641,2026-03-30,too tight,629.3,Processed
RET007940,ORD0011067,SKU002406,2025-09-18,fabric quality bad,87.58,Processed
RET007941,ORD0078678,SKU004187,2025-05-31,not as described,579.04,Processed
RET007942,ORD0108245,SKU007793,2026-03-19,broken on arrival,291.46,Processed
RET007943,ORD0026073,SKU008294,2025-07-04,stopped working after a day,646.26,Processed
RET007944,ORD0017783,SKU002810,2025-07-18,wrong colour delivered,671.32,Processed
RET007945,ORD0099113,SKU003889,2025-02-10,not working,845.02,Pending
RET007946,ORD0119290,SKU004944,2025-11-14,not durable,1552.83,Processed
RET007947,ORD0098106,SKU004351,2025-05-20,wrong size ordered,919.06,Processed
RET007948,ORD0035595,SKU012363,2025-03-15,Not what I ordered,913.08,Processed
RET007949,ORD0009541,SKU007815,2026-06-23,wrong item sent,941.85,Processed
RET007950,ORD0070065,SKU009923,2025-12-08,arrived damaged!!,552.73,Processed
RET007951,ORD0094012,SKU008943,2025-07-20,dont want it now,817.46,Processed
RET007952,ORD0026078,SKU005409,2026-02-01,poor quality,503.07,Processed
RET007953,ORD0101456,SKU000345,2026-12-10,Quality issue,178.62,Processed
RET007954,ORD0052993,SKU000853,2026-02-20,Size issue,212.97,Processed
RET007955,ORD0054765,SKU005405,2025-03-15,item damaged,510.38,Processed
RET007956,ORD0102301,SKU009712,2025-10-13,item damaged,330.54,Pending
RET007957,ORD0021279,SKU001290,2025-11-20,product was cracked,374.21,Processed
RET007958,ORD0071150,SKU005128,2026-03-09,too tight,734.46,Processed
RET007959,ORD0074827,SKU005097,2025-12-20,Damaged in transit,186.75,Processed
RET007960,ORD0103003,SKU010497,2025-07-05,item damaged,3039.24,Processed
RET007961,ORD0063003,SKU011106,2025-08-04,received different product,646.72,Pending
RET007962,ORD0027971,SKU009356,2025-05-26,didnt fit,440.35,Pending
RET007963,ORD0076138,SKU000811,2025-10-29,Damaged in transit,230.35,Processed
RET007964,ORD0119987,SKU003091,2025-11-04,wrong size ordered,188.85,Pending
RET007965,ORD0113490,SKU002455,2026-04-01,misleading description,2387.22,Processed
RET007966,ORD0035767,SKU012293,2026-07-03,item damaged,603.97,Processed
RET007967,ORD0064826,SKU001755,2025-02-24,misleading description,311.06,Processed
RET007968,ORD0046176,SKU007337,2026-12-01,SIZE PROBLEM,592.86,Processed
RET007969,ORD0012872,SKU010916,2026-02-20,Size issue,1410.01,Processed
RET007970,ORD0052253,SKU007851,2025-06-16,arrived damaged!!,445.78,Processed
RET007971,ORD0056147,SKU007078,2025-05-10,size too small,564.87,Rejected
RET007972,ORD0012543,SKU004577,2026-06-24,SIZE PROBLEM,326.07,Processed
RET007973,ORD0098212,SKU009797,2025-01-29,quality not as expected,423.48,Processed
RET007974,ORD0074800,SKU000879,2025-06-17,size chart misleading,880.57,Processed
RET007975,ORD0026453,SKU002748,2025-04-21,broken on arrival,150.83,Processed
RET007976,ORD0058466,SKU000890,2025-12-03,wrong colour delivered,1531.42,Processed
RET007977,ORD0060549,SKU010269,2025-07-12,SIZE PROBLEM,113.67,Pending
RET007978,ORD0081592,SKU002218,2025-12-03,product was cracked,343.93,Processed
RET007979,ORD0031473,SKU008835,2025-04-08,colour different from image,923.52,Processed
RET007980,ORD0105881,SKU010456,2025-02-23,received different product,545.53,Pending
RET007981,ORD0049767,SKU002118,2025-11-17,too tight,4067.03,Processed
RET007982,ORD0107206,SKU009754,2026-05-30,packaging torn item broken,996.13,Processed
RET007983,ORD0109253,SKU003366,2026-02-21,product was cracked,476.59,Processed
RET007984,ORD0065132,SKU002698,2026-03-22,wrong item sent,801.49,Processed
RET007985,ORD0041862,SKU002491,2025-03-15,different from website photo,406.76,Processed
RET007986,ORD0069643,SKU001062,2026-04-24,Damaged in transit,244.39,Processed
RET007987,ORD0070904,SKU001872,2026-12-26,size chart misleading,610.07,Processed
RET007988,ORD0043252,SKU005292,2026-05-11,size chart misleading,271.14,Processed
RET007989,ORD0107324,SKU009545,2026-03-23,Not what I ordered,1231.21,Processed
RET007990,ORD0119121,SKU000172,2025-01-11,looks different online,791.78,Processed
RET007991,ORD0119879,SKU002360,2025-08-04,battery dead,110.07,Processed
RET007992,ORD0041438,SKU002732,2025-10-07,stopped working after a day,125.69,Processed
RET007993,ORD0057583,SKU001136,2026-02-09,different sku received,357.98,Processed
RET007994,ORD0078683,SKU003992,2026-01-24,colour different from image,279.13,Processed
RET007995,ORD0003829,SKU009286,2025-11-01,packaging torn item broken,596.05,Processed
RET007996,ORD0024756,SKU002002,2025-05-06,device faulty,244.27,Processed
RET007997,ORD0051771,SKU011193,2026-05-10,broken on arrival,1199.36,Processed
RET007998,ORD0000906,SKU010555,2025-11-28,didnt fit,1394.17,Processed
RET007999,ORD0110527,SKU008084,2025-12-13,cheap material,707.83,Processed
RET008000,ORD0092288,SKU011920,2026-06-19,changed my mind,579.59,Pending
RET008001,ORD0111330,SKU005955,2025-07-06,didnt fit,1043.95,Rejected
RET008002,ORD0024319,SKU001482,2025-04-26,ordered by mistake,462.6,Processed
RET008003,ORD0029715,SKU001233,2025-01-15,product was cracked,333.6,Processed
RET008004,ORD0107547,SKU001550,2025-04-13,Quality issue,641.74,Processed
RET008005,ORD0108673,SKU000305,2026-04-17,found cheaper elsewhere,1855.32,Processed
RET008006,ORD0118671,SKU007220,2025-10-20,didnt fit,785.21,Processed
RET008007,ORD0012191,SKU010380,2026-03-01,different sku received,890.46,Processed
RET008008,ORD0070245,SKU007501,2025-05-17,quality not as expected,685.45,Processed
RET008009,ORD0031900,SKU008372,2025-08-12,fabric quality bad,1317.51,Processed
RET008010,ORD0104889,SKU004139,2026-10-20,product was cracked,661.96,Processed
RET008011,ORD0112678,SKU004770,2026-06-05,ordered by mistake,586.7,Processed
RET008012,ORD0006388,SKU002084,2025-09-09,SIZE PROBLEM,760.43,Pending
RET008013,ORD0071731,SKU011356,2026-04-17,wrong colour delivered,1063.9,Processed
RET008014,ORD0055460,SKU005282,2026-01-25,poor quality,187.68,Processed
RET008015,ORD0045252,SKU003810,2026-02-01,found cheaper elsewhere,2504.29,Processed
RET008016,ORD0048879,SKU009719,2025-10-14,wrong size ordered,399.59,Pending
RET008017,ORD0066490,SKU001840,2025-06-04,Damaged in transit,745.67,Processed
RET008018,ORD0090099,SKU007549,2025-09-14,colour different from image,407.36,Pending
RET008019,ORD0030637,SKU006135,2026-04-19,product was cracked,408.31,Processed
RET008020,ORD0119565,SKU002346,2026-06-25,ordered by mistake,258.85,Processed
RET008021,ORD0002936,SKU000096,2025-06-04,colour different from image,555.79,Processed
RET008022,ORD0117745,SKU005753,2025-11-30,looks different online,387.23,Processed
RET008023,ORD0047242,SKU009381,2025-10-04,quality not as expected,356.94,Processed
RET008024,ORD0105365,SKU006308,2025-01-30,broken on arrival,132.99,Processed
RET008025,ORD0077862,SKU008939,2025-03-09,arrived after event,1711.6,Processed
RET008026,ORD0053866,SKU005872,2026-12-06,late delivery no longer needed,1595.91,Rejected
RET008027,ORD0099510,SKU008838,2025-12-20,different from website photo,130.5,Processed
RET008028,ORD0067421,SKU008375,2025-11-23,no longer needed,653.76,Processed
RET008029,ORD0118410,SKU002697,2025-10-29,dont want it now,952.48,Processed
RET008030,ORD0004107,SKU006640,2025-11-08,Quality issue,564.52,Processed
RET008031,ORD0017779,SKU004249,2025-05-10,cheap material,1263.81,Processed
RET008032,ORD0056216,SKU007944,2026-03-21,cheap material,1308.29,Rejected
RET008033,ORD0029349,SKU000967,2025-04-29,different sku received,1078.98,Processed
RET008034,ORD0052722,SKU011251,2025-04-05,stopped working after a day,274.0,Processed
RET008035,ORD0115985,SKU002854,2026-12-12,Damaged in transit,2497.76,Processed
RET008036,ORD0057844,SKU005542,2025-09-24,different from website photo,602.7,Processed
RET008037,ORD0011143,SKU007866,2025-09-16,different sku received,257.74,Processed
RET008038,ORD0011143,SKU002373,2025-09-13,broken on arrival,364.85,Processed
RET008039,ORD0051852,SKU009992,2025-11-18,Doesn't fit properly,600.63,Pending
RET008040,ORD0097604,SKU009770,2026-10-18,not as described,705.91,Processed
RET008041,ORD0043754,SKU009829,2026-01-15,didnt fit,359.65,Processed
RET008042,ORD0074064,SKU007377,2026-01-06,found cheaper elsewhere,482.29,Processed
RET008043,ORD0019627,SKU006816,2025-12-14,stopped working after a day,2351.42,Processed
RET008044,ORD0016740,SKU002907,2025-02-22,packaging torn item broken,2443.21,Processed
RET008045,ORD0034354,SKU004827,2025-11-15,didnt fit,1238.37,Processed
RET008046,ORD0088150,SKU009923,2026-05-09,too tight,331.19,Processed
RET008047,ORD0044011,SKU006847,2025-12-05,not durable,1892.22,Processed
RET008048,ORD0032765,SKU007721,2025-02-25,wrong size ordered,1229.97,Processed
RET008049,ORD0017015,SKU005157,2025-05-18,quality not as expected,454.29,Processed
RET008050,ORD0010913,SKU002403,2025-03-03,found cheaper elsewhere,300.27,Processed
RET008051,ORD0080086,SKU005784,2026-03-25,poor quality,126.42,Processed
RET008052,ORD0097134,SKU003738,2026-03-21,no longer needed,638.38,Pending
RET008053,ORD0036399,SKU006090,2025-12-01,battery dead,608.2,Pending
RET008054,ORD0015113,SKU005749,2025-03-16,cheap material,2691.57,Processed
RET008055,ORD0099817,SKU012192,2025-05-08,too tight,2421.76,Processed
RET008056,ORD0055547,SKU008137,2025-10-03,wrong size ordered,410.49,Processed
RET008057,ORD0085506,SKU006064,2026-06-07,Doesn't fit properly,1383.97,Processed
RET008058,ORD0097612,SKU004713,2025-12-07,SIZE PROBLEM,372.65,Processed
RET008059,ORD0061968,SKU005242,2025-01-28,Damaged in transit,675.91,Processed
RET008060,ORD0044642,SKU000177,2026-05-04,quality not as expected,364.56,Processed
RET008061,ORD0085506,SKU003152,2026-06-24,item damaged,969.47,Processed
RET008062,ORD0040363,SKU005900,2025-10-14,Doesn't fit properly,1977.09,Processed
RET008063,ORD0042642,SKU004376,2025-01-26,SIZE PROBLEM,702.53,Processed
RET008064,ORD0081749,SKU000540,2026-03-21,misleading description,2788.1,Processed
RET008065,ORD0018885,SKU001570,2025-09-14,misleading description,1000.65,Processed
RET008066,ORD0069685,SKU004249,2025-11-08,different from website photo,73.73,Processed
RET008067,ORD0029887,SKU006599,2025-04-01,dont want it now,1534.81,Processed
RET008068,ORD0114752,SKU012318,2025-12-17,Not what I ordered,268.02,Pending
RET008069,ORD0108058,SKU004963,2025-10-06,not durable,891.83,Pending
RET008070,ORD0096737,SKU000620,2026-05-18,colour different from image,1190.57,Processed
RET008071,ORD0007599,SKU007089,2026-05-12,dont want it now,868.36,Processed
RET008072,ORD0077927,SKU008891,2026-11-11,broken on arrival,142.95,Pending
RET008073,ORD0110238,SKU011325,2026-02-01,product was cracked,189.32,Processed
RET008074,ORD0111209,SKU011372,2025-07-10,no longer needed,488.98,Processed
RET008075,ORD0013183,SKU000348,2025-11-13,too tight,316.67,Processed
RET008076,ORD0118615,SKU004914,2025-06-12,Damaged in transit,342.14,Processed
RET008077,ORD0078284,SKU009249,2025-11-10,Size issue,445.86,Processed
RET008078,ORD0079236,SKU008019,2026-05-17,not working,560.03,Processed
RET008079,ORD0079938,SKU012471,2026-11-19,size too small,430.43,Processed
RET008080,ORD0085088,SKU003513,2025-03-30,product was cracked,650.32,Processed
RET008081,ORD0076276,SKU002075,2025-12-05,poor quality,1140.99,Processed
RET008082,ORD0028080,SKU000361,2026-02-11,not durable,833.89,Processed
RET008083,ORD0093816,SKU004869,2025-05-18,poor quality,309.53,Processed
RET008084,ORD0057021,SKU010476,2025-08-28,poor quality,962.54,Pending
RET008085,ORD0007822,SKU003611,2025-09-05,product was cracked,543.5,Processed
RET008086,ORD0069463,SKU008408,2026-02-06,Size issue,752.99,Processed
RET008087,ORD0012543,SKU000021,2026-06-24,poor quality,382.69,Processed
RET008088,ORD0043361,SKU011045,2025-04-27,size chart misleading,546.13,Processed
RET008089,ORD0063192,SKU002283,2025-11-02,packaging torn item broken,807.01,Processed
RET008090,ORD0078117,SKU008635,2025-07-10,cheap material,1148.25,Processed
RET008091,ORD0033264,SKU008344,2025-02-08,dont want it now,1278.92,Processed
RET008092,ORD0066626,SKU011538,2026-02-19,didnt fit,359.47,Processed
RET008093,ORD0119723,SKU010067,2026-12-11,didnt fit,483.56,Pending
RET008094,ORD0081030,SKU010487,2026-12-01,Damaged in transit,1124.27,Processed
RET008095,ORD0091959,SKU002027,2025-04-27,item damaged,1851.27,Rejected
RET008096,ORD0068302,SKU011192,2026-02-27,item damaged,272.06,Pending
RET008097,ORD0043693,SKU008510,2026-02-02,arrived after event,838.08,Processed
RET008098,ORD0103694,SKU004352,2026-04-09,size chart misleading,135.03,Processed
RET008099,ORD0108618,SKU004082,2025-02-04,Doesn't fit properly,1314.04,Processed
RET008100,ORD0098391,SKU002390,2025-08-05,wrong colour delivered,369.53,Processed
RET008101,ORD0026720,SKU004723,2025-03-06,Delayed delivery,142.63,Pending
RET008102,ORD0039222,SKU010257,2025-03-28,SIZE PROBLEM,272.28,Processed
RET008103,ORD0006542,SKU000211,2025-05-02,packaging torn item broken,2956.03,Processed
RET008104,ORD0087313,SKU005878,2025-02-04,arrived damaged!!,693.41,Processed
RET008105,ORD0047963,SKU005359,2025-11-29,wrong colour delivered,905.47,Pending
RET008106,ORD0098134,SKU001308,2025-04-20,misleading description,794.97,Processed
RET008107,ORD0103437,SKU007440,2025-08-06,size chart misleading,366.69,Processed
RET008108,ORD0074502,SKU002792,2025-04-01,looks different online,78.58,Processed
RET008109,ORD0031086,SKU003552,2025-06-15,broken on arrival,559.93,Rejected
RET008110,ORD0034889,SKU010121,2025-09-22,Delayed delivery,479.58,Processed
RET008111,ORD0099970,SKU012142,2026-06-24,looks different online,399.57,Rejected
RET008112,ORD0005108,SKU006200,2025-06-20,found cheaper elsewhere,421.37,Processed
RET008113,ORD0056569,SKU000894,2026-03-11,Delayed delivery,171.15,Processed
RET008114,ORD0022705,SKU006485,2026-02-06,device faulty,289.68,Rejected
RET008115,ORD0056729,SKU002817,2026-10-28,SIZE PROBLEM,1103.09,Processed
RET008116,ORD0112678,SKU010126,2026-05-17,product was cracked,460.25,Pending
RET008117,ORD0037029,SKU002201,2025-09-26,SIZE PROBLEM,725.18,Processed
RET008118,ORD0114184,SKU010634,2025-08-26,size chart misleading,350.64,Processed
RET008119,ORD0028080,SKU007825,2026-02-13,misleading description,566.14,Processed
RET008120,ORD0002423,SKU005700,2025-08-10,SIZE PROBLEM,254.79,Processed
RET008121,ORD0035785,SKU000703,2025-03-21,dont want it now,828.81,Processed
RET008122,ORD0033292,SKU005415,2025-04-11,not working,377.94,Processed
RET008123,ORD0009393,SKU001185,2026-06-26,wrong size ordered,900.46,Processed
RET008124,ORD0022884,SKU000771,2025-12-25,wrong colour delivered,836.1,Processed
RET008125,ORD0060076,SKU006800,2025-06-06,not working,576.12,Processed
RET008126,ORD0012485,SKU000044,2026-03-27,Size issue,582.45,Processed
RET008127,ORD0113569,SKU001405,2025-03-03,wrong colour delivered,289.2,Processed
RET008128,ORD0100715,SKU005455,2025-06-11,cheap material,1001.3,Processed
RET008129,ORD0064767,SKU006391,2025-11-21,quality not as expected,101.82,Processed
RET008130,ORD0067946,SKU001629,2026-04-02,didnt fit,1290.98,Processed
RET008131,ORD0022794,SKU003066,2026-02-15,SIZE PROBLEM,1260.59,Processed
RET008132,ORD0068417,SKU000755,2025-11-11,Quality issue,642.65,Processed
RET008133,ORD0016741,SKU006403,2025-06-19,wrong item sent,592.09,Processed
RET008134,ORD0071786,SKU006770,2025-09-26,SIZE PROBLEM,307.94,Processed
RET008135,ORD0040679,SKU004574,2025-04-11,colour different from image,804.29,Pending
RET008136,ORD0081828,SKU004744,2025-06-09,defective piece,572.49,Processed
RET008137,ORD0102301,SKU001448,2025-10-18,Doesn't fit properly,190.16,Processed
RET008138,ORD0116693,SKU006097,2025-08-09,SIZE PROBLEM,1057.09,Processed
RET008139,ORD0077558,SKU011254,2025-10-14,item damaged,219.83,Processed
RET008140,ORD0107847,SKU005642,2026-06-22,arrived after event,281.17,Processed
RET008141,ORD0087348,SKU004609,2026-03-31,Quality issue,126.26,Processed
RET008142,ORD0105973,SKU004811,2025-03-04,not durable,284.0,Processed
RET008143,ORD0044662,SKU005697,2026-04-27,no longer needed,1871.78,Processed
RET008144,ORD0109810,SKU005846,2025-07-25,wrong colour delivered,1998.67,Processed
RET008145,ORD0112559,SKU010396,2026-12-15,arrived damaged!!,384.68,Rejected
RET008146,ORD0017677,SKU000621,2025-04-30,arrived after event,541.4,Processed
RET008147,ORD0087311,SKU009941,2025-04-21,SIZE PROBLEM,1569.46,Processed
RET008148,ORD0014463,SKU000375,2025-05-09,broken on arrival,1071.06,Processed
RET008149,ORD0017487,SKU003785,2026-07-05,quality not as expected,144.66,Processed
RET008150,ORD0091915,SKU011276,2026-05-01,didnt fit,530.93,Processed
RET008151,ORD0093764,SKU004848,2025-04-10,Doesn't fit properly,1068.16,Processed
RET008152,ORD0052317,SKU005787,2025-05-24,quality not as expected,156.0,Processed
RET008153,ORD0080874,SKU009647,2026-01-04,wrong item sent,568.16,Processed
RET008154,ORD0047234,SKU003703,2026-02-24,arrived damaged!!,774.36,Processed
RET008155,ORD0109340,SKU001976,2025-03-03,no longer needed,481.8,Processed
RET008156,ORD0080024,SKU012188,2025-07-13,item damaged,620.39,Processed
RET008157,ORD0111043,SKU011953,2026-07-04,fabric quality bad,569.57,Processed
RET008158,ORD0040591,SKU003288,2026-10-23,size chart misleading,371.63,Processed
RET008159,ORD0042585,SKU001244,2026-10-10,SIZE PROBLEM,651.6,Processed
RET008160,ORD0069083,SKU009029,2025-11-07,ordered by mistake,254.51,Processed
RET008161,ORD0004054,SKU008826,2026-03-01,different from website photo,189.7,Processed
RET008162,ORD0021843,SKU005344,2025-07-21,wrong size ordered,1427.21,Processed
RET008163,ORD0055552,SKU009009,2025-08-24,looks different online,749.68,Processed
RET008164,ORD0071864,SKU011962,2026-06-12,ordered by mistake,252.34,Processed
RET008165,ORD0021338,SKU012092,2026-04-12,quality not as expected,554.94,Processed
RET008166,ORD0026874,SKU007374,2026-07-22,delivered too late,5331.48,Processed
RET008167,ORD0033243,SKU008987,2025-10-23,wrong size ordered,159.86,Processed
RET008168,ORD0025972,SKU003119,2025-12-07,product was cracked,910.43,Processed
RET008169,ORD0060993,SKU009001,2026-10-24,Damaged in transit,329.04,Processed
RET008170,ORD0095094,SKU001765,2026-10-19,poor quality,366.92,Pending
RET008171,ORD0026785,SKU011742,2025-12-17,found cheaper elsewhere,918.13,Rejected
RET008172,ORD0063761,SKU012132,2025-12-28,wrong size ordered,1596.87,Processed
RET008173,ORD0105690,SKU000193,2026-06-27,Size issue,1172.42,Processed
RET008174,ORD0000931,SKU006557,2026-01-16,Doesn't fit properly,562.65,Processed
RET008175,ORD0016479,SKU003488,2025-11-26,no longer needed,614.59,Processed
RET008176,ORD0032207,SKU010866,2025-11-25,wrong size ordered,4064.38,Processed
RET008177,ORD0094498,SKU011185,2025-11-05,broken on arrival,168.75,Processed
RET008178,ORD0055101,SKU011150,2025-11-12,packaging torn item broken,452.8,Processed
RET008179,ORD0069505,SKU003793,2026-03-27,Not what I ordered,708.77,Processed
RET008180,ORD0109039,SKU001782,2026-03-01,packaging torn item broken,883.16,Pending
RET008181,ORD0036060,SKU000553,2025-06-23,too tight,1585.65,Processed
RET008182,ORD0053519,SKU011032,2025-05-28,Damaged in transit,1098.38,Processed
RET008183,ORD0024762,SKU001463,2026-06-21,too tight,2345.77,Processed
RET008184,ORD0086402,SKU007916,2025-05-11,wrong colour delivered,328.33,Processed
RET008185,ORD0014550,SKU003949,2025-03-30,Doesn't fit properly,2362.19,Processed
RET008186,ORD0055583,SKU002554,2025-04-05,packaging torn item broken,1228.12,Processed
RET008187,ORD0113771,SKU003941,2025-07-06,poor quality,1328.35,Processed
RET008188,ORD0030187,SKU009006,2026-10-24,misleading description,125.44,Processed
RET008189,ORD0100863,SKU011421,2025-11-26,too tight,575.26,Processed
RET008190,ORD0109162,SKU001494,2026-02-11,not as described,988.76,Processed
RET008191,ORD0118449,SKU009084,2025-04-25,Size issue,589.08,Processed
RET008192,ORD0035520,SKU011240,2026-01-17,packaging torn item broken,1321.77,Processed
RET008193,ORD0065487,SKU011394,2026-05-19,size chart misleading,214.59,Pending
RET008194,ORD0074232,SKU011877,2025-04-21,arrived damaged!!,558.4,Rejected
RET008195,ORD0005472,SKU003773,2026-11-09,broken on arrival,233.97,Processed
RET008196,ORD0020526,SKU000740,2025-09-21,size chart misleading,157.39,Processed
RET008197,ORD0116378,SKU006255,2025-12-02,no longer needed,1294.45,Processed
RET008198,ORD0071639,SKU011693,2026-03-09,poor quality,760.32,Processed
RET008199,ORD0011575,SKU003141,2025-12-29,wrong colour delivered,1059.08,Processed
RET008200,ORD0022784,SKU005267,2025-12-15,not durable,485.61,Pending
RET008201,ORD0009555,SKU000299,2026-06-08,broken on arrival,1671.51,Processed
RET008202,ORD0037451,SKU001771,2025-07-08,colour different from image,251.45,Processed
RET008203,ORD0054735,SKU006956,2026-07-18,size too small,717.59,Processed
RET008204,ORD0075221,SKU005672,2025-10-27,different sku received,132.49,Processed
RET008205,ORD0098585,SKU010309,2026-04-20,arrived after event,587.42,Processed
RET008206,ORD0002651,SKU003329,2025-04-05,arrived damaged!!,2448.53,Processed
RET008207,ORD0023371,SKU011613,2025-02-05,late delivery no longer needed,831.6,Processed
RET008208,ORD0029790,SKU000210,2026-11-23,packaging torn item broken,543.69,Processed
RET008209,ORD0118616,SKU006598,2025-08-24,looks different online,652.15,Processed
RET008210,ORD0029428,SKU002504,2025-02-24,late delivery no longer needed,1343.47,Pending
RET008211,ORD0041295,SKU005643,2025-06-04,size chart misleading,657.82,Processed
RET008212,ORD0090317,SKU011124,2025-02-01,colour different from image,462.51,Processed
RET008213,ORD0015956,SKU002328,2026-06-02,wrong size ordered,1872.46,Processed
RET008214,ORD0107227,SKU001385,2025-12-08,defective piece,208.87,Processed
RET008215,ORD0024445,SKU009692,2025-12-24,cheap material,546.86,Processed
RET008216,ORD0071015,SKU002334,2026-06-09,quality not as expected,832.62,Processed
RET008217,ORD0003552,SKU010669,2025-02-20,not durable,864.8,Processed
RET008218,ORD0038842,SKU002306,2025-05-21,cheap material,370.71,Processed
RET008219,ORD0053519,SKU012085,2025-05-09,wrong size ordered,4702.0,Processed
RET008220,ORD0119609,SKU002165,2025-02-27,SIZE PROBLEM,435.98,Processed
RET008221,ORD0086181,SKU000323,2025-05-05,SIZE PROBLEM,2415.7,Processed
RET008222,ORD0098334,SKU002057,2025-08-23,not durable,2637.54,Processed
RET008223,ORD0035520,SKU000230,2026-01-26,arrived damaged!!,1512.6,Processed
RET008224,ORD0034023,SKU004809,2025-01-26,wrong size ordered,188.06,Processed
RET008225,ORD0107627,SKU010144,2025-12-05,Damaged in transit,274.08,Processed
RET008226,ORD0085364,SKU008531,2025-02-03,wrong colour delivered,529.17,Processed
RET008227,ORD0055459,SKU003111,2026-11-21,no longer needed,481.39,Processed
RET008228,ORD0075721,SKU011000,2025-05-03,defective piece,918.06,Processed
RET008229,ORD0004063,SKU006398,2026-07-17,didnt fit,1065.87,Processed
RET008230,ORD0096372,SKU004080,2026-12-16,battery dead,718.44,Processed
RET008231,ORD0056486,SKU000703,2026-07-07,delivered too late,1736.64,Processed
RET008232,ORD0060584,SKU005926,2025-11-26,no longer needed,128.51,Processed
RET008233,ORD0099044,SKU009514,2025-08-09,SIZE PROBLEM,207.3,Processed
RET008234,ORD0081879,SKU007590,2025-11-27,arrived after event,425.71,Processed
RET008235,ORD0086522,SKU004640,2026-06-14,not durable,3404.69,Processed
RET008236,ORD0026706,SKU008329,2026-03-01,item damaged,2338.93,Pending
RET008237,ORD0092964,SKU005158,2026-10-26,device faulty,270.96,Processed
RET008238,ORD0077129,SKU006097,2025-06-12,item damaged,1274.12,Processed
RET008239,ORD0099825,SKU005621,2025-10-31,item damaged,466.24,Processed
RET008240,ORD0087090,SKU007044,2025-06-02,Quality issue,1057.77,Processed
RET008241,ORD0015257,SKU002924,2025-04-26,arrived damaged!!,392.82,Processed
RET008242,ORD0072483,SKU003732,2026-05-22,Doesn't fit properly,1067.91,Processed
RET008243,ORD0055253,SKU008010,2025-09-20,ordered by mistake,532.62,Processed
RET008244,ORD0016921,SKU002495,2025-09-15,poor quality,1601.87,Processed
RET008245,ORD0001635,SKU000468,2026-04-16,arrived damaged!!,1562.49,Processed
RET008246,ORD0080677,SKU012145,2026-02-25,quality not as expected,910.57,Processed
RET008247,ORD0116068,SKU001941,2025-05-25,wrong item sent,348.97,Processed
RET008248,ORD0099510,SKU004331,2025-12-10,not working,1121.68,Processed
RET008249,ORD0013330,SKU005338,2025-05-30,broken on arrival,650.11,Processed
RET008250,ORD0079549,SKU008833,2025-06-11,fabric quality bad,87.34,Processed
RET008251,ORD0086522,SKU004550,2026-06-01,misleading description,775.87,Processed
RET008252,ORD0071804,SKU007255,2025-12-28,late delivery no longer needed,106.56,Processed
RET008253,ORD0002450,SKU001945,2026-11-13,not working,2103.33,Processed
RET008254,ORD0117214,SKU001802,2026-11-28,Damaged in transit,536.27,Processed
RET008255,ORD0096832,SKU007124,2025-01-23,packaging torn item broken,565.91,Processed
RET008256,ORD0005061,SKU000616,2025-11-18,changed my mind,1125.85,Pending
RET008257,ORD0058776,SKU001270,2025-03-17,different sku received,191.1,Pending
RET008258,ORD0086718,SKU003349,2026-03-06,wrong item sent,533.63,Processed
RET008259,ORD0055199,SKU000833,2026-05-29,Quality issue,403.85,Processed
RET008260,ORD0030556,SKU003597,2025-06-04,product was cracked,2189.16,Processed
RET008261,ORD0068202,SKU011391,2025-12-04,Delayed delivery,274.29,Processed
RET008262,ORD0042359,SKU009174,2025-09-04,not durable,255.44,Processed
RET008263,ORD0043551,SKU002299,2026-07-07,fabric quality bad,2279.97,Processed
RET008264,ORD0030405,SKU010961,2025-12-11,Size issue,3204.25,Processed
RET008265,ORD0059722,SKU011047,2025-10-29,stopped working after a day,950.69,Processed
RET008266,ORD0003689,SKU005496,2025-09-02,not durable,1987.27,Processed
RET008267,ORD0089056,SKU005057,2025-10-29,arrived damaged!!,745.99,Pending
RET008268,ORD0053446,SKU007145,2025-05-02,product was cracked,770.66,Processed
RET008269,ORD0105261,SKU004590,2025-10-13,dont want it now,735.25,Processed
RET008270,ORD0115985,SKU006239,2026-12-14,not as described,396.97,Processed
RET008271,ORD0109760,SKU008969,2025-02-24,packaging torn item broken,1533.12,Processed
RET008272,ORD0005278,SKU008600,2026-03-07,misleading description,2187.42,Pending
RET008273,ORD0005662,SKU005540,2025-10-04,too tight,693.57,Processed
RET008274,ORD0044678,SKU003407,2025-09-07,poor quality,712.64,Processed
RET008275,ORD0086617,SKU012259,2026-02-22,SIZE PROBLEM,179.46,Pending
RET008276,ORD0039830,SKU007552,2026-12-07,wrong size ordered,556.83,Processed
RET008277,ORD0088030,SKU012241,2026-03-29,not durable,1919.58,Pending
RET008278,ORD0111361,SKU005197,2025-09-26,not durable,985.38,Processed
RET008279,ORD0058622,SKU001493,2025-04-10,cheap material,3006.99,Processed
RET008280,ORD0080184,SKU007750,2025-08-03,SIZE PROBLEM,953.77,Pending
RET008281,ORD0041649,SKU005773,2025-03-14,Not what I ordered,371.46,Processed
RET008282,ORD0000229,SKU000586,2025-12-31,wrong size ordered,266.55,Processed
RET008283,ORD0105906,SKU005778,2026-05-05,delivered too late,782.13,Pending
RET008284,ORD0067332,SKU008046,2026-05-18,Size issue,643.32,Processed
RET008285,ORD0099890,SKU011036,2025-12-30,Delayed delivery,251.62,Processed
RET008286,ORD0119609,SKU001995,2025-02-23,size too small,1522.61,Processed
RET008287,ORD0092165,SKU007935,2025-08-31,ordered by mistake,403.06,Processed
RET008288,ORD0003527,SKU006682,2025-11-28,ordered by mistake,497.12,Processed
RET008289,ORD0064999,SKU005626,2026-02-09,broken on arrival,531.82,Rejected
RET008290,ORD0063084,SKU012263,2025-11-06,not working,764.32,Processed
RET008291,ORD0022165,SKU008003,2025-03-18,size chart misleading,729.02,Processed
RET008292,ORD0105724,SKU006504,2025-07-19,wrong colour delivered,806.38,Processed
RET008293,ORD0078766,SKU009057,2026-02-16,poor quality,274.92,Pending
RET008294,ORD0059450,SKU005210,2026-07-08,not as described,1686.22,Processed
RET008295,ORD0007530,SKU003137,2025-11-27,dont want it now,1019.97,Rejected
RET008296,ORD0108457,SKU004210,2026-05-27,poor quality,737.55,Processed
RET008297,ORD0003376,SKU007071,2025-08-29,different from website photo,780.35,Processed
RET008298,ORD0118213,SKU010042,2026-07-12,ordered by mistake,1628.98,Processed
RET008299,ORD0022355,SKU003785,2025-04-18,product was cracked,529.03,Processed
RET008300,ORD0042592,SKU002575,2026-04-14,received different product,276.2,Processed
RET008301,ORD0045714,SKU010249,2025-06-24,fabric quality bad,868.93,Processed
RET008302,ORD0084498,SKU002412,2026-02-26,found cheaper elsewhere,763.02,Processed
RET008303,ORD0083633,SKU000996,2025-11-20,wrong colour delivered,392.41,Pending
RET008304,ORD0079938,SKU012488,2026-12-11,Damaged in transit,1256.02,Processed
RET008305,ORD0001635,SKU012234,2026-04-02,SIZE PROBLEM,2982.87,Processed
RET008306,ORD0008717,SKU009111,2026-07-07,Delayed delivery,267.09,Processed
RET008307,ORD0044449,SKU009477,2025-12-17,wrong item sent,185.02,Processed
RET008308,ORD0001012,SKU000410,2026-01-30,Size issue,326.5,Processed
RET008309,ORD0017644,SKU010796,2026-04-26,SIZE PROBLEM,1247.07,Processed
RET008310,ORD0031554,SKU004557,2025-03-06,device faulty,649.69,Processed
RET008311,ORD0065338,SKU002764,2026-12-09,too tight,531.18,Processed
RET008312,ORD0036904,SKU007264,2026-03-15,size chart misleading,2233.26,Processed
RET008313,ORD0093524,SKU003005,2025-09-13,misleading description,758.31,Processed
RET008314,ORD0023129,SKU006073,2025-09-07,fabric quality bad,1247.64,Processed
RET008315,ORD0041461,SKU011489,2025-12-22,didnt fit,64.54,Processed
RET008316,ORD0024470,SKU011043,2025-02-18,too tight,1325.35,Processed
RET008317,ORD0007351,SKU007264,2025-07-30,size too small,758.44,Processed
RET008318,ORD0009247,SKU003366,2025-06-27,product was cracked,1215.49,Pending
RET008319,ORD0114494,SKU006506,2025-01-06,Quality issue,585.81,Processed
RET008320,ORD0077102,SKU004266,2026-10-09,received different product,466.38,Processed
RET008321,ORD0099946,SKU001706,2025-05-28,different from website photo,983.3,Processed
RET008322,ORD0050036,SKU006753,2025-06-09,item damaged,910.53,Processed
RET008323,ORD0064806,SKU007548,2026-06-25,late delivery no longer needed,234.06,Processed
RET008324,ORD0055505,SKU002665,2025-08-21,product was cracked,573.59,Pending
RET008325,ORD0044367,SKU005170,2025-01-19,product was cracked,111.21,Processed
RET008326,ORD0092925,SKU002927,2025-04-13,looks different online,1613.34,Processed
RET008327,ORD0100863,SKU006441,2025-11-30,received different product,101.6,Processed
RET008328,ORD0102903,SKU010117,2026-01-28,misleading description,230.77,Pending
RET008329,ORD0091304,SKU008622,2025-02-15,Size issue,1258.4,Processed
RET008330,ORD0103958,SKU007195,2026-06-09,fabric quality bad,353.04,Processed
RET008331,ORD0075473,SKU000254,2025-07-12,didnt fit,1420.55,Processed
RET008332,ORD0058648,SKU008264,2025-02-19,item damaged,1233.1,Processed
RET008333,ORD0003682,SKU003284,2025-11-18,Size issue,1002.88,Processed
RET008334,ORD0058750,SKU011268,2025-12-25,Damaged in transit,205.44,Processed
RET008335,ORD0106468,SKU004632,2026-03-03,product was cracked,969.61,Processed
RET008336,ORD0113952,SKU004935,2025-06-20,arrived after event,897.11,Processed
RET008337,ORD0030132,SKU005987,2025-09-07,late delivery no longer needed,317.3,Processed
RET008338,ORD0041373,SKU004540,2026-06-18,ordered by mistake,318.21,Processed
RET008339,ORD0081030,SKU012018,2026-12-01,wrong colour delivered,472.0,Rejected
RET008340,ORD0055178,SKU001791,2025-03-18,product was cracked,845.26,Pending
RET008341,ORD0006406,SKU004604,2025-10-23,colour different from image,391.64,Processed
RET008342,ORD0033904,SKU001471,2026-11-12,not as described,352.76,Processed
RET008343,ORD0035803,SKU002077,2025-04-09,Size issue,525.25,Processed
RET008344,ORD0056217,SKU007815,2026-10-31,Quality issue,1357.96,Pending
RET008345,ORD0082326,SKU003308,2025-09-18,stopped working after a day,346.65,Processed
RET008346,ORD0033330,SKU003986,2025-04-10,fabric quality bad,696.31,Processed
RET008347,ORD0027468,SKU008268,2026-01-17,looks different online,310.95,Processed
RET008348,ORD0013893,SKU003532,2025-05-12,defective piece,1402.29,Processed
RET008349,ORD0025898,SKU002107,2025-10-02,Quality issue,212.3,Processed
RET008350,ORD0046148,SKU004228,2025-12-22,no longer needed,840.91,Processed
RET008351,ORD0111961,SKU004911,2025-04-08,dont want it now,101.04,Processed
RET008352,ORD0009936,SKU010621,2025-03-16,size too small,1633.03,Processed
RET008353,ORD0030511,SKU003817,2025-07-05,found cheaper elsewhere,732.88,Processed
RET008354,ORD0027438,SKU004020,2026-11-21,Doesn't fit properly,697.66,Processed
RET008355,ORD0087359,SKU009556,2026-02-22,Size issue,125.11,Pending
RET008356,ORD0070477,SKU011964,2025-11-24,not working,325.52,Processed
RET008357,ORD0056624,SKU006929,2026-01-25,found cheaper elsewhere,414.97,Processed
RET008358,ORD0063410,SKU010253,2025-05-13,wrong size ordered,1224.5,Processed
RET008359,ORD0003289,SKU011702,2026-01-05,wrong size ordered,1112.97,Processed
RET008360,ORD0100542,SKU011643,2025-11-27,not durable,551.18,Processed
RET008361,ORD0044393,SKU004414,2025-05-24,colour different from image,1300.34,Processed
RET008362,ORD0071731,SKU007772,2026-05-01,not as described,371.28,Pending
RET008363,ORD0015077,SKU008353,2026-04-18,colour different from image,566.51,Processed
RET008364,ORD0072787,SKU009487,2025-04-09,fabric quality bad,1202.08,Processed
RET008365,ORD0114752,SKU011855,2025-12-18,packaging torn item broken,1252.24,Processed
RET008366,ORD0101768,SKU001046,2025-09-27,misleading description,739.27,Processed
RET008367,ORD0115820,SKU008298,2025-05-01,poor quality,1238.55,Processed
RET008368,ORD0084739,SKU002350,2026-12-05,cheap material,947.49,Processed
RET008369,ORD0022212,SKU004428,2026-02-11,Quality issue,161.89,Processed
RET008370,ORD0109039,SKU000828,2026-03-03,wrong size ordered,1978.92,Processed
RET008371,ORD0052141,SKU007732,2025-02-08,wrong item sent,1567.14,Processed
RET008372,ORD0057700,SKU005131,2026-06-29,product was cracked,1355.57,Processed
RET008373,ORD0004139,SKU008798,2026-10-08,late delivery no longer needed,192.65,Processed
RET008374,ORD0113216,SKU010714,2026-12-22,Not what I ordered,638.37,Processed
RET008375,ORD0009908,SKU000768,2025-07-28,too tight,427.44,Processed
RET008376,ORD0111126,SKU005346,2025-05-12,arrived after event,415.27,Processed
RET008377,ORD0067401,SKU008077,2026-04-07,didnt fit,760.02,Processed
RET008378,ORD0027211,SKU007137,2026-03-01,found cheaper elsewhere,560.39,Pending
RET008379,ORD0071323,SKU005468,2025-03-24,Damaged in transit,349.26,Processed
RET008380,ORD0115455,SKU001114,2025-02-11,didnt fit,546.07,Pending
RET008381,ORD0021524,SKU000605,2026-04-18,SIZE PROBLEM,889.15,Processed
RET008382,ORD0009071,SKU008174,2025-07-09,poor quality,1529.49,Processed
RET008383,ORD0048774,SKU007893,2026-01-19,wrong colour delivered,1251.73,Processed
RET008384,ORD0085592,SKU000136,2026-05-25,cheap material,1999.03,Processed
RET008385,ORD0102143,SKU001056,2025-11-08,poor quality,840.35,Processed
RET008386,ORD0056410,SKU003856,2025-11-20,arrived after event,1366.7,Pending
RET008387,ORD0030876,SKU001020,2025-03-27,ordered by mistake,294.65,Processed
RET008388,ORD0047789,SKU010435,2026-01-07,device faulty,393.63,Processed
RET008389,ORD0101736,SKU008217,2026-02-18,too tight,1159.1,Processed
RET008390,ORD0018576,SKU006691,2026-03-24,different from website photo,558.44,Processed
RET008391,ORD0018707,SKU004450,2025-12-03,ordered by mistake,1733.84,Processed
RET008392,ORD0038582,SKU004505,2025-10-04,too tight,324.17,Processed
RET008393,ORD0072862,SKU004068,2026-06-03,Doesn't fit properly,502.89,Processed
RET008394,ORD0082217,SKU000551,2025-02-09,Quality issue,438.69,Rejected
RET008395,ORD0000973,SKU004553,2025-08-20,not as described,617.62,Processed
RET008396,ORD0050448,SKU008995,2025-05-22,Doesn't fit properly,436.48,Processed
RET008397,ORD0013340,SKU007018,2025-02-24,delivered too late,612.29,Processed
RET008398,ORD0106118,SKU007687,2025-06-01,different sku received,931.38,Processed
RET008399,ORD0089965,SKU001438,2025-08-07,fabric quality bad,327.32,Processed
RET008400,ORD0059907,SKU008768,2025-11-03,Not what I ordered,988.3,Processed
RET008401,ORD0098287,SKU007354,2026-04-10,defective piece,501.43,Processed
RET008402,ORD0110650,SKU001415,2026-05-22,broken on arrival,566.62,Processed
RET008403,ORD0027776,SKU006759,2026-04-19,dont want it now,619.88,Processed
RET008404,ORD0011020,SKU004346,2026-05-01,Damaged in transit,395.47,Processed
RET008405,ORD0114139,SKU007576,2025-12-01,Damaged in transit,1619.65,Processed
RET008406,ORD0083452,SKU004197,2025-11-24,arrived after event,672.93,Processed
RET008407,ORD0103181,SKU004021,2025-04-20,poor quality,1465.64,Processed
RET008408,ORD0006406,SKU007562,2025-10-28,device faulty,289.25,Processed
RET008409,ORD0013546,SKU004379,2025-11-13,battery dead,2147.37,Processed
RET008410,ORD0031213,SKU003857,2026-02-26,no longer needed,1814.39,Pending
RET008411,ORD0114373,SKU005399,2026-04-04,Size issue,1351.98,Processed
RET008412,ORD0036237,SKU008198,2025-10-11,looks different online,637.85,Processed
RET008413,ORD0059242,SKU006918,2025-11-04,SIZE PROBLEM,962.13,Processed
RET008414,ORD0107271,SKU006706,2026-02-11,arrived damaged!!,441.37,Processed
RET008415,ORD0052980,SKU011259,2025-02-24,Quality issue,2102.48,Processed
RET008416,ORD0083676,SKU005323,2025-04-30,SIZE PROBLEM,638.87,Processed
RET008417,ORD0088660,SKU011798,2025-05-11,misleading description,484.97,Processed
RET008418,ORD0032548,SKU005515,2025-11-16,arrived after event,1263.34,Processed
RET008419,ORD0073006,SKU004960,2025-03-04,item damaged,1445.01,Processed
RET008420,ORD0119278,SKU005847,2026-04-23,no longer needed,1264.53,Processed
RET008421,ORD0119621,SKU007434,2026-07-10,received different product,376.0,Processed
RET008422,ORD0049703,SKU007718,2025-10-28,late delivery no longer needed,1085.47,Processed
RET008423,ORD0099614,SKU010826,2025-12-27,too tight,868.68,Pending
RET008424,ORD0021482,SKU003109,2025-03-13,arrived after event,652.54,Processed
RET008425,ORD0028227,SKU012001,2026-12-13,item damaged,1928.08,Processed
RET008426,ORD0007306,SKU011589,2025-03-14,different from website photo,61.22,Processed
RET008427,ORD0089684,SKU009264,2025-09-24,packaging torn item broken,1721.59,Processed
RET008428,ORD0018217,SKU000229,2025-02-24,colour different from image,3220.68,Processed
RET008429,ORD0091386,SKU003095,2026-03-25,packaging torn item broken,1234.03,Processed
RET008430,ORD0021291,SKU012018,2025-04-09,size too small,1079.33,Processed
RET008431,ORD0045408,SKU012159,2025-03-04,misleading description,1031.61,Processed
RET008432,ORD0055812,SKU011896,2025-12-27,size too small,1114.47,Processed
RET008433,ORD0007530,SKU008925,2025-11-24,cheap material,903.8,Rejected
RET008434,ORD0089024,SKU004576,2026-05-29,didnt fit,1117.17,Processed
RET008435,ORD0045526,SKU004455,2026-03-20,didnt fit,1280.59,Pending
RET008436,ORD0029148,SKU002114,2025-11-22,not durable,348.19,Processed
RET008437,ORD0040710,SKU006429,2025-05-19,not working,28.99,Processed
RET008438,ORD0035682,SKU008028,2025-01-28,Not what I ordered,715.07,Processed
RET008439,ORD0054544,SKU004117,2025-04-19,poor quality,686.57,Processed
RET008440,ORD0033484,SKU005253,2025-12-08,not working,492.26,Processed
RET008441,ORD0106674,SKU010254,2026-07-01,broken on arrival,860.8,Processed
RET008442,ORD0097038,SKU007535,2025-12-07,wrong item sent,437.17,Processed
RET008443,ORD0118709,SKU003921,2026-01-15,Not what I ordered,927.15,Processed
RET008444,ORD0053504,SKU012396,2026-11-14,quality not as expected,404.12,Processed
RET008445,ORD0046837,SKU002889,2025-05-08,delivered too late,1357.02,Processed
RET008446,ORD0013623,SKU001263,2025-08-27,not durable,444.26,Processed
RET008447,ORD0059564,SKU012273,2026-10-04,wrong size ordered,489.24,Processed
RET008448,ORD0024463,SKU005234,2025-11-23,item damaged,2819.99,Processed
RET008449,ORD0047150,SKU003657,2025-07-26,different from website photo,2112.44,Pending
RET008450,ORD0030766,SKU010286,2025-12-07,Damaged in transit,997.72,Processed
RET008451,ORD0081256,SKU001356,2026-10-31,product was cracked,1609.52,Processed
RET008452,ORD0010499,SKU010479,2025-05-01,colour different from image,1233.77,Processed
RET008453,ORD0001870,SKU005987,2026-03-28,Size issue,1105.71,Pending
RET008454,ORD0032579,SKU006923,2026-02-16,not as described,872.54,Processed
RET008455,ORD0028943,SKU007025,2026-06-05,didnt fit,4079.73,Processed
RET008456,ORD0083944,SKU004868,2026-01-19,Size issue,580.72,Processed
RET008457,ORD0016192,SKU001462,2025-08-02,arrived damaged!!,810.9,Processed
RET008458,ORD0109851,SKU002025,2025-05-01,misleading description,887.99,Processed
RET008459,ORD0052983,SKU005099,2025-01-27,not as described,250.1,Processed
RET008460,ORD0018541,SKU012239,2026-04-16,Delayed delivery,1783.06,Processed
RET008461,ORD0119565,SKU003648,2026-06-27,ordered by mistake,1414.19,Processed
RET008462,ORD0022884,SKU005684,2025-12-03,late delivery no longer needed,270.95,Processed
RET008463,ORD0036862,SKU006734,2025-12-06,different from website photo,96.13,Processed
RET008464,ORD0061168,SKU012115,2025-10-17,SIZE PROBLEM,409.44,Processed
RET008465,ORD0043917,SKU009639,2025-07-31,size chart misleading,574.25,Processed
RET008466,ORD0056532,SKU008458,2026-06-07,arrived after event,500.98,Processed
RET008467,ORD0107231,SKU009148,2025-09-23,didnt fit,3548.35,Processed
RET008468,ORD0105236,SKU005649,2025-10-31,not durable,724.69,Processed
RET008469,ORD0063177,SKU004388,2025-09-07,poor quality,1222.3,Processed
RET008470,ORD0029592,SKU000065,2026-03-11,found cheaper elsewhere,523.78,Pending
RET008471,ORD0025526,SKU011122,2026-04-23,size too small,3858.66,Processed
RET008472,ORD0003759,SKU001875,2026-02-13,quality not as expected,688.23,Processed
RET008473,ORD0116068,SKU010275,2025-05-18,size too small,327.09,Processed
RET008474,ORD0091353,SKU000239,2025-11-10,device faulty,494.36,Processed
RET008475,ORD0105475,SKU005420,2025-08-17,fabric quality bad,165.05,Processed
RET008476,ORD0103723,SKU009192,2025-04-10,too tight,677.15,Processed
RET008477,ORD0108846,SKU007763,2025-12-30,no longer needed,181.88,Rejected
RET008478,ORD0080086,SKU005270,2026-03-14,Delayed delivery,372.82,Processed
RET008479,ORD0062496,SKU006974,2025-07-20,arrived damaged!!,877.51,Processed
RET008480,ORD0076905,SKU004479,2025-04-16,ordered by mistake,2258.26,Processed
RET008481,ORD0080753,SKU000748,2026-01-31,looks different online,165.19,Processed
RET008482,ORD0116335,SKU004748,2025-06-02,wrong size ordered,408.07,Rejected
RET008483,ORD0065894,SKU005629,2025-11-30,defective piece,805.33,Processed
RET008484,ORD0007725,SKU000771,2025-10-28,Doesn't fit properly,1298.14,Processed
RET008485,ORD0117780,SKU010041,2025-11-21,quality not as expected,375.19,Processed
RET008486,ORD0049928,SKU005128,2025-03-13,arrived damaged!!,559.57,Processed
RET008487,ORD0022614,SKU001611,2025-11-12,looks different online,671.08,Processed
RET008488,ORD0088600,SKU009571,2026-06-22,arrived damaged!!,1524.08,Processed
RET008489,ORD0111604,SKU005134,2026-02-19,Quality issue,550.69,Processed
RET008490,ORD0118617,SKU000362,2026-02-07,changed my mind,855.18,Processed
RET008491,ORD0022429,SKU004966,2025-02-05,broken on arrival,352.91,Pending
RET008492,ORD0019452,SKU007734,2025-07-29,different from website photo,397.99,Pending
RET008493,ORD0016933,SKU001836,2025-08-23,wrong size ordered,384.39,Processed
RET008494,ORD0112795,SKU003362,2026-05-02,poor quality,564.88,Processed
RET008495,ORD0000946,SKU012122,2026-10-07,cheap material,170.5,Processed
RET008496,ORD0041952,SKU006132,2025-12-23,device faulty,547.54,Processed
RET008497,ORD0029592,SKU004641,2026-03-18,dont want it now,2062.47,Processed
RET008498,ORD0061385,SKU006442,2026-03-26,cheap material,298.3,Processed
RET008499,ORD0042090,SKU005765,2025-07-24,not as described,605.13,Processed
RET008500,ORD0111209,SKU006870,2025-07-07,defective piece,329.55,Processed
RET008501,ORD0111507,SKU009654,2025-04-16,product was cracked,479.57,Processed
RET008502,ORD0025318,SKU011502,2025-10-31,Damaged in transit,1749.12,Processed
RET008503,ORD0052470,SKU001338,2026-01-03,broken on arrival,542.27,Pending
RET008504,ORD0012358,SKU012268,2025-11-27,not durable,1072.11,Processed
RET008505,ORD0027417,SKU008986,2025-05-19,SIZE PROBLEM,1033.85,Processed
RET008506,ORD0070379,SKU006170,2026-12-20,not durable,559.58,Processed
RET008507,ORD0089367,SKU009957,2026-06-02,different from website photo,536.49,Processed
RET008508,ORD0098466,SKU007369,2026-05-22,poor quality,2450.17,Processed
RET008509,ORD0046329,SKU011790,2025-03-02,too tight,548.03,Processed
RET008510,ORD0008317,SKU010651,2025-09-25,wrong size ordered,972.7,Processed
RET008511,ORD0104176,SKU005980,2025-05-15,device faulty,775.65,Processed
RET008512,ORD0048245,SKU002715,2026-11-05,Not what I ordered,1473.15,Processed
RET008513,ORD0008593,SKU011748,2025-02-04,arrived damaged!!,2264.93,Processed
RET008514,ORD0062913,SKU004610,2025-02-23,wrong colour delivered,330.75,Pending
RET008515,ORD0095559,SKU005755,2026-02-07,wrong size ordered,312.36,Processed
RET008516,ORD0004689,SKU003434,2025-01-26,size too small,992.81,Processed
RET008517,ORD0068584,SKU000313,2025-11-27,dont want it now,1056.01,Processed
RET008518,ORD0069899,SKU003527,2026-03-29,wrong colour delivered,913.13,Processed
RET008519,ORD0114457,SKU005621,2025-11-02,product was cracked,488.34,Processed
RET008520,ORD0085355,SKU003111,2026-11-09,different sku received,3568.73,Processed
RET008521,ORD0098726,SKU001674,2025-04-20,wrong colour delivered,532.03,Processed
RET008522,ORD0071092,SKU010998,2026-03-15,cheap material,121.79,Processed
RET008523,ORD0052541,SKU012414,2026-06-10,broken on arrival,467.51,Processed
RET008524,ORD0105876,SKU001905,2025-04-02,too tight,1777.88,Processed
RET008525,ORD0002278,SKU001119,2026-10-22,arrived damaged!!,199.37,Processed
RET008526,ORD0084232,SKU011806,2026-03-27,ordered by mistake,646.3,Processed
RET008527,ORD0082795,SKU012227,2026-04-06,ordered by mistake,782.37,Processed
RET008528,ORD0077862,SKU001642,2025-03-04,packaging torn item broken,1026.48,Processed
RET008529,ORD0028132,SKU010718,2025-08-28,changed my mind,365.41,Processed
RET008530,ORD0071039,SKU011755,2026-06-05,misleading description,1084.23,Processed
RET008531,ORD0030928,SKU011385,2026-04-02,wrong colour delivered,624.29,Processed
RET008532,ORD0055101,SKU004725,2025-11-16,broken on arrival,895.32,Processed
RET008533,ORD0035605,SKU007800,2025-04-10,not durable,301.8,Processed
RET008534,ORD0087839,SKU000363,2025-05-23,cheap material,242.03,Pending
RET008535,ORD0051606,SKU006915,2026-02-14,size too small,337.8,Processed
RET008536,ORD0067603,SKU004961,2026-01-15,quality not as expected,513.22,Processed
RET008537,ORD0006319,SKU011570,2025-09-10,not durable,3070.43,Processed
RET008538,ORD0004139,SKU003063,2026-10-20,battery dead,449.63,Processed
RET008539,ORD0002803,SKU008687,2026-01-25,Doesn't fit properly,527.34,Processed
RET008540,ORD0100043,SKU008215,2025-12-04,stopped working after a day,277.34,Processed
RET008541,ORD0001569,SKU001438,2025-06-12,device faulty,326.24,Pending
RET008542,ORD0080297,SKU003622,2025-04-06,fabric quality bad,570.04,Processed
RET008543,ORD0075685,SKU006235,2026-03-13,Quality issue,239.1,Pending
RET008544,ORD0046124,SKU001400,2025-12-30,received different product,245.89,Processed
RET008545,ORD0114744,SKU000445,2025-11-15,arrived after event,211.81,Processed
RET008546,ORD0112895,SKU010932,2025-12-08,received different product,910.11,Processed
RET008547,ORD0062265,SKU002064,2025-11-27,Delayed delivery,485.4,Processed
RET008548,ORD0069178,SKU004304,2025-02-22,Size issue,133.78,Processed
RET008549,ORD0098868,SKU001269,2026-07-03,SIZE PROBLEM,378.63,Processed
RET008550,ORD0006258,SKU005744,2025-05-12,size too small,1092.43,Processed
RET008551,ORD0029230,SKU004651,2026-03-21,size chart misleading,187.76,Processed
RET008552,ORD0091461,SKU006369,2025-11-07,Delayed delivery,508.41,Processed
RET008553,ORD0115913,SKU006209,2025-09-11,changed my mind,1165.21,Processed
RET008554,ORD0100861,SKU004101,2025-07-04,found cheaper elsewhere,892.46,Processed
RET008555,ORD0000853,SKU007513,2025-04-06,device faulty,700.02,Processed
RET008556,ORD0071753,SKU009990,2025-01-07,poor quality,2048.21,Processed
RET008557,ORD0051904,SKU010176,2025-04-20,received different product,355.66,Processed
RET008558,ORD0008294,SKU001844,2025-01-23,too tight,578.77,Processed
RET008559,ORD0054841,SKU002252,2026-11-14,didnt fit,396.12,Processed
RET008560,ORD0069059,SKU003724,2026-03-17,quality not as expected,2720.63,Pending
RET008561,ORD0055119,SKU009151,2025-04-04,wrong size ordered,637.73,Processed
RET008562,ORD0111084,SKU005369,2026-06-29,looks different online,387.2,Rejected
RET008563,ORD0094052,SKU010512,2025-11-29,product was cracked,864.43,Processed
RET008564,ORD0082559,SKU008923,2026-04-05,cheap material,1565.2,Processed
RET008565,ORD0016129,SKU004319,2026-02-01,wrong colour delivered,467.64,Processed
RET008566,ORD0047134,SKU011550,2025-04-11,cheap material,1029.61,Processed
RET008567,ORD0079532,SKU010379,2025-02-04,late delivery no longer needed,1212.69,Processed
RET008568,ORD0116921,SKU010058,2025-11-18,size too small,2577.58,Processed
RET008569,ORD0023963,SKU000474,2025-01-18,Quality issue,622.17,Processed
RET008570,ORD0069619,SKU002898,2025-06-16,size chart misleading,310.45,Rejected
RET008571,ORD0041830,SKU006236,2025-03-26,Not what I ordered,731.08,Processed
RET008572,ORD0007185,SKU008270,2025-03-17,product was cracked,259.5,Pending
RET008573,ORD0077230,SKU001792,2025-04-21,fabric quality bad,334.03,Processed
RET008574,ORD0022486,SKU004649,2025-12-20,not as described,612.54,Processed
RET008575,ORD0055769,SKU002946,2026-02-02,too tight,551.08,Processed
RET008576,ORD0005136,SKU009425,2025-12-18,Doesn't fit properly,904.15,Processed
RET008577,ORD0037480,SKU006379,2026-02-23,quality not as expected,1058.02,Processed
RET008578,ORD0016106,SKU010961,2025-08-03,dont want it now,99.02,Pending
RET008579,ORD0107035,SKU000108,2026-06-06,changed my mind,1070.7,Processed
RET008580,ORD0073034,SKU010250,2026-05-30,cheap material,724.8,Processed
RET008581,ORD0108184,SKU003600,2025-08-19,Doesn't fit properly,797.3,Pending
RET008582,ORD0107022,SKU005964,2025-11-15,SIZE PROBLEM,682.34,Processed
RET008583,ORD0054178,SKU007479,2025-03-13,not durable,622.37,Processed
RET008584,ORD0019844,SKU007105,2025-12-10,poor quality,1728.98,Processed
RET008585,ORD0030231,SKU011747,2025-11-14,colour different from image,627.05,Processed
RET008586,ORD0059797,SKU001976,2025-09-06,Not what I ordered,170.21,Processed
RET008587,ORD0015077,SKU006995,2026-04-23,Quality issue,2143.47,Processed
RET008588,ORD0041209,SKU009498,2026-04-10,wrong size ordered,390.24,Processed
RET008589,ORD0016435,SKU011653,2026-02-03,Quality issue,385.94,Processed
RET008590,ORD0054153,SKU012324,2025-11-28,didnt fit,836.49,Rejected
RET008591,ORD0113679,SKU004268,2025-10-15,SIZE PROBLEM,2585.62,Processed
RET008592,ORD0068376,SKU003440,2025-02-14,too tight,825.5,Processed
RET008593,ORD0018657,SKU010286,2025-05-24,Doesn't fit properly,443.76,Processed
RET008594,ORD0056523,SKU002291,2025-07-17,size chart misleading,474.8,Processed
RET008595,ORD0001118,SKU002015,2026-02-12,product was cracked,674.56,Processed
RET008596,ORD0107384,SKU006329,2026-12-15,different sku received,3167.74,Processed
RET008597,ORD0014174,SKU008489,2025-10-21,found cheaper elsewhere,501.22,Processed
RET008598,ORD0028420,SKU007804,2025-06-06,size too small,638.71,Processed
RET008599,ORD0016652,SKU009245,2025-07-16,colour different from image,360.46,Processed
RET008600,ORD0095207,SKU000288,2026-04-25,item damaged,523.87,Processed
RET008601,ORD0052008,SKU004187,2026-11-21,Quality issue,193.6,Processed
RET008602,ORD0043905,SKU006997,2025-11-07,Size issue,543.53,Processed
RET008603,ORD0105728,SKU004353,2025-02-18,didnt fit,3152.4,Rejected
RET008604,ORD0114534,SKU005883,2025-03-21,wrong size ordered,1133.31,Processed
RET008605,ORD0013576,SKU009000,2026-03-07,product was cracked,491.49,Pending
RET008606,ORD0113569,SKU007980,2025-03-08,not as described,727.2,Processed
RET008607,ORD0104754,SKU010394,2026-07-11,SIZE PROBLEM,309.92,Processed
RET008608,ORD0011336,SKU009533,2025-12-08,quality not as expected,1049.62,Processed
RET008609,ORD0037599,SKU010200,2026-04-30,Delayed delivery,215.23,Processed
RET008610,ORD0114500,SKU011451,2025-08-28,packaging torn item broken,3852.02,Processed
RET008611,ORD0021156,SKU011584,2026-02-14,Not what I ordered,278.34,Processed
RET008612,ORD0101378,SKU010268,2026-11-13,Quality issue,227.0,Processed
RET008613,ORD0086074,SKU000751,2025-07-24,wrong item sent,184.67,Pending
RET008614,ORD0022784,SKU000586,2025-12-13,stopped working after a day,257.46,Processed
RET008615,ORD0101632,SKU000762,2025-12-27,device faulty,734.01,Pending
RET008616,ORD0085802,SKU011919,2026-05-13,item damaged,221.63,Processed
RET008617,ORD0060421,SKU010234,2025-11-29,item damaged,1063.67,Processed
RET008618,ORD0067709,SKU005999,2025-10-27,late delivery no longer needed,1002.48,Processed
RET008619,ORD0088150,SKU007109,2026-05-01,cheap material,236.55,Processed
RET008620,ORD0119584,SKU000767,2026-04-19,broken on arrival,374.93,Processed
RET008621,ORD0049928,SKU003062,2025-03-02,quality not as expected,1622.11,Processed
RET008622,ORD0079956,SKU011788,2025-09-15,late delivery no longer needed,213.23,Processed
RET008623,ORD0059980,SKU006384,2026-02-26,cheap material,861.79,Processed
RET008624,ORD0088021,SKU002122,2025-02-15,Doesn't fit properly,1295.41,Processed
RET008625,ORD0023697,SKU004365,2026-11-12,quality not as expected,2878.91,Processed
RET008626,ORD0087753,SKU004733,2025-08-25,arrived damaged!!,468.01,Processed
RET008627,ORD0061775,SKU001271,2025-11-04,size chart misleading,57.52,Processed
RET008628,ORD0055101,SKU010762,2025-10-31,too tight,665.22,Processed
RET008629,ORD0003710,SKU010369,2025-10-04,not durable,340.06,Processed
RET008630,ORD0108404,SKU007435,2025-02-23,no longer needed,1039.69,Processed
RET008631,ORD0102085,SKU007293,2025-07-09,wrong size ordered,507.64,Processed
RET008632,ORD0047861,SKU011528,2025-06-03,cheap material,276.14,Processed
RET008633,ORD0075185,SKU002135,2026-05-08,late delivery no longer needed,219.55,Rejected
RET008634,ORD0022135,SKU011757,2026-06-13,Size issue,177.19,Rejected
RET008635,ORD0071367,SKU008144,2025-10-24,arrived after event,1474.65,Processed
RET008636,ORD0060503,SKU002351,2025-05-28,colour different from image,663.19,Processed
RET008637,ORD0110096,SKU003977,2025-09-21,Doesn't fit properly,313.35,Processed
RET008638,ORD0068564,SKU004769,2026-01-31,found cheaper elsewhere,1526.2,Processed
RET008639,ORD0047134,SKU003016,2025-04-06,Quality issue,525.57,Processed
RET008640,ORD0031329,SKU001730,2025-01-22,wrong item sent,468.47,Processed
RET008641,ORD0062242,SKU003695,2026-01-14,wrong size ordered,394.89,Processed
RET008642,ORD0068376,SKU006705,2025-02-07,received different product,1130.86,Processed
RET008643,ORD0002122,SKU008134,2025-04-27,dont want it now,772.12,Processed
RET008644,ORD0069213,SKU003306,2026-02-11,battery dead,782.88,Processed
RET008645,ORD0009027,SKU010142,2025-11-07,size too small,515.21,Processed
RET008646,ORD0029233,SKU010755,2026-05-28,cheap material,325.08,Processed
RET008647,ORD0087353,SKU006294,2025-07-17,size chart misleading,742.15,Pending
RET008648,ORD0047190,SKU006394,2025-03-17,item damaged,1502.64,Processed
RET008649,ORD0044092,SKU007121,2025-12-18,stopped working after a day,481.95,Processed
RET008650,ORD0042642,SKU006853,2025-01-27,late delivery no longer needed,589.63,Processed
RET008651,ORD0047435,SKU006036,2025-05-05,different from website photo,694.23,Processed
RET008652,ORD0098532,SKU010852,2025-09-24,different from website photo,577.67,Processed
RET008653,ORD0117470,SKU005804,2025-12-21,device faulty,2530.53,Processed
RET008654,ORD0022674,SKU011842,2025-04-12,delivered too late,316.45,Processed
RET008655,ORD0064716,SKU003839,2025-03-01,wrong size ordered,449.61,Processed
RET008656,ORD0098432,SKU003212,2025-05-22,defective piece,744.97,Pending
RET008657,ORD0107554,SKU010372,2025-10-19,arrived damaged!!,263.19,Processed
RET008658,ORD0094482,SKU009399,2026-03-17,size too small,3225.13,Processed
RET008659,ORD0020136,SKU011916,2026-01-19,item damaged,444.47,Processed
RET008660,ORD0066556,SKU001569,2025-12-24,no longer needed,2028.4,Processed
RET008661,ORD0010850,SKU001485,2025-11-30,didnt fit,1379.7,Processed
RET008662,ORD0102087,SKU011757,2025-03-18,looks different online,1741.85,Processed
RET008663,ORD0053438,SKU009737,2025-06-15,too tight,715.04,Processed
RET008664,ORD0061719,SKU010596,2025-03-21,packaging torn item broken,3800.85,Processed
RET008665,ORD0013810,SKU008590,2025-09-08,packaging torn item broken,177.1,Processed
RET008666,ORD0066208,SKU002612,2025-10-05,wrong size ordered,235.4,Rejected
RET008667,ORD0110688,SKU004700,2026-03-15,device faulty,824.0,Pending
RET008668,ORD0103236,SKU005206,2026-06-28,item damaged,1561.58,Pending
RET008669,ORD0051107,SKU005696,2025-09-04,poor quality,194.34,Processed
RET008670,ORD0047482,SKU002817,2025-07-07,colour different from image,63.8,Processed
RET008671,ORD0028544,SKU010090,2025-07-13,different sku received,1532.22,Processed
RET008672,ORD0107035,SKU009512,2026-06-05,fabric quality bad,151.31,Processed
RET008673,ORD0102431,SKU002282,2025-10-02,arrived damaged!!,731.54,Processed
RET008674,ORD0011325,SKU002864,2026-04-25,arrived damaged!!,311.07,Processed
RET008675,ORD0101655,SKU010309,2025-02-01,different sku received,538.79,Processed
RET008676,ORD0062705,SKU009051,2025-09-08,wrong size ordered,451.84,Processed
RET008677,ORD0099010,SKU004957,2026-06-04,cheap material,1308.71,Processed
RET008678,ORD0101264,SKU001745,2025-03-07,Size issue,307.68,Processed
RET008679,ORD0067274,SKU011569,2025-08-17,size too small,792.48,Pending
RET008680,ORD0054647,SKU007359,2026-11-07,broken on arrival,449.5,Processed
RET008681,ORD0026453,SKU008327,2025-04-13,looks different online,555.97,Processed
RET008682,ORD0039903,SKU008518,2025-08-17,delivered too late,1025.59,Processed
RET008683,ORD0106957,SKU009212,2026-02-21,wrong item sent,1506.18,Processed
RET008684,ORD0101076,SKU007854,2026-11-01,device faulty,1239.13,Processed
RET008685,ORD0077769,SKU004388,2025-12-08,broken on arrival,1734.61,Processed
RET008686,ORD0074574,SKU002743,2025-11-11,Quality issue,212.62,Pending
RET008687,ORD0024298,SKU003891,2025-06-01,device faulty,699.54,Processed
RET008688,ORD0103055,SKU010967,2025-03-29,cheap material,436.42,Pending
RET008689,ORD0028038,SKU007033,2026-01-11,battery dead,312.28,Processed
RET008690,ORD0038076,SKU005095,2026-06-03,cheap material,175.87,Processed
RET008691,ORD0093931,SKU001838,2025-09-26,colour different from image,1144.72,Processed
RET008692,ORD0000113,SKU006448,2025-07-28,wrong size ordered,976.53,Rejected
RET008693,ORD0068521,SKU003684,2025-09-23,fabric quality bad,692.65,Processed
RET008694,ORD0053267,SKU009027,2026-11-14,Size issue,494.89,Processed
RET008695,ORD0096542,SKU009495,2026-01-06,broken on arrival,812.03,Processed
RET008696,ORD0107911,SKU007270,2026-03-08,arrived damaged!!,544.55,Processed
RET008697,ORD0037926,SKU007254,2025-11-26,wrong colour delivered,385.53,Processed
RET008698,ORD0077693,SKU006620,2026-05-18,device faulty,1067.5,Processed
RET008699,ORD0078715,SKU008444,2025-01-18,Quality issue,1562.65,Processed
RET008700,ORD0091622,SKU007849,2026-01-22,stopped working after a day,1664.9,Processed
RET008701,ORD0116059,SKU008718,2025-08-08,poor quality,473.7,Processed
RET008702,ORD0068367,SKU007057,2025-08-28,not as described,598.82,Processed
RET008703,ORD0040363,SKU010493,2025-10-31,Doesn't fit properly,3100.98,Processed
RET008704,ORD0067421,SKU000883,2025-12-08,Doesn't fit properly,1486.41,Processed
RET008705,ORD0017905,SKU008179,2025-07-16,packaging torn item broken,160.0,Pending
RET008706,ORD0017763,SKU004126,2026-04-24,arrived damaged!!,386.3,Rejected
RET008707,ORD0039210,SKU012280,2025-10-16,defective piece,3524.53,Processed
RET008708,ORD0035115,SKU002425,2025-07-03,ordered by mistake,458.58,Processed
RET008709,ORD0118893,SKU010012,2026-05-24,device faulty,1221.21,Processed
RET008710,ORD0079607,SKU001047,2026-04-27,different sku received,359.92,Processed
RET008711,ORD0087592,SKU010582,2025-04-01,battery dead,420.95,Processed
RET008712,ORD0001561,SKU010305,2025-05-23,late delivery no longer needed,1711.44,Processed
RET008713,ORD0078060,SKU008304,2026-05-05,Size issue,489.17,Processed
RET008714,ORD0118828,SKU006599,2025-05-22,fabric quality bad,392.5,Processed
RET008715,ORD0090338,SKU007011,2025-04-02,looks different online,742.93,Processed
RET008716,ORD0066111,SKU004329,2025-11-08,wrong size ordered,477.95,Processed
RET008717,ORD0004798,SKU007729,2026-03-17,arrived damaged!!,983.97,Pending
RET008718,ORD0029402,SKU000801,2026-02-06,Doesn't fit properly,947.69,Processed
RET008719,ORD0083618,SKU002402,2025-11-27,ordered by mistake,308.14,Processed
RET008720,ORD0092182,SKU011375,2026-05-09,colour different from image,1209.36,Processed
RET008721,ORD0025650,SKU009247,2025-03-25,fabric quality bad,2200.74,Processed
RET008722,ORD0005059,SKU006377,2025-11-30,wrong size ordered,551.37,Processed
RET008723,ORD0054765,SKU008043,2025-03-13,device faulty,263.53,Processed
RET008724,ORD0110661,SKU005253,2026-02-19,not durable,1211.06,Processed
RET008725,ORD0040481,SKU007561,2026-01-09,different from website photo,953.12,Processed
RET008726,ORD0109045,SKU009216,2025-10-16,colour different from image,452.35,Rejected
RET008727,ORD0035066,SKU009745,2025-12-05,delivered too late,299.09,Processed
RET008728,ORD0088040,SKU004632,2026-03-13,product was cracked,929.06,Processed
RET008729,ORD0100492,SKU010824,2026-06-10,misleading description,247.3,Processed
RET008730,ORD0090515,SKU004612,2025-05-03,Quality issue,713.33,Processed
RET008731,ORD0100818,SKU007150,2025-12-25,SIZE PROBLEM,887.78,Processed
RET008732,ORD0017015,SKU009067,2025-05-28,didnt fit,1217.59,Processed
RET008733,ORD0105189,SKU008698,2026-02-24,size too small,151.61,Processed
RET008734,ORD0091560,SKU010410,2025-08-21,not durable,3091.9,Processed
RET008735,ORD0085089,SKU008582,2026-05-07,wrong item sent,91.19,Processed
RET008736,ORD0025110,SKU010252,2025-09-05,ordered by mistake,310.46,Processed
RET008737,ORD0108243,SKU009642,2026-12-05,arrived after event,400.81,Processed
RET008738,ORD0046239,SKU000787,2026-01-17,Damaged in transit,2073.06,Processed
RET008739,ORD0057048,SKU008864,2025-11-16,late delivery no longer needed,552.27,Processed
RET008740,ORD0047027,SKU002408,2025-02-10,SIZE PROBLEM,590.08,Processed
RET008741,ORD0030030,SKU009417,2026-03-16,product was cracked,594.58,Pending
RET008742,ORD0085088,SKU007490,2025-03-28,Not what I ordered,2752.08,Processed
RET008743,ORD0018915,SKU000136,2025-04-03,cheap material,708.75,Processed
RET008744,ORD0030132,SKU000218,2025-08-17,Doesn't fit properly,4507.57,Processed
RET008745,ORD0064327,SKU009433,2026-01-16,wrong size ordered,657.19,Processed
RET008746,ORD0041233,SKU004190,2025-04-11,cheap material,535.54,Processed
RET008747,ORD0033967,SKU011544,2026-12-14,size too small,1611.61,Processed
RET008748,ORD0084583,SKU010437,2025-07-18,received different product,459.53,Processed
RET008749,ORD0081249,SKU002506,2025-12-02,size chart misleading,1165.38,Pending
RET008750,ORD0078541,SKU000176,2026-03-20,too tight,187.9,Processed
RET008751,ORD0039386,SKU009092,2026-04-07,arrived after event,281.45,Processed
RET008752,ORD0041921,SKU009249,2025-11-29,dont want it now,1036.14,Processed
RET008753,ORD0052346,SKU002343,2026-04-03,Quality issue,594.61,Processed
RET008754,ORD0007471,SKU006268,2025-10-28,delivered too late,227.33,Processed
RET008755,ORD0030231,SKU007821,2025-10-26,ordered by mistake,1088.32,Processed
RET008756,ORD0065145,SKU011021,2026-11-09,Doesn't fit properly,177.52,Processed
RET008757,ORD0017673,SKU004130,2025-11-18,Damaged in transit,739.94,Pending
RET008758,ORD0006626,SKU010802,2026-05-26,size chart misleading,5079.3,Processed
RET008759,ORD0081592,SKU000304,2025-12-03,item damaged,268.31,Processed
RET008760,ORD0002069,SKU002255,2026-02-26,quality not as expected,1684.1,Processed
RET008761,ORD0076731,SKU007421,2025-11-24,size chart misleading,401.67,Processed
RET008762,ORD0105515,SKU012220,2026-06-23,too tight,703.03,Processed
RET008763,ORD0076260,SKU002409,2025-02-10,quality not as expected,361.01,Pending
RET008764,ORD0093474,SKU005802,2025-04-03,poor quality,1075.53,Processed
RET008765,ORD0023743,SKU011685,2025-07-26,packaging torn item broken,3093.87,Processed
RET008766,ORD0036194,SKU010414,2025-03-01,item damaged,292.45,Processed
RET008767,ORD0061538,SKU003145,2025-11-14,Doesn't fit properly,268.07,Processed
RET008768,ORD0088052,SKU008272,2026-02-06,colour different from image,872.82,Processed
RET008769,ORD0043051,SKU011648,2026-12-05,Doesn't fit properly,535.16,Processed
RET008770,ORD0103508,SKU004579,2025-07-05,poor quality,840.57,Processed
RET008771,ORD0103133,SKU012282,2025-10-05,Size issue,5006.7,Processed
RET008772,ORD0096453,SKU006262,2026-02-28,looks different online,2697.47,Processed
RET008773,ORD0059252,SKU007084,2025-09-01,different from website photo,691.21,Processed
RET008774,ORD0111178,SKU010536,2026-02-16,poor quality,181.15,Processed
RET008775,ORD0114840,SKU004017,2025-08-16,not durable,680.74,Pending
RET008776,ORD0001017,SKU001995,2025-11-13,fabric quality bad,141.03,Processed
RET008777,ORD0054186,SKU010333,2025-11-12,arrived damaged!!,3429.79,Processed
RET008778,ORD0027694,SKU010247,2026-03-15,arrived damaged!!,157.17,Processed
RET008779,ORD0107627,SKU008388,2025-12-06,wrong colour delivered,434.38,Processed
RET008780,ORD0074753,SKU011725,2025-09-23,size chart misleading,741.34,Processed
RET008781,ORD0069647,SKU008279,2025-06-01,item damaged,1171.08,Processed
RET008782,ORD0060968,SKU012362,2025-08-27,colour different from image,865.86,Processed
RET008783,ORD0048495,SKU001910,2026-06-17,different from website photo,866.68,Processed
RET008784,ORD0106088,SKU005284,2025-09-26,wrong size ordered,277.6,Processed
RET008785,ORD0098670,SKU008620,2026-12-14,defective piece,920.44,Processed
RET008786,ORD0039845,SKU009380,2025-12-09,arrived damaged!!,243.18,Processed
RET008787,ORD0034844,SKU007326,2025-10-19,Doesn't fit properly,777.16,Processed
RET008788,ORD0046837,SKU004591,2025-05-08,looks different online,909.86,Processed
RET008789,ORD0075804,SKU001202,2026-04-08,Quality issue,1581.34,Processed
RET008790,ORD0095045,SKU008880,2025-06-18,not durable,366.27,Processed
RET008791,ORD0027594,SKU011783,2025-06-29,broken on arrival,222.03,Processed
RET008792,ORD0092647,SKU010499,2025-12-28,battery dead,711.94,Processed
RET008793,ORD0081648,SKU005299,2025-08-19,wrong size ordered,413.0,Processed
RET008794,ORD0094437,SKU008967,2026-03-12,size too small,637.35,Processed
RET008795,ORD0096126,SKU011978,2025-10-24,not durable,391.69,Processed
RET008796,ORD0092990,SKU007140,2026-02-08,changed my mind,1203.12,Processed
RET008797,ORD0001661,SKU000246,2026-06-09,too tight,597.72,Processed
RET008798,ORD0047395,SKU009548,2026-06-29,packaging torn item broken,1098.61,Processed
RET008799,ORD0060593,SKU006400,2026-01-10,SIZE PROBLEM,2555.33,Processed
RET008800,ORD0001544,SKU001114,2026-05-18,not working,1733.61,Processed
RET008801,ORD0078398,SKU008400,2025-06-08,product was cracked,603.69,Processed
RET008802,ORD0078256,SKU001280,2025-04-26,item damaged,1321.92,Processed
RET008803,ORD0044022,SKU011384,2025-06-11,didnt fit,622.11,Processed
RET008804,ORD0024311,SKU007958,2026-05-28,Damaged in transit,226.69,Processed
RET008805,ORD0065088,SKU006552,2025-04-14,product was cracked,338.67,Processed
RET008806,ORD0024826,SKU002712,2026-11-13,not working,1674.14,Processed
RET008807,ORD0025193,SKU001099,2026-07-11,late delivery no longer needed,852.03,Processed
RET008808,ORD0026508,SKU002693,2025-12-21,received different product,154.5,Processed
RET008809,ORD0102253,SKU003711,2025-04-22,late delivery no longer needed,498.67,Processed
RET008810,ORD0050139,SKU006688,2025-11-13,Delayed delivery,1465.15,Pending
RET008811,ORD0034620,SKU011713,2025-02-13,changed my mind,1253.8,Processed
RET008812,ORD0040383,SKU003850,2025-06-24,device faulty,944.84,Processed
RET008813,ORD0082500,SKU011394,2026-03-26,size too small,4597.91,Pending
RET008814,ORD0079082,SKU011158,2026-05-22,changed my mind,224.04,Processed
RET008815,ORD0091904,SKU000163,2026-12-15,Quality issue,442.05,Processed
RET008816,ORD0084183,SKU005045,2025-05-26,size chart misleading,664.33,Processed
RET008817,ORD0018287,SKU003428,2025-05-29,didnt fit,285.97,Processed
RET008818,ORD0039951,SKU000606,2026-01-24,quality not as expected,517.9,Processed
RET008819,ORD0101422,SKU009731,2026-06-27,misleading description,1272.43,Processed
RET008820,ORD0078817,SKU008442,2026-03-10,packaging torn item broken,1087.62,Processed
RET008821,ORD0072445,SKU002575,2026-02-16,arrived damaged!!,730.83,Processed
RET008822,ORD0098726,SKU005385,2025-05-07,quality not as expected,941.95,Pending
RET008823,ORD0089715,SKU002900,2025-12-24,colour different from image,1082.65,Processed
RET008824,ORD0022054,SKU000050,2026-02-09,wrong item sent,1729.52,Processed
RET008825,ORD0088509,SKU007885,2025-09-03,product was cracked,986.11,Processed
RET008826,ORD0009282,SKU002645,2025-05-12,product was cracked,4126.33,Pending
RET008827,ORD0117930,SKU009440,2025-09-11,wrong size ordered,852.59,Processed
RET008828,ORD0060992,SKU007500,2025-06-12,Not what I ordered,810.15,Processed
RET008829,ORD0005697,SKU010160,2026-06-24,received different product,551.97,Processed
RET008830,ORD0071864,SKU003249,2026-06-30,poor quality,1122.41,Pending
RET008831,ORD0021916,SKU006413,2025-08-06,different sku received,647.82,Processed
RET008832,ORD0098402,SKU004230,2026-04-09,Not what I ordered,1072.27,Processed
RET008833,ORD0019656,SKU003856,2026-03-28,received different product,3107.83,Processed
RET008834,ORD0000437,SKU006989,2025-07-08,ordered by mistake,2094.89,Processed
RET008835,ORD0068924,SKU006653,2026-01-13,size too small,365.08,Processed
RET008836,ORD0020721,SKU001409,2025-10-18,received different product,520.03,Processed
RET008837,ORD0047185,SKU007276,2025-05-24,Quality issue,705.21,Processed
RET008838,ORD0035561,SKU002731,2025-11-20,arrived damaged!!,790.78,Processed
RET008839,ORD0000716,SKU009419,2026-02-10,late delivery no longer needed,874.63,Rejected
RET008840,ORD0029853,SKU000270,2025-06-28,SIZE PROBLEM,839.29,Processed
RET008841,ORD0105471,SKU005789,2026-04-10,colour different from image,151.32,Processed
RET008842,ORD0021388,SKU003498,2025-09-03,late delivery no longer needed,719.89,Processed
RET008843,ORD0067815,SKU001752,2025-12-30,quality not as expected,381.71,Processed
RET008844,ORD0103694,SKU004438,2026-04-05,dont want it now,464.36,Pending
RET008845,ORD0075812,SKU009113,2026-03-15,Damaged in transit,690.07,Processed
RET008846,ORD0033714,SKU001649,2026-06-28,size too small,69.76,Pending
RET008847,ORD0000206,SKU003912,2026-06-06,wrong item sent,437.21,Processed
RET008848,ORD0102037,SKU008021,2025-07-16,Doesn't fit properly,700.35,Processed
RET008849,ORD0089947,SKU004527,2026-04-26,received different product,979.72,Processed
RET008850,ORD0115234,SKU011471,2025-10-14,device faulty,963.25,Pending
RET008851,ORD0085077,SKU005803,2025-04-24,quality not as expected,211.07,Processed
RET008852,ORD0022929,SKU001496,2025-10-24,Delayed delivery,221.47,Processed
RET008853,ORD0070245,SKU005085,2025-05-20,product was cracked,316.12,Processed
RET008854,ORD0069382,SKU011482,2025-03-02,Size issue,349.13,Processed
RET008855,ORD0082080,SKU009170,2026-05-02,changed my mind,788.18,Processed
RET008856,ORD0068497,SKU003908,2025-04-11,looks different online,882.06,Processed
RET008857,ORD0021271,SKU003131,2025-11-28,fabric quality bad,551.71,Processed
RET008858,ORD0012039,SKU004411,2025-06-19,Damaged in transit,551.14,Processed
RET008859,ORD0059384,SKU000216,2026-04-13,quality not as expected,682.33,Processed
RET008860,ORD0022386,SKU001759,2026-03-01,no longer needed,1963.57,Processed
RET008861,ORD0011244,SKU003622,2025-12-20,wrong item sent,597.09,Processed
RET008862,ORD0017942,SKU010369,2025-05-05,Quality issue,1073.82,Processed
RET008863,ORD0115728,SKU009956,2026-05-31,quality not as expected,459.69,Processed
RET008864,ORD0056569,SKU007917,2026-02-24,Quality issue,1296.0,Processed
RET008865,ORD0027680,SKU004567,2025-04-01,product was cracked,1319.83,Pending
RET008866,ORD0079271,SKU008387,2025-10-23,no longer needed,618.33,Processed
RET008867,ORD0020783,SKU006907,2025-11-04,not as described,955.89,Processed
RET008868,ORD0047242,SKU005861,2025-10-10,broken on arrival,420.46,Pending
RET008869,ORD0091372,SKU005326,2025-04-10,too tight,198.92,Processed
RET008870,ORD0024097,SKU005396,2025-11-19,wrong item sent,380.39,Processed
RET008871,ORD0040133,SKU007263,2025-03-22,colour different from image,337.12,Processed
RET008872,ORD0007845,SKU008081,2025-03-02,looks different online,6583.25,Processed
RET008873,ORD0115970,SKU010632,2025-05-02,colour different from image,458.41,Processed
RET008874,ORD0020907,SKU001768,2026-11-10,SIZE PROBLEM,1605.42,Processed
RET008875,ORD0029080,SKU010630,2026-03-07,not as described,513.92,Processed
RET008876,ORD0088276,SKU008470,2025-06-12,changed my mind,202.86,Processed
RET008877,ORD0085506,SKU004114,2026-06-05,Doesn't fit properly,915.75,Processed
RET008878,ORD0061657,SKU000173,2026-06-29,item damaged,559.49,Processed
RET008879,ORD0018612,SKU002630,2025-10-20,found cheaper elsewhere,262.54,Processed
RET008880,ORD0091304,SKU005305,2025-02-11,late delivery no longer needed,703.26,Processed
RET008881,ORD0089553,SKU001287,2025-02-24,not as described,1108.27,Processed
RET008882,ORD0028943,SKU007280,2026-06-04,Damaged in transit,594.88,Processed
RET008883,ORD0089056,SKU001395,2025-11-08,received different product,598.0,Processed
RET008884,ORD0001300,SKU003239,2025-09-18,SIZE PROBLEM,556.75,Processed
RET008885,ORD0026985,SKU005809,2026-02-24,size too small,825.94,Processed
RET008886,ORD0098391,SKU004722,2025-07-23,item damaged,243.46,Processed
RET008887,ORD0016647,SKU004091,2025-08-26,late delivery no longer needed,623.03,Pending
RET008888,ORD0074163,SKU010681,2025-10-27,Not what I ordered,1848.82,Pending
RET008889,ORD0043905,SKU008103,2025-11-26,Damaged in transit,588.79,Processed
RET008890,ORD0037361,SKU007463,2025-05-16,no longer needed,1399.48,Processed
RET008891,ORD0012813,SKU001804,2025-12-07,Damaged in transit,1143.02,Processed
RET008892,ORD0025650,SKU007393,2025-03-19,delivered too late,276.76,Processed
RET008893,ORD0060146,SKU000271,2025-12-08,item damaged,747.17,Processed
RET008894,ORD0018646,SKU004524,2025-12-03,wrong size ordered,875.32,Processed
RET008895,ORD0021758,SKU006346,2025-11-13,misleading description,316.79,Processed
RET008896,ORD0117974,SKU002068,2026-05-15,wrong colour delivered,779.3,Processed
RET008897,ORD0057700,SKU010116,2026-06-30,packaging torn item broken,335.43,Processed
RET008898,ORD0103978,SKU007950,2026-06-03,Damaged in transit,3673.16,Pending
RET008899,ORD0008565,SKU007599,2026-05-03,Quality issue,720.96,Processed
RET008900,ORD0028682,SKU002810,2025-12-13,Doesn't fit properly,168.84,Processed
RET008901,ORD0025193,SKU001926,2026-07-13,Damaged in transit,428.55,Processed
RET008902,ORD0082756,SKU011843,2025-12-19,not working,3102.42,Processed
RET008903,ORD0095114,SKU012433,2026-05-19,size chart misleading,473.56,Processed
RET008904,ORD0044464,SKU011032,2025-04-26,dont want it now,903.27,Pending
RET008905,ORD0090099,SKU011045,2025-09-08,poor quality,822.82,Processed
RET008906,ORD0092182,SKU003900,2026-05-11,too tight,519.69,Rejected
RET008907,ORD0043318,SKU009138,2025-11-14,Quality issue,302.53,Processed
RET008908,ORD0107823,SKU011095,2025-10-13,size chart misleading,353.4,Processed
RET008909,ORD0064267,SKU003468,2026-02-25,colour different from image,540.97,Processed
RET008910,ORD0066223,SKU009179,2026-11-15,Quality issue,615.05,Processed
RET008911,ORD0034827,SKU004820,2025-07-09,dont want it now,1229.02,Processed
RET008912,ORD0090515,SKU007058,2025-05-27,different from website photo,1078.55,Processed
RET008913,ORD0050494,SKU011116,2025-05-19,item damaged,351.33,Rejected
RET008914,ORD0114501,SKU011106,2025-08-23,received different product,1061.76,Processed
RET008915,ORD0111173,SKU011866,2025-09-07,received different product,289.78,Processed
RET008916,ORD0009526,SKU011504,2026-04-07,size too small,286.33,Processed
RET008917,ORD0079670,SKU006293,2026-07-19,didnt fit,839.0,Processed
RET008918,ORD0084549,SKU006983,2025-06-12,Size issue,398.49,Processed
RET008919,ORD0042373,SKU008935,2025-11-09,fabric quality bad,1102.81,Processed
RET008920,ORD0036597,SKU009701,2026-06-06,arrived after event,1366.66,Processed
RET008921,ORD0110650,SKU006565,2026-05-28,misleading description,2409.22,Processed
RET008922,ORD0113459,SKU006780,2025-02-06,colour different from image,854.12,Processed
RET008923,ORD0038298,SKU007009,2026-07-02,device faulty,767.07,Processed
RET008924,ORD0050933,SKU006785,2025-05-25,wrong size ordered,2033.22,Processed
RET008925,ORD0050642,SKU001184,2025-04-24,SIZE PROBLEM,262.42,Processed
RET008926,ORD0093524,SKU000253,2025-09-06,SIZE PROBLEM,1367.93,Processed
RET008927,ORD0075129,SKU007304,2025-07-02,cheap material,1225.73,Processed
RET008928,ORD0063522,SKU009737,2025-02-24,Damaged in transit,674.66,Processed
RET008929,ORD0098352,SKU000983,2026-07-01,not durable,686.12,Processed
RET008930,ORD0044879,SKU010393,2025-10-28,Size issue,249.72,Processed
RET008931,ORD0042559,SKU012313,2025-03-31,defective piece,2039.99,Pending
RET008932,ORD0107070,SKU007803,2025-04-26,Doesn't fit properly,1237.55,Processed
RET008933,ORD0030526,SKU009181,2025-11-13,item damaged,2074.44,Processed
RET008934,ORD0041921,SKU003180,2025-11-14,Quality issue,80.77,Processed
RET008935,ORD0033231,SKU007418,2025-08-17,cheap material,1013.48,Rejected
RET008936,ORD0011418,SKU012268,2025-04-03,size too small,363.41,Processed
RET008937,ORD0074647,SKU004712,2025-07-13,wrong size ordered,1580.72,Processed
RET008938,ORD0015977,SKU007983,2025-10-17,not durable,824.93,Processed
RET008939,ORD0114485,SKU007798,2025-06-14,too tight,845.57,Processed
RET008940,ORD0087434,SKU010878,2025-11-21,didnt fit,516.87,Rejected
RET008941,ORD0018244,SKU002203,2025-04-18,size chart misleading,433.08,Pending
RET008942,ORD0106283,SKU008752,2026-11-17,looks different online,483.65,Processed
RET008943,ORD0058466,SKU009157,2025-12-17,didnt fit,640.78,Processed
RET008944,ORD0047336,SKU008490,2026-10-21,item damaged,1376.74,Processed
RET008945,ORD0091912,SKU002105,2025-10-28,not as described,705.53,Processed
RET008946,ORD0030187,SKU002606,2026-11-03,wrong item sent,406.79,Processed
RET008947,ORD0115140,SKU010345,2025-11-03,Not what I ordered,1575.13,Processed
RET008948,ORD0079416,SKU009605,2025-05-27,ordered by mistake,442.8,Processed
RET008949,ORD0113556,SKU002703,2026-05-26,too tight,843.6,Processed
RET008950,ORD0055540,SKU000050,2025-11-30,size chart misleading,1057.14,Processed
RET008951,ORD0052805,SKU006085,2026-05-20,arrived damaged!!,613.35,Processed
RET008952,ORD0016165,SKU002940,2025-06-16,poor quality,539.3,Processed
RET008953,ORD0074271,SKU006923,2025-05-11,didnt fit,544.83,Processed
RET008954,ORD0001802,SKU002086,2025-11-17,poor quality,1732.57,Processed
RET008955,ORD0032447,SKU000790,2026-01-02,item damaged,434.18,Pending
RET008956,ORD0038447,SKU003264,2025-10-17,defective piece,567.5,Processed
RET008957,ORD0094415,SKU000401,2025-06-04,quality not as expected,3777.49,Processed
RET008958,ORD0024463,SKU002958,2025-11-21,wrong size ordered,1373.08,Processed
RET008959,ORD0111809,SKU005278,2025-03-18,broken on arrival,452.67,Processed
RET008960,ORD0071316,SKU006340,2025-02-26,dont want it now,1114.68,Rejected
RET008961,ORD0033253,SKU011667,2025-09-24,quality not as expected,205.17,Processed
RET008962,ORD0103236,SKU010001,2026-06-13,wrong colour delivered,1356.03,Processed
RET008963,ORD0107554,SKU000006,2025-11-05,changed my mind,803.09,Processed
RET008964,ORD0075221,SKU002282,2025-10-23,ordered by mistake,1618.05,Pending
RET008965,ORD0085084,SKU005037,2025-01-29,arrived damaged!!,263.5,Processed
RET008966,ORD0042623,SKU004854,2025-03-22,Size issue,780.86,Processed
RET008967,ORD0012357,SKU004683,2025-06-28,stopped working after a day,132.3,Processed
RET008968,ORD0018130,SKU004582,2025-04-21,size chart misleading,290.57,Processed
RET008969,ORD0006328,SKU005641,2026-04-24,found cheaper elsewhere,325.49,Processed
RET008970,ORD0103236,SKU002442,2026-06-13,Not what I ordered,1179.1,Processed
RET008971,ORD0043554,SKU009220,2025-12-09,wrong item sent,516.57,Processed
RET008972,ORD0012336,SKU005707,2026-02-24,SIZE PROBLEM,195.83,Processed
RET008973,ORD0070897,SKU001803,2026-01-09,wrong item sent,472.76,Processed
RET008974,ORD0094375,SKU005457,2025-06-30,didnt fit,212.87,Processed
RET008975,ORD0004180,SKU003141,2025-08-13,colour different from image,914.98,Processed
RET008976,ORD0005317,SKU000154,2025-07-13,misleading description,2305.99,Processed
RET008977,ORD0107748,SKU002791,2025-12-27,wrong item sent,867.16,Processed
RET008978,ORD0087751,SKU009440,2025-06-24,device faulty,473.11,Pending
RET008979,ORD0069451,SKU003433,2026-04-30,packaging torn item broken,175.43,Processed
RET008980,ORD0058776,SKU009225,2025-03-30,poor quality,2255.58,Processed
RET008981,ORD0001795,SKU004711,2025-09-30,misleading description,692.93,Processed
RET008982,ORD0101261,SKU004452,2026-04-06,Size issue,200.33,Processed
RET008983,ORD0062402,SKU010354,2025-08-06,Not what I ordered,335.34,Processed
RET008984,ORD0067162,SKU003130,2025-10-22,Doesn't fit properly,430.7,Processed
RET008985,ORD0008098,SKU012237,2025-10-19,product was cracked,458.3,Processed
RET008986,ORD0057838,SKU003767,2026-05-12,dont want it now,734.66,Processed
RET008987,ORD0008095,SKU005195,2026-12-22,found cheaper elsewhere,217.16,Processed
RET008988,ORD0055547,SKU007283,2025-10-03,Not what I ordered,1285.72,Pending
RET008989,ORD0012574,SKU007932,2026-03-22,ordered by mistake,247.89,Pending
RET008990,ORD0047010,SKU007400,2026-01-20,Size issue,1340.83,Rejected
RET008991,ORD0004064,SKU009978,2026-06-10,delivered too late,1192.54,Processed
RET008992,ORD0071959,SKU006743,2025-10-12,device faulty,772.14,Processed
RET008993,ORD0023402,SKU004931,2026-01-15,Doesn't fit properly,1190.49,Processed
RET008994,ORD0018657,SKU007925,2025-06-05,size too small,369.86,Rejected
RET008995,ORD0012485,SKU009142,2026-03-26,Quality issue,78.14,Processed
RET008996,ORD0003552,SKU001122,2025-02-19,defective piece,461.69,Processed
RET008997,ORD0084183,SKU000399,2025-05-14,wrong item sent,415.8,Processed
RET008998,ORD0050051,SKU011372,2026-03-24,size too small,431.63,Processed
RET008999,ORD0032989,SKU006776,2025-11-21,arrived damaged!!,520.68,Processed
RET009000,ORD0037579,SKU000825,2026-05-19,size too small,2192.17,Processed
RET009001,ORD0029349,SKU007248,2025-04-28,size chart misleading,591.95,Processed
RET009002,ORD0088641,SKU011551,2025-11-24,not as described,265.82,Processed
RET009003,ORD0016542,SKU003133,2026-03-28,SIZE PROBLEM,597.63,Rejected
RET009004,ORD0069202,SKU008650,2025-06-02,didnt fit,1007.82,Processed
RET009005,ORD0109760,SKU001837,2025-02-25,not durable,597.01,Processed
RET009006,ORD0021596,SKU006697,2025-10-05,Doesn't fit properly,798.64,Processed
RET009007,ORD0115647,SKU003926,2025-08-25,Size issue,197.66,Processed
RET009008,ORD0076811,SKU007801,2026-03-20,wrong size ordered,389.1,Processed
RET009009,ORD0092792,SKU009325,2026-03-27,size too small,169.99,Processed
RET009010,ORD0029790,SKU003806,2026-11-19,arrived after event,898.36,Processed
RET009011,ORD0010602,SKU003387,2025-12-04,arrived damaged!!,429.85,Processed
RET009012,ORD0119725,SKU011293,2025-01-30,SIZE PROBLEM,552.04,Processed
RET009013,ORD0022128,SKU006750,2025-04-21,wrong size ordered,347.91,Processed
RET009014,ORD0083489,SKU005924,2026-05-15,misleading description,1818.18,Processed
RET009015,ORD0084993,SKU010218,2026-01-11,received different product,919.93,Processed
RET009016,ORD0093068,SKU010789,2026-03-20,ordered by mistake,207.09,Processed
RET009017,ORD0075278,SKU007028,2025-05-24,Delayed delivery,547.21,Pending
RET009018,ORD0103313,SKU008263,2025-07-29,received different product,486.92,Processed
RET009019,ORD0070218,SKU007298,2025-11-01,fabric quality bad,3182.76,Processed
RET009020,ORD0040107,SKU009160,2026-02-16,defective piece,259.74,Processed
RET009021,ORD0097644,SKU007041,2026-01-24,stopped working after a day,461.95,Processed
RET009022,ORD0100305,SKU010514,2026-02-01,broken on arrival,1909.0,Processed
RET009023,ORD0118773,SKU010205,2025-08-07,received different product,956.93,Processed
RET009024,ORD0015432,SKU005728,2026-04-17,colour different from image,1311.81,Processed
RET009025,ORD0086408,SKU012075,2026-06-12,wrong colour delivered,1226.86,Pending
RET009026,ORD0002450,SKU012027,2026-11-28,wrong size ordered,392.06,Pending
RET009027,ORD0095692,SKU000041,2025-11-18,Quality issue,129.1,Processed
RET009028,ORD0113227,SKU008646,2026-12-11,packaging torn item broken,308.25,Processed
RET009029,ORD0048480,SKU005117,2026-04-15,fabric quality bad,1735.66,Processed
RET009030,ORD0044642,SKU008748,2026-04-26,item damaged,2163.41,Processed
RET009031,ORD0010164,SKU002514,2026-02-02,didnt fit,476.05,Pending
RET009032,ORD0033435,SKU009773,2025-04-10,wrong colour delivered,218.56,Processed
RET009033,ORD0014550,SKU006951,2025-03-17,wrong colour delivered,2365.37,Processed
RET009034,ORD0049649,SKU009164,2026-01-20,late delivery no longer needed,1182.83,Processed
RET009035,ORD0073111,SKU000040,2025-01-29,Not what I ordered,498.19,Processed
RET009036,ORD0113486,SKU010610,2026-03-21,different from website photo,752.32,Processed
RET009037,ORD0066223,SKU007558,2026-11-17,Quality issue,588.39,Processed
RET009038,ORD0029964,SKU003872,2026-06-01,found cheaper elsewhere,426.75,Processed
RET009039,ORD0051679,SKU004646,2026-04-21,found cheaper elsewhere,1463.83,Processed
RET009040,ORD0108817,SKU011425,2025-07-14,no longer needed,1972.51,Processed
RET009041,ORD0014307,SKU008280,2025-11-20,ordered by mistake,517.86,Pending
RET009042,ORD0084787,SKU002843,2026-05-23,Size issue,857.66,Processed
RET009043,ORD0093931,SKU007972,2025-09-17,Damaged in transit,1894.38,Processed
RET009044,ORD0032397,SKU004955,2025-10-09,different from website photo,1290.24,Processed
RET009045,ORD0091468,SKU012263,2025-12-18,Not what I ordered,3658.49,Processed
RET009046,ORD0096024,SKU007268,2025-05-29,poor quality,327.64,Processed
RET009047,ORD0027674,SKU003693,2025-02-06,late delivery no longer needed,203.9,Processed
RET009048,ORD0103882,SKU002813,2026-03-05,poor quality,611.58,Pending
RET009049,ORD0104380,SKU000731,2026-01-09,device faulty,618.07,Processed
RET009050,ORD0053169,SKU003598,2025-08-17,didnt fit,1843.92,Pending
RET009051,ORD0058895,SKU005976,2025-11-06,quality not as expected,502.06,Processed
RET009052,ORD0058093,SKU001505,2025-07-24,too tight,297.87,Processed
RET009053,ORD0041461,SKU002972,2025-12-05,different sku received,601.92,Processed
RET009054,ORD0071323,SKU009353,2025-03-08,Doesn't fit properly,310.94,Pending
RET009055,ORD0014830,SKU001878,2026-11-14,Doesn't fit properly,630.88,Processed
RET009056,ORD0014346,SKU006152,2026-05-08,SIZE PROBLEM,208.99,Rejected
RET009057,ORD0091479,SKU003328,2026-03-06,changed my mind,303.34,Processed
RET009058,ORD0029230,SKU005731,2026-03-12,defective piece,875.21,Processed
RET009059,ORD0076336,SKU001010,2026-12-14,didnt fit,154.21,Processed
RET009060,ORD0056111,SKU011534,2025-03-08,Delayed delivery,1094.45,Processed
RET009061,ORD0027569,SKU008781,2025-04-09,Doesn't fit properly,1499.98,Processed
RET009062,ORD0046219,SKU002749,2026-03-08,colour different from image,139.8,Rejected
RET009063,ORD0030433,SKU011830,2025-06-12,found cheaper elsewhere,902.55,Processed
RET009064,ORD0003829,SKU001683,2025-10-25,didnt fit,914.33,Processed
RET009065,ORD0108877,SKU011832,2025-05-09,different sku received,728.5,Processed
RET009066,ORD0105838,SKU003216,2025-12-02,Damaged in transit,537.96,Pending
RET009067,ORD0097267,SKU008387,2026-04-11,device faulty,710.24,Processed
RET009068,ORD0097414,SKU004887,2025-08-16,received different product,405.76,Processed
RET009069,ORD0092358,SKU007663,2025-02-22,defective piece,1733.02,Processed
RET009070,ORD0109275,SKU004603,2026-02-21,arrived damaged!!,1492.5,Processed
RET009071,ORD0016128,SKU011557,2026-01-21,ordered by mistake,489.99,Processed
RET009072,ORD0058661,SKU001609,2025-02-26,changed my mind,582.77,Pending
RET009073,ORD0089414,SKU006467,2026-04-23,arrived damaged!!,1039.83,Processed
RET009074,ORD0044484,SKU003733,2025-02-17,wrong item sent,897.02,Processed
RET009075,ORD0039003,SKU003657,2026-02-27,packaging torn item broken,163.05,Processed
RET009076,ORD0018959,SKU000889,2026-01-07,size chart misleading,207.53,Processed
RET009077,ORD0088054,SKU007309,2025-02-12,late delivery no longer needed,1391.09,Processed
RET009078,ORD0069102,SKU004007,2026-02-01,dont want it now,578.67,Processed
RET009079,ORD0090236,SKU008102,2025-06-12,wrong item sent,867.83,Processed
RET009080,ORD0030856,SKU003936,2025-06-03,misleading description,296.24,Processed
RET009081,ORD0029706,SKU005868,2025-12-18,item damaged,419.31,Processed
RET009082,ORD0104066,SKU007868,2026-05-04,packaging torn item broken,248.5,Processed
RET009083,ORD0007652,SKU007851,2025-07-12,Damaged in transit,660.51,Processed
RET009084,ORD0017798,SKU000914,2025-12-24,item damaged,676.61,Processed
RET009085,ORD0040429,SKU008214,2025-03-21,not as described,883.89,Processed
RET009086,ORD0019809,SKU011532,2025-08-09,delivered too late,371.4,Processed
RET009087,ORD0028529,SKU005418,2025-04-25,different sku received,239.87,Processed
RET009088,ORD0029402,SKU003117,2026-01-28,wrong colour delivered,341.96,Processed
RET009089,ORD0072564,SKU002950,2025-04-19,product was cracked,1202.11,Processed
RET009090,ORD0024804,SKU006045,2025-09-11,Delayed delivery,286.01,Processed
RET009091,ORD0080078,SKU011143,2025-09-26,Damaged in transit,1004.57,Processed
RET009092,ORD0095207,SKU010121,2026-04-15,different from website photo,294.38,Processed
RET009093,ORD0111261,SKU007590,2026-01-09,SIZE PROBLEM,267.52,Processed
RET009094,ORD0053910,SKU001781,2025-12-18,Size issue,1203.64,Pending
RET009095,ORD0005076,SKU011862,2026-06-13,arrived damaged!!,485.79,Pending
RET009096,ORD0022639,SKU011180,2025-04-27,Delayed delivery,121.78,Rejected
RET009097,ORD0082559,SKU001208,2026-03-24,wrong colour delivered,335.88,Processed
RET009098,ORD0059564,SKU008460,2026-10-08,item damaged,627.2,Processed
RET009099,ORD0114979,SKU005093,2025-12-03,defective piece,427.36,Pending
RET009100,ORD0009247,SKU007454,2025-06-18,received different product,1908.45,Processed
RET009101,ORD0034264,SKU000594,2025-06-21,product was cracked,602.53,Processed
RET009102,ORD0033251,SKU006418,2025-05-06,quality not as expected,273.48,Processed
RET009103,ORD0066627,SKU009685,2025-11-28,Doesn't fit properly,1072.82,Processed
RET009104,ORD0030403,SKU000464,2025-09-10,cheap material,1032.19,Processed
RET009105,ORD0091915,SKU010186,2026-05-04,looks different online,1484.44,Processed
RET009106,ORD0053189,SKU005719,2026-02-19,poor quality,1358.51,Pending
RET009107,ORD0043686,SKU004303,2025-05-06,stopped working after a day,770.49,Processed
RET009108,ORD0089025,SKU007296,2025-03-31,found cheaper elsewhere,2505.7,Pending
RET009109,ORD0021282,SKU005229,2025-06-29,packaging torn item broken,903.49,Processed
RET009110,ORD0105804,SKU001588,2025-11-08,cheap material,581.57,Processed
RET009111,ORD0109659,SKU009428,2025-05-31,stopped working after a day,172.06,Processed
RET009112,ORD0117734,SKU007803,2025-02-13,different sku received,1332.11,Processed
RET009113,ORD0113188,SKU001594,2025-07-24,defective piece,1072.02,Processed
RET009114,ORD0018846,SKU012320,2026-06-26,too tight,513.68,Processed
RET009115,ORD0001472,SKU002308,2025-04-25,item damaged,112.4,Pending
RET009116,ORD0038178,SKU004929,2025-08-25,dont want it now,1125.32,Processed
RET009117,ORD0089475,SKU009849,2025-01-15,poor quality,1533.56,Pending
RET009118,ORD0019446,SKU002216,2026-02-21,arrived damaged!!,1136.61,Processed
RET009119,ORD0078598,SKU002775,2025-12-03,received different product,833.95,Processed
RET009120,ORD0102924,SKU004457,2025-03-25,too tight,1057.22,Processed
RET009121,ORD0032740,SKU007192,2026-02-04,Damaged in transit,350.03,Pending
RET009122,ORD0021695,SKU010691,2026-06-27,arrived after event,986.07,Processed
RET009123,ORD0050721,SKU005882,2025-02-02,misleading description,1073.36,Processed
RET009124,ORD0016542,SKU000856,2026-03-20,didnt fit,144.07,Processed
RET009125,ORD0091560,SKU006059,2025-08-23,SIZE PROBLEM,304.1,Processed
RET009126,ORD0005797,SKU000917,2025-05-14,didnt fit,388.17,Processed
RET009127,ORD0036636,SKU008193,2025-07-16,defective piece,710.7,Processed
RET009128,ORD0044557,SKU001246,2026-05-23,fabric quality bad,658.88,Processed
RET009129,ORD0098016,SKU002112,2026-02-17,arrived after event,829.56,Pending
RET009130,ORD0001207,SKU006505,2026-02-23,didnt fit,1403.45,Processed
RET009131,ORD0071542,SKU001044,2025-03-12,product was cracked,960.21,Processed
RET009132,ORD0031992,SKU003843,2025-03-20,poor quality,646.67,Pending
RET009133,ORD0039668,SKU011399,2025-01-28,misleading description,816.83,Pending
RET009134,ORD0004629,SKU003011,2026-02-23,Damaged in transit,573.87,Processed
RET009135,ORD0044666,SKU005554,2026-03-13,different from website photo,470.3,Processed
RET009136,ORD0001839,SKU001861,2026-02-27,Size issue,178.84,Processed
RET009137,ORD0065188,SKU005415,2026-05-26,broken on arrival,228.95,Processed
RET009138,ORD0005499,SKU005806,2025-06-17,Damaged in transit,1361.12,Processed
RET009139,ORD0013055,SKU011148,2026-04-09,no longer needed,1684.76,Pending
RET009140,ORD0075306,SKU003455,2026-06-07,product was cracked,1180.67,Pending
RET009141,ORD0021596,SKU009897,2025-10-03,Doesn't fit properly,204.79,Processed
RET009142,ORD0101261,SKU008700,2026-04-08,looks different online,89.91,Processed
RET009143,ORD0085564,SKU007030,2025-10-24,broken on arrival,893.46,Processed
RET009144,ORD0077922,SKU000122,2025-04-25,SIZE PROBLEM,339.77,Processed
RET009145,ORD0011911,SKU005126,2026-02-28,didnt fit,500.25,Processed
RET009146,ORD0035016,SKU007994,2026-10-31,looks different online,1444.66,Processed
RET009147,ORD0053188,SKU005200,2025-07-16,quality not as expected,1882.21,Processed
RET009148,ORD0037147,SKU012195,2025-12-18,Delayed delivery,879.29,Processed
RET009149,ORD0052986,SKU008930,2025-05-19,SIZE PROBLEM,1320.67,Processed
RET009150,ORD0038278,SKU008971,2025-05-03,wrong size ordered,320.74,Processed
RET009151,ORD0107165,SKU011226,2025-02-25,wrong size ordered,2094.05,Processed
RET009152,ORD0027580,SKU010880,2025-03-25,late delivery no longer needed,397.7,Processed
RET009153,ORD0100084,SKU001592,2025-12-20,stopped working after a day,739.88,Processed
RET009154,ORD0055726,SKU007677,2026-07-13,quality not as expected,837.8,Processed
RET009155,ORD0109387,SKU008000,2026-02-13,found cheaper elsewhere,2856.3,Processed
RET009156,ORD0085398,SKU001927,2026-03-07,Damaged in transit,233.52,Processed
RET009157,ORD0089517,SKU005681,2026-05-24,ordered by mistake,883.42,Processed
RET009158,ORD0059271,SKU001615,2026-06-17,different sku received,1554.55,Processed
RET009159,ORD0088833,SKU008752,2026-07-13,no longer needed,82.14,Rejected
RET009160,ORD0016371,SKU000699,2025-02-07,fabric quality bad,456.77,Processed
RET009161,ORD0009640,SKU010196,2025-01-28,colour different from image,263.99,Processed
RET009162,ORD0091176,SKU009476,2025-11-30,size chart misleading,515.0,Processed
RET009163,ORD0026663,SKU008944,2026-03-14,looks different online,634.54,Processed
RET009164,ORD0073149,SKU011788,2026-11-11,arrived after event,372.63,Processed
RET009165,ORD0055545,SKU008871,2026-07-23,wrong size ordered,415.35,Pending
RET009166,ORD0119020,SKU007845,2025-01-26,different from website photo,398.61,Processed
RET009167,ORD0030603,SKU008452,2025-06-30,stopped working after a day,304.96,Processed
RET009168,ORD0104889,SKU006488,2026-10-24,item damaged,250.89,Processed
RET009169,ORD0073820,SKU002920,2025-02-12,received different product,146.58,Processed
RET009170,ORD0017826,SKU003753,2025-02-22,item damaged,406.13,Processed
RET009171,ORD0032417,SKU010704,2025-09-24,too tight,155.75,Processed
RET009172,ORD0108385,SKU006568,2026-11-06,size chart misleading,326.89,Processed
RET009173,ORD0090099,SKU005853,2025-09-05,packaging torn item broken,465.07,Processed
RET009174,ORD0007320,SKU011642,2025-09-08,arrived damaged!!,1249.44,Processed
RET009175,ORD0080276,SKU008506,2026-12-14,no longer needed,4443.28,Processed
RET009176,ORD0009748,SKU003721,2026-12-08,late delivery no longer needed,406.34,Processed
RET009177,ORD0099027,SKU011867,2025-05-13,Not what I ordered,168.84,Processed
RET009178,ORD0078256,SKU006018,2025-05-07,wrong size ordered,1081.39,Processed
RET009179,ORD0022314,SKU005633,2026-03-30,not durable,227.4,Processed
RET009180,ORD0078488,SKU007743,2026-05-25,wrong item sent,164.81,Processed
RET009181,ORD0043929,SKU001986,2025-09-28,poor quality,937.92,Processed
RET009182,ORD0049316,SKU007796,2026-01-18,not working,1156.1,Pending
RET009183,ORD0118449,SKU009309,2025-04-29,arrived after event,358.42,Processed
RET009184,ORD0057374,SKU007794,2026-11-15,received different product,1577.63,Processed
RET009185,ORD0107039,SKU008061,2026-04-09,changed my mind,634.82,Processed
RET009186,ORD0022841,SKU011276,2025-03-01,product was cracked,1329.04,Processed
RET009187,ORD0099327,SKU009888,2026-12-22,changed my mind,398.83,Processed
RET009188,ORD0049520,SKU003438,2025-12-15,packaging torn item broken,629.13,Pending
RET009189,ORD0035002,SKU008527,2026-11-25,SIZE PROBLEM,551.64,Processed
RET009190,ORD0080832,SKU009086,2025-02-15,wrong size ordered,110.47,Processed
RET009191,ORD0039348,SKU007347,2026-01-27,Size issue,541.77,Processed
RET009192,ORD0085637,SKU004456,2025-01-12,didnt fit,416.09,Processed
RET009193,ORD0034023,SKU005254,2025-02-09,not durable,312.6,Processed
RET009194,ORD0040272,SKU009322,2025-06-07,cheap material,255.85,Processed
RET009195,ORD0055723,SKU012455,2025-11-14,poor quality,178.74,Processed
RET009196,ORD0080361,SKU006936,2025-09-19,Doesn't fit properly,461.89,Processed
RET009197,ORD0006000,SKU009834,2025-12-05,found cheaper elsewhere,1275.62,Processed
RET009198,ORD0085420,SKU002036,2026-04-15,wrong colour delivered,199.95,Pending
RET009199,ORD0069944,SKU008723,2025-09-14,quality not as expected,319.58,Processed
RET009200,ORD0043917,SKU003565,2025-08-14,SIZE PROBLEM,270.0,Processed
RET009201,ORD0023743,SKU003122,2025-07-08,arrived damaged!!,1476.65,Processed
RET009202,ORD0024311,SKU010578,2026-05-14,misleading description,832.49,Processed
RET009203,ORD0070625,SKU010722,2025-07-08,colour different from image,421.15,Processed
RET009204,ORD0005966,SKU005326,2025-10-07,battery dead,208.87,Processed
RET009205,ORD0033771,SKU003382,2026-06-27,looks different online,2640.13,Processed
RET009206,ORD0009695,SKU010515,2025-09-10,late delivery no longer needed,1120.36,Processed
RET009207,ORD0107022,SKU008903,2025-10-28,wrong item sent,2141.58,Processed
RET009208,ORD0025091,SKU005040,2025-03-26,didnt fit,611.91,Processed
RET009209,ORD0073195,SKU009963,2025-10-21,Not what I ordered,1565.65,Processed
RET009210,ORD0109887,SKU005854,2026-04-10,Damaged in transit,1186.25,Processed
RET009211,ORD0014963,SKU010756,2025-11-29,size chart misleading,1180.85,Processed
RET009212,ORD0114984,SKU001876,2025-08-04,wrong size ordered,1952.07,Pending
RET009213,ORD0073246,SKU011765,2025-06-19,battery dead,797.49,Processed
RET009214,ORD0030539,SKU000983,2025-12-11,packaging torn item broken,173.81,Processed
RET009215,ORD0075739,SKU004791,2025-12-25,arrived damaged!!,577.79,Processed
RET009216,ORD0027683,SKU005761,2026-04-12,size too small,194.4,Pending
RET009217,ORD0046299,SKU010293,2025-11-03,fabric quality bad,111.08,Processed
RET009218,ORD0018221,SKU000699,2025-11-24,dont want it now,481.93,Processed
RET009219,ORD0035343,SKU002336,2026-02-20,item damaged,1061.25,Processed
RET009220,ORD0022269,SKU007193,2025-06-22,late delivery no longer needed,1027.55,Processed
RET009221,ORD0104150,SKU009092,2025-12-10,broken on arrival,231.09,Rejected
RET009222,ORD0105934,SKU009075,2025-10-13,defective piece,335.01,Processed
RET009223,ORD0030135,SKU009284,2025-05-07,defective piece,330.79,Processed
RET009224,ORD0081648,SKU010997,2025-08-10,product was cracked,678.56,Pending
RET009225,ORD0030848,SKU006011,2026-03-15,size chart misleading,136.98,Pending
RET009226,ORD0011524,SKU011696,2025-10-16,wrong size ordered,436.36,Processed
RET009227,ORD0111740,SKU002997,2025-12-15,looks different online,437.97,Processed
RET009228,ORD0079825,SKU009495,2026-03-26,ordered by mistake,548.26,Processed
RET009229,ORD0052706,SKU002265,2025-09-01,wrong item sent,280.61,Processed
RET009230,ORD0021616,SKU005108,2026-05-22,Damaged in transit,337.91,Pending
RET009231,ORD0111739,SKU005841,2025-11-08,Size issue,1635.52,Processed
RET009232,ORD0046299,SKU002928,2025-11-16,Damaged in transit,508.55,Processed
RET009233,ORD0056572,SKU005965,2025-02-11,Damaged in transit,1380.1,Processed
RET009234,ORD0064461,SKU002525,2026-01-21,quality not as expected,227.09,Processed
RET009235,ORD0026555,SKU008285,2025-10-23,size too small,303.93,Processed
RET009236,ORD0114451,SKU010713,2025-01-21,didnt fit,1484.37,Rejected
RET009237,ORD0030620,SKU010906,2025-03-20,looks different online,826.5,Processed
RET009238,ORD0070213,SKU011497,2026-05-10,item damaged,949.62,Processed
RET009239,ORD0113490,SKU011092,2026-03-29,different sku received,901.87,Processed
RET009240,ORD0022101,SKU003517,2026-02-21,too tight,548.53,Processed
RET009241,ORD0020163,SKU004227,2026-01-03,poor quality,1254.12,Rejected
RET009242,ORD0082791,SKU000770,2025-10-16,wrong item sent,1483.2,Processed
RET009243,ORD0049332,SKU009817,2025-07-29,no longer needed,379.76,Processed
RET009244,ORD0108216,SKU002550,2025-03-25,product was cracked,375.02,Processed
RET009245,ORD0038772,SKU010207,2025-05-10,Delayed delivery,225.13,Processed
RET009246,ORD0022296,SKU010226,2025-05-20,Quality issue,354.06,Processed
RET009247,ORD0074753,SKU009462,2025-09-07,product was cracked,198.28,Pending
RET009248,ORD0113929,SKU008913,2025-02-09,misleading description,443.74,Processed
RET009249,ORD0078428,SKU011989,2025-08-18,size too small,504.65,Pending
RET009250,ORD0110480,SKU001023,2025-12-17,too tight,2060.56,Processed
RET009251,ORD0094552,SKU007821,2025-07-30,different sku received,164.96,Processed
RET009252,ORD0071804,SKU007916,2025-12-21,Damaged in transit,205.69,Processed
RET009253,ORD0097052,SKU006341,2025-05-25,SIZE PROBLEM,521.14,Processed
RET009254,ORD0108651,SKU010189,2025-07-04,fabric quality bad,497.6,Processed
RET009255,ORD0089195,SKU007098,2025-03-08,received different product,2617.11,Processed
RET009256,ORD0044771,SKU001974,2026-03-04,colour different from image,396.68,Processed
RET009257,ORD0100092,SKU002265,2026-06-07,didnt fit,568.09,Processed
RET009258,ORD0010657,SKU003067,2025-03-12,not as described,1737.85,Pending
RET009259,ORD0117614,SKU007267,2026-01-05,fabric quality bad,566.15,Processed
RET009260,ORD0042980,SKU000904,2026-01-23,too tight,500.02,Processed
RET009261,ORD0104999,SKU000494,2025-11-26,packaging torn item broken,1314.1,Processed
RET009262,ORD0061991,SKU000501,2025-02-22,fabric quality bad,75.98,Processed
RET009263,ORD0090771,SKU005183,2025-11-13,received different product,281.82,Processed
RET009264,ORD0067139,SKU009454,2025-05-07,packaging torn item broken,717.36,Processed
RET009265,ORD0019627,SKU010420,2025-12-12,received different product,244.8,Processed
RET009266,ORD0087348,SKU004957,2026-04-19,size too small,1581.21,Processed
RET009267,ORD0038180,SKU007965,2025-02-27,broken on arrival,148.81,Processed
RET009268,ORD0061756,SKU010376,2025-08-17,found cheaper elsewhere,2522.64,Processed
RET009269,ORD0083484,SKU003903,2025-11-05,cheap material,239.74,Processed
RET009270,ORD0051342,SKU002318,2025-06-16,not as described,1016.16,Processed
RET009271,ORD0016146,SKU011939,2025-05-16,SIZE PROBLEM,420.94,Processed
RET009272,ORD0070252,SKU008805,2025-03-19,looks different online,885.9,Processed
RET009273,ORD0061055,SKU000540,2025-03-24,late delivery no longer needed,269.93,Rejected
RET009274,ORD0059180,SKU001514,2026-01-31,cheap material,576.89,Processed
RET009275,ORD0113985,SKU001221,2026-11-28,Doesn't fit properly,678.43,Processed
RET009276,ORD0040346,SKU009690,2025-08-28,different sku received,535.15,Processed
RET009277,ORD0085364,SKU005728,2025-02-11,dont want it now,180.53,Processed
RET009278,ORD0112510,SKU003195,2026-03-30,size too small,648.18,Processed
RET009279,ORD0114548,SKU004371,2025-04-13,Damaged in transit,101.4,Processed
RET009280,ORD0018915,SKU007988,2025-03-30,Not what I ordered,422.82,Processed
RET009281,ORD0087592,SKU000668,2025-03-20,quality not as expected,766.57,Processed
RET009282,ORD0111563,SKU002344,2026-03-29,product was cracked,658.18,Processed
RET009283,ORD0062402,SKU011180,2025-07-30,Not what I ordered,151.84,Pending
RET009284,ORD0077364,SKU010993,2026-05-23,quality not as expected,986.26,Processed
RET009285,ORD0018612,SKU009445,2025-10-23,ordered by mistake,275.81,Processed
RET009286,ORD0050164,SKU006730,2025-03-05,found cheaper elsewhere,1478.1,Processed
RET009287,ORD0087592,SKU007191,2025-03-25,fabric quality bad,804.85,Processed
RET009288,ORD0031003,SKU004346,2025-11-30,battery dead,665.84,Processed
RET009289,ORD0114387,SKU001784,2025-05-26,late delivery no longer needed,479.36,Processed
RET009290,ORD0018610,SKU002361,2026-06-27,Not what I ordered,704.28,Processed
RET009291,ORD0103819,SKU001915,2026-07-13,Doesn't fit properly,235.97,Processed
RET009292,ORD0101076,SKU008113,2026-11-20,Damaged in transit,221.01,Processed
RET009293,ORD0008404,SKU001358,2025-05-24,product was cracked,239.78,Processed
RET009294,ORD0094013,SKU006919,2025-12-05,Size issue,204.47,Processed
RET009295,ORD0024375,SKU000454,2025-02-09,SIZE PROBLEM,1175.88,Processed
RET009296,ORD0104588,SKU002558,2025-02-27,Quality issue,1092.93,Rejected
RET009297,ORD0010367,SKU000473,2026-10-27,SIZE PROBLEM,689.42,Processed
RET009298,ORD0009936,SKU007452,2025-03-11,arrived after event,663.74,Processed
RET009299,ORD0004151,SKU012178,2025-06-08,cheap material,922.35,Processed
RET009300,ORD0008598,SKU004772,2025-04-11,Delayed delivery,360.55,Processed
RET009301,ORD0058237,SKU010731,2025-01-16,SIZE PROBLEM,589.73,Pending
RET009302,ORD0016303,SKU005879,2025-04-09,product was cracked,103.75,Processed
RET009303,ORD0079825,SKU000809,2026-02-28,Quality issue,866.97,Processed
RET009304,ORD0065458,SKU007184,2025-02-18,not durable,992.79,Processed
RET009305,ORD0069123,SKU007659,2025-12-28,not as described,1340.1,Processed
RET009306,ORD0095201,SKU007056,2026-02-15,received different product,620.7,Processed
RET009307,ORD0086174,SKU012130,2025-09-16,different from website photo,540.63,Processed
RET009308,ORD0062937,SKU001354,2026-04-18,size chart misleading,983.28,Processed
RET009309,ORD0000956,SKU008248,2025-03-23,Size issue,508.3,Processed
RET009310,ORD0060633,SKU003407,2025-09-11,received different product,970.48,Pending
RET009311,ORD0030316,SKU008685,2025-12-10,defective piece,1167.31,Processed
RET009312,ORD0060434,SKU000012,2025-12-24,not as described,661.45,Processed
RET009313,ORD0070751,SKU002526,2025-08-21,arrived after event,1101.6,Processed
RET009314,ORD0061757,SKU002188,2025-05-19,ordered by mistake,718.87,Processed
RET009315,ORD0108136,SKU007927,2026-02-13,arrived damaged!!,139.68,Pending
RET009316,ORD0029061,SKU003320,2025-05-17,poor quality,541.47,Processed
RET009317,ORD0118922,SKU010556,2025-10-16,Size issue,379.56,Processed
RET009318,ORD0071096,SKU011915,2026-11-28,wrong item sent,331.63,Processed
RET009319,ORD0066223,SKU006626,2026-11-09,broken on arrival,307.03,Processed
RET009320,ORD0097130,SKU003449,2025-09-10,stopped working after a day,1356.55,Processed
RET009321,ORD0115606,SKU002536,2025-04-25,arrived after event,432.69,Processed
RET009322,ORD0014346,SKU004050,2026-05-07,SIZE PROBLEM,2577.46,Processed
RET009323,ORD0034889,SKU005863,2025-09-24,Damaged in transit,350.48,Processed
RET009324,ORD0064172,SKU005742,2025-03-07,SIZE PROBLEM,1234.54,Processed
RET009325,ORD0019872,SKU006340,2025-10-16,size too small,905.21,Processed
RET009326,ORD0036957,SKU002065,2026-01-29,looks different online,862.28,Processed
RET009327,ORD0084709,SKU006321,2025-10-29,cheap material,2545.48,Processed
RET009328,ORD0087732,SKU001026,2026-11-14,received different product,1342.83,Processed
RET009329,ORD0056201,SKU012475,2025-10-03,late delivery no longer needed,1751.91,Processed
RET009330,ORD0110805,SKU002522,2025-06-01,item damaged,584.53,Processed
RET009331,ORD0015318,SKU005921,2025-04-20,Size issue,996.04,Processed
RET009332,ORD0086878,SKU002857,2025-09-30,not as described,515.08,Rejected
RET009333,ORD0055178,SKU009395,2025-04-09,colour different from image,163.92,Processed
RET009334,ORD0102846,SKU010276,2025-06-04,didnt fit,425.4,Processed
RET009335,ORD0111167,SKU009455,2025-08-02,size chart misleading,358.25,Processed
RET009336,ORD0003450,SKU009364,2025-11-20,Doesn't fit properly,732.37,Processed
RET009337,ORD0076903,SKU003103,2025-02-21,ordered by mistake,358.12,Processed
RET009338,ORD0006138,SKU007471,2026-11-28,arrived after event,261.44,Pending
RET009339,ORD0007832,SKU006614,2026-06-06,misleading description,133.55,Processed
RET009340,ORD0030641,SKU001646,2026-02-26,didnt fit,506.64,Processed
RET009341,ORD0095734,SKU009308,2026-01-05,quality not as expected,77.47,Pending
RET009342,ORD0063265,SKU003032,2025-12-10,too tight,325.17,Processed
RET009343,ORD0047858,SKU003204,2025-12-20,Quality issue,1033.45,Processed
RET009344,ORD0066747,SKU004373,2026-07-03,packaging torn item broken,423.53,Processed
RET009345,ORD0082687,SKU005435,2025-08-15,Delayed delivery,577.98,Processed
RET009346,ORD0051335,SKU002292,2025-10-20,arrived damaged!!,367.41,Processed
RET009347,ORD0023679,SKU006697,2025-08-31,Size issue,494.78,Pending
RET009348,ORD0115840,SKU008933,2025-12-31,wrong item sent,260.66,Processed
RET009349,ORD0050935,SKU010843,2025-04-22,fabric quality bad,651.92,Processed
RET009350,ORD0075909,SKU009027,2026-03-17,fabric quality bad,308.35,Processed
RET009351,ORD0109659,SKU001569,2025-06-18,product was cracked,566.34,Processed
RET009352,ORD0109275,SKU000080,2026-03-05,Size issue,1794.3,Pending
RET009353,ORD0111225,SKU004956,2025-10-11,size chart misleading,369.92,Processed
RET009354,ORD0067222,SKU005870,2025-03-02,size chart misleading,672.78,Processed
RET009355,ORD0067071,SKU011487,2025-03-02,fabric quality bad,283.0,Processed
RET009356,ORD0060433,SKU010698,2025-09-22,Damaged in transit,891.4,Processed
RET009357,ORD0116910,SKU001084,2025-12-16,cheap material,429.24,Processed
RET009358,ORD0107024,SKU001139,2026-04-20,SIZE PROBLEM,559.38,Processed
RET009359,ORD0098419,SKU001506,2025-03-28,fabric quality bad,177.19,Processed
RET009360,ORD0065986,SKU011483,2026-05-22,cheap material,259.49,Processed
RET009361,ORD0063416,SKU005504,2026-03-02,packaging torn item broken,2893.09,Pending
RET009362,ORD0023472,SKU007501,2025-12-07,Size issue,621.01,Processed
RET009363,ORD0055396,SKU009752,2025-02-10,product was cracked,657.71,Processed
RET009364,ORD0015548,SKU008323,2025-03-08,wrong colour delivered,1629.81,Processed
RET009365,ORD0114578,SKU005917,2026-12-02,Damaged in transit,781.76,Processed
RET009366,ORD0018885,SKU009205,2025-09-29,received different product,422.94,Processed
RET009367,ORD0097609,SKU003808,2026-12-03,size chart misleading,352.55,Processed
RET009368,ORD0063416,SKU008023,2026-03-12,wrong colour delivered,83.66,Processed
RET009369,ORD0010214,SKU000470,2025-09-05,not as described,916.9,Rejected
RET009370,ORD0092272,SKU010573,2026-02-25,Doesn't fit properly,868.24,Processed
RET009371,ORD0049798,SKU002058,2025-07-08,Quality issue,244.25,Processed
RET009372,ORD0026690,SKU001174,2025-04-30,packaging torn item broken,821.27,Processed
RET009373,ORD0091243,SKU009338,2025-10-17,arrived after event,844.57,Processed
RET009374,ORD0072684,SKU001014,2026-06-21,delivered too late,420.46,Processed
RET009375,ORD0076903,SKU005068,2025-03-03,different from website photo,279.35,Pending
RET009376,ORD0109405,SKU004837,2026-04-14,different sku received,1263.06,Processed
RET009377,ORD0040436,SKU008993,2025-12-18,different from website photo,206.57,Processed
RET009378,ORD0113772,SKU009084,2025-11-20,SIZE PROBLEM,781.41,Processed
RET009379,ORD0051867,SKU008505,2026-04-07,arrived damaged!!,919.8,Pending
RET009380,ORD0053728,SKU009084,2025-01-08,delivered too late,1017.93,Processed
RET009381,ORD0004635,SKU011398,2026-11-21,quality not as expected,1712.58,Processed
RET009382,ORD0116401,SKU005404,2025-05-21,size chart misleading,392.7,Processed
RET009383,ORD0013633,SKU008452,2025-12-03,size chart misleading,664.47,Processed
RET009384,ORD0006657,SKU010523,2025-01-26,quality not as expected,523.81,Processed
RET009385,ORD0105838,SKU004041,2025-11-30,product was cracked,1161.02,Pending
RET009386,ORD0119987,SKU002350,2025-11-10,fabric quality bad,744.27,Pending
RET009387,ORD0109484,SKU004248,2025-09-01,stopped working after a day,1321.76,Processed
RET009388,ORD0105526,SKU002200,2026-12-01,size too small,174.81,Processed
RET009389,ORD0116401,SKU003075,2025-05-26,changed my mind,474.2,Processed
RET009390,ORD0087292,SKU002235,2025-03-06,received different product,827.94,Processed
RET009391,ORD0020616,SKU001830,2026-06-08,too tight,1765.58,Processed
RET009392,ORD0021150,SKU007776,2025-02-13,Damaged in transit,5213.16,Processed
RET009393,ORD0023129,SKU010629,2025-09-08,device faulty,203.71,Processed
RET009394,ORD0054764,SKU000375,2025-11-14,dont want it now,276.0,Pending
RET009395,ORD0118629,SKU012313,2026-02-28,didnt fit,416.88,Processed
RET009396,ORD0050090,SKU003906,2025-01-08,Doesn't fit properly,1119.37,Processed
RET009397,ORD0008230,SKU005710,2025-02-12,not working,602.95,Processed
RET009398,ORD0088850,SKU008292,2025-06-02,size chart misleading,653.92,Processed
RET009399,ORD0118249,SKU002094,2025-09-21,SIZE PROBLEM,496.03,Processed
RET009400,ORD0031471,SKU001420,2025-02-05,size chart misleading,1138.07,Processed
RET009401,ORD0077260,SKU010939,2025-04-20,product was cracked,174.64,Pending
RET009402,ORD0046729,SKU005360,2025-09-05,received different product,1314.56,Pending
RET009403,ORD0049594,SKU005719,2026-01-01,poor quality,1913.25,Processed
RET009404,ORD0035769,SKU011233,2025-05-05,looks different online,162.1,Processed
RET009405,ORD0085398,SKU009289,2026-03-05,packaging torn item broken,1898.28,Processed
RET009406,ORD0117600,SKU002350,2026-03-22,packaging torn item broken,545.26,Processed
RET009407,ORD0012702,SKU009843,2025-08-14,size chart misleading,665.81,Pending
RET009408,ORD0061371,SKU009249,2026-05-12,different sku received,429.27,Processed
RET009409,ORD0035361,SKU009599,2026-03-11,received different product,1353.12,Processed
RET009410,ORD0119758,SKU011298,2025-02-26,misleading description,1585.45,Processed
RET009411,ORD0048660,SKU000436,2025-11-19,late delivery no longer needed,924.71,Processed
RET009412,ORD0073186,SKU001108,2026-11-02,size too small,159.45,Processed
RET009413,ORD0076135,SKU009543,2025-09-13,found cheaper elsewhere,744.5,Processed
RET009414,ORD0059271,SKU001516,2026-05-27,too tight,1196.29,Processed
RET009415,ORD0072728,SKU004223,2026-11-08,wrong colour delivered,1706.68,Processed
RET009416,ORD0037824,SKU004995,2025-02-27,arrived after event,629.82,Processed
RET009417,ORD0116981,SKU012455,2025-11-17,wrong size ordered,741.52,Processed
RET009418,ORD0064826,SKU008959,2025-03-08,no longer needed,378.13,Processed
RET009419,ORD0082322,SKU000346,2025-11-19,not as described,389.63,Processed
RET009420,ORD0028199,SKU001375,2026-04-29,Size issue,353.0,Rejected
RET009421,ORD0035662,SKU012144,2026-11-12,item damaged,3732.37,Processed
RET009422,ORD0045658,SKU007591,2026-10-18,broken on arrival,1194.02,Processed
RET009423,ORD0055276,SKU004198,2026-01-07,Damaged in transit,197.81,Processed
RET009424,ORD0031245,SKU006040,2026-05-09,Not what I ordered,154.49,Processed
RET009425,ORD0042609,SKU011668,2026-01-13,didnt fit,1852.4,Processed
RET009426,ORD0082217,SKU009283,2025-01-28,Not what I ordered,654.69,Processed
RET009427,ORD0001035,SKU000474,2026-03-13,changed my mind,701.03,Processed
RET009428,ORD0106990,SKU009702,2026-02-23,item damaged,607.05,Processed
RET009429,ORD0033230,SKU003726,2026-05-01,delivered too late,2094.7,Processed
RET009430,ORD0072379,SKU001240,2025-04-29,Damaged in transit,2008.4,Processed
RET009431,ORD0116378,SKU005655,2025-11-26,Delayed delivery,2794.57,Processed
RET009432,ORD0001795,SKU004135,2025-09-24,Size issue,2132.21,Processed
RET009433,ORD0065065,SKU008250,2026-05-10,packaging torn item broken,248.11,Pending
RET009434,ORD0053519,SKU011118,2025-05-16,Size issue,1619.83,Processed
RET009435,ORD0079956,SKU002473,2025-09-01,delivered too late,250.15,Processed
RET009436,ORD0077622,SKU007868,2025-06-23,battery dead,220.4,Processed
RET009437,ORD0047798,SKU002701,2025-09-14,battery dead,2565.48,Processed
RET009438,ORD0053446,SKU004061,2025-05-10,size too small,85.16,Processed
RET009439,ORD0019877,SKU011478,2026-03-16,Doesn't fit properly,1249.1,Processed
RET009440,ORD0047413,SKU001961,2025-11-06,device faulty,988.05,Processed
RET009441,ORD0013005,SKU003640,2025-08-04,fabric quality bad,143.84,Processed
RET009442,ORD0064017,SKU003322,2025-02-08,not working,1953.22,Processed
RET009443,ORD0064999,SKU001118,2026-03-02,arrived damaged!!,383.25,Processed
RET009444,ORD0052859,SKU009963,2026-07-11,wrong colour delivered,531.68,Processed
RET009445,ORD0051288,SKU002341,2026-03-05,Damaged in transit,347.39,Rejected
RET009446,ORD0080966,SKU001587,2025-12-12,wrong item sent,411.82,Processed
RET009447,ORD0117769,SKU007402,2026-06-08,device faulty,575.91,Pending
RET009448,ORD0056737,SKU000411,2025-07-27,packaging torn item broken,1116.65,Processed
RET009449,ORD0107206,SKU000670,2026-06-16,Quality issue,522.39,Processed
RET009450,ORD0099296,SKU006224,2025-08-11,size too small,469.49,Processed
RET009451,ORD0026505,SKU008830,2026-01-02,cheap material,529.53,Processed
RET009452,ORD0002122,SKU003359,2025-04-28,delivered too late,835.77,Pending
RET009453,ORD0047611,SKU005614,2025-11-28,wrong colour delivered,1330.51,Processed
RET009454,ORD0008497,SKU009771,2026-06-22,cheap material,62.22,Processed
RET009455,ORD0010406,SKU000751,2026-07-02,different sku received,1682.03,Processed
RET009456,ORD0054119,SKU006595,2025-12-07,Not what I ordered,344.97,Processed
RET009457,ORD0000800,SKU001767,2025-02-19,wrong item sent,343.31,Processed
RET009458,ORD0042632,SKU005492,2025-12-10,stopped working after a day,765.12,Processed
RET009459,ORD0052238,SKU002842,2025-02-27,device faulty,367.43,Processed
RET009460,ORD0061719,SKU009483,2025-02-28,late delivery no longer needed,481.4,Processed
RET009461,ORD0109846,SKU007563,2026-06-30,SIZE PROBLEM,2693.34,Processed
RET009462,ORD0114353,SKU005618,2025-05-19,Quality issue,844.91,Processed
RET009463,ORD0006584,SKU000494,2025-10-23,size too small,2720.26,Pending
RET009464,ORD0077470,SKU011278,2026-01-23,arrived after event,611.73,Processed
RET009465,ORD0069071,SKU011412,2025-04-14,different from website photo,242.13,Processed
RET009466,ORD0061066,SKU011723,2025-12-12,product was cracked,360.49,Processed
RET009467,ORD0088483,SKU004216,2026-11-10,cheap material,818.82,Processed
RET009468,ORD0003402,SKU001251,2025-05-21,looks different online,1134.2,Pending
RET009469,ORD0062408,SKU002656,2025-12-05,cheap material,465.03,Processed
RET009470,ORD0055143,SKU002451,2025-10-30,received different product,634.88,Processed
RET009471,ORD0045194,SKU002900,2025-05-30,wrong item sent,407.37,Processed
RET009472,ORD0095734,SKU000022,2026-01-04,found cheaper elsewhere,1545.35,Processed
RET009473,ORD0062939,SKU007598,2025-05-15,dont want it now,359.04,Processed
RET009474,ORD0042821,SKU001435,2025-04-04,colour different from image,237.48,Pending
RET009475,ORD0111387,SKU004947,2025-11-02,wrong size ordered,1107.68,Processed
RET009476,ORD0082118,SKU007010,2025-09-26,wrong size ordered,816.15,Processed
RET009477,ORD0054094,SKU010239,2026-07-07,misleading description,712.55,Processed
RET009478,ORD0032592,SKU008278,2025-10-20,size chart misleading,2221.64,Rejected
RET009479,ORD0116350,SKU008905,2026-10-17,Damaged in transit,266.08,Processed
RET009480,ORD0018244,SKU007656,2025-05-08,different from website photo,1197.9,Processed
RET009481,ORD0068888,SKU000259,2025-02-15,wrong size ordered,362.71,Pending
RET009482,ORD0066297,SKU006571,2025-11-26,Doesn't fit properly,3145.82,Processed
RET009483,ORD0035676,SKU010318,2025-11-05,too tight,153.26,Processed
RET009484,ORD0076633,SKU012385,2026-03-11,size too small,931.58,Processed
RET009485,ORD0027663,SKU004770,2025-11-04,too tight,956.07,Processed
RET009486,ORD0054391,SKU007959,2025-01-16,arrived after event,639.28,Pending
RET009487,ORD0114235,SKU007244,2026-03-06,different sku received,1509.27,Pending
RET009488,ORD0112368,SKU007727,2026-03-26,Size issue,595.76,Processed
RET009489,ORD0079938,SKU004980,2026-12-05,Quality issue,661.83,Processed
RET009490,ORD0075867,SKU003764,2026-01-01,size chart misleading,314.86,Processed
RET009491,ORD0008435,SKU010624,2025-02-19,different sku received,572.12,Processed
RET009492,ORD0051766,SKU007562,2026-02-04,SIZE PROBLEM,3375.98,Pending
RET009493,ORD0081860,SKU009077,2025-03-19,wrong size ordered,343.64,Processed
RET009494,ORD0108839,SKU003852,2025-12-13,wrong size ordered,543.01,Processed
RET009495,ORD0081256,SKU008084,2026-11-17,cheap material,1335.38,Processed
RET009496,ORD0040454,SKU006569,2025-10-22,different sku received,1273.81,Pending
RET009497,ORD0113929,SKU003486,2025-02-14,packaging torn item broken,699.22,Rejected
RET009498,ORD0116648,SKU005153,2025-07-12,arrived after event,723.99,Processed
RET009499,ORD0033417,SKU006289,2025-09-02,item damaged,2547.1,Processed
RET009500,ORD0034202,SKU005846,2025-11-04,delivered too late,724.76,Processed
RET009501,ORD0050687,SKU006805,2025-08-23,delivered too late,1657.52,Processed
RET009502,ORD0062728,SKU003209,2025-02-05,wrong colour delivered,331.7,Processed
RET009503,ORD0117780,SKU000269,2025-11-19,SIZE PROBLEM,547.94,Processed
RET009504,ORD0087922,SKU005191,2025-03-09,ordered by mistake,262.2,Rejected
RET009505,ORD0061517,SKU007543,2026-06-14,different from website photo,700.96,Processed
RET009506,ORD0003680,SKU000933,2025-08-30,broken on arrival,536.95,Processed
RET009507,ORD0033417,SKU009042,2025-08-14,Size issue,369.9,Processed
RET009508,ORD0078864,SKU007105,2026-07-12,size too small,1964.97,Pending
RET009509,ORD0015550,SKU005009,2025-08-04,Not what I ordered,708.87,Processed
RET009510,ORD0010407,SKU006711,2026-06-20,wrong colour delivered,406.84,Processed
RET009511,ORD0024071,SKU005551,2026-02-17,Not what I ordered,209.3,Pending
RET009512,ORD0035984,SKU001203,2025-09-20,arrived damaged!!,821.15,Pending
RET009513,ORD0090317,SKU001347,2025-02-21,Doesn't fit properly,506.34,Processed
RET009514,ORD0054287,SKU004748,2025-04-20,colour different from image,717.16,Processed
RET009515,ORD0064427,SKU000471,2026-03-11,cheap material,78.04,Pending
RET009516,ORD0050521,SKU010536,2026-05-27,wrong size ordered,1103.29,Processed
RET009517,ORD0026566,SKU012476,2026-05-12,different sku received,495.67,Processed
RET009518,ORD0118773,SKU001787,2025-07-18,Quality issue,297.5,Processed
RET009519,ORD0118922,SKU003912,2025-10-11,wrong item sent,589.17,Processed
RET009520,ORD0003952,SKU008189,2026-12-15,received different product,1122.48,Processed
RET009521,ORD0086704,SKU011072,2026-06-28,Delayed delivery,608.93,Processed
RET009522,ORD0081828,SKU005720,2025-06-20,cheap material,306.04,Processed
RET009523,ORD0013035,SKU012399,2026-01-18,product was cracked,1280.64,Processed
RET009524,ORD0034309,SKU009220,2025-11-04,size too small,312.8,Processed
RET009525,ORD0050147,SKU012155,2025-10-29,fabric quality bad,3255.78,Processed
RET009526,ORD0111167,SKU005201,2025-07-10,item damaged,940.28,Pending
RET009527,ORD0027200,SKU007284,2026-04-23,Delayed delivery,419.18,Processed
RET009528,ORD0089553,SKU006118,2025-03-11,fabric quality bad,1264.26,Processed
RET009529,ORD0002803,SKU001224,2026-01-26,wrong item sent,190.54,Processed
RET009530,ORD0107979,SKU006336,2026-04-22,stopped working after a day,925.76,Processed
RET009531,ORD0106162,SKU003283,2025-03-21,didnt fit,863.82,Processed
RET009532,ORD0077260,SKU004550,2025-04-12,size too small,1879.9,Processed
RET009533,ORD0004730,SKU001517,2026-05-30,cheap material,928.79,Processed
RET009534,ORD0087999,SKU005797,2025-06-24,wrong colour delivered,273.35,Processed
RET009535,ORD0029299,SKU011033,2025-10-30,Size issue,507.89,Processed
RET009536,ORD0004663,SKU004844,2026-03-23,late delivery no longer needed,2373.72,Pending
RET009537,ORD0041247,SKU006776,2025-04-09,arrived after event,625.82,Processed
RET009538,ORD0093064,SKU004106,2025-10-17,didnt fit,357.24,Processed
RET009539,ORD0015318,SKU011882,2025-04-10,Not what I ordered,718.52,Processed
RET009540,ORD0078521,SKU003624,2026-06-17,not as described,723.23,Processed
RET009541,ORD0058881,SKU006485,2025-03-11,too tight,216.86,Pending
RET009542,ORD0067003,SKU008410,2025-04-21,size too small,2186.75,Processed
RET009543,ORD0113208,SKU006177,2025-10-26,no longer needed,1957.13,Processed
RET009544,ORD0034121,SKU010815,2026-06-30,product was cracked,1265.64,Processed
RET009545,ORD0076937,SKU006157,2025-12-11,not durable,316.69,Processed
RET009546,ORD0021094,SKU001200,2025-09-16,wrong size ordered,1034.92,Rejected
RET009547,ORD0109757,SKU004927,2025-06-15,not working,542.4,Processed
RET009548,ORD0105526,SKU004978,2026-12-03,arrived after event,1732.89,Pending
RET009549,ORD0003571,SKU002709,2025-05-04,late delivery no longer needed,1444.99,Processed
RET009550,ORD0031883,SKU003857,2026-02-10,dont want it now,383.58,Processed
RET009551,ORD0067727,SKU003880,2025-12-31,SIZE PROBLEM,1680.07,Processed
RET009552,ORD0050642,SKU001519,2025-04-23,didnt fit,817.19,Processed
RET009553,ORD0113528,SKU002398,2025-05-28,fabric quality bad,74.79,Rejected
RET009554,ORD0119515,SKU007271,2026-04-08,packaging torn item broken,285.73,Processed
RET009555,ORD0100986,SKU000768,2025-08-05,not working,415.31,Processed
RET009556,ORD0030772,SKU002217,2026-11-20,product was cracked,1393.49,Processed
RET009557,ORD0088544,SKU006646,2025-11-27,Damaged in transit,502.58,Processed
RET009558,ORD0108960,SKU011565,2025-09-12,Not what I ordered,1085.95,Processed
RET009559,ORD0044962,SKU006219,2026-07-18,arrived damaged!!,365.15,Processed
RET009560,ORD0044449,SKU003769,2025-11-29,broken on arrival,1247.33,Processed
RET009561,ORD0070751,SKU008614,2025-08-25,broken on arrival,271.71,Processed
RET009562,ORD0112382,SKU010733,2025-03-19,quality not as expected,1110.11,Processed
RET009563,ORD0103049,SKU008860,2026-04-06,poor quality,2492.86,Processed
RET009564,ORD0057430,SKU003860,2025-10-25,different sku received,1124.12,Processed
RET009565,ORD0009178,SKU005452,2025-11-27,not durable,2644.0,Processed
RET009566,ORD0044960,SKU010520,2026-10-26,not durable,219.76,Processed
RET009567,ORD0044219,SKU010372,2025-12-13,arrived after event,666.32,Processed
RET009568,ORD0029151,SKU007917,2025-12-19,not durable,717.05,Processed
RET009569,ORD0044389,SKU003857,2026-10-15,Size issue,391.15,Processed
RET009570,ORD0065135,SKU005527,2025-06-16,late delivery no longer needed,224.67,Processed
RET009571,ORD0011078,SKU000154,2026-07-14,Doesn't fit properly,711.13,Processed
RET009572,ORD0087636,SKU012192,2025-03-19,late delivery no longer needed,2168.88,Processed
RET009573,ORD0022059,SKU000817,2026-02-20,product was cracked,975.83,Processed
RET009574,ORD0105471,SKU001991,2026-03-31,size too small,168.96,Processed
RET009575,ORD0041267,SKU002843,2025-01-25,arrived after event,215.59,Processed
RET009576,ORD0114114,SKU000648,2026-03-06,item damaged,359.15,Processed
RET009577,ORD0037760,SKU011120,2026-01-15,size too small,721.35,Processed
RET009578,ORD0076080,SKU001024,2026-06-30,not working,508.54,Processed
RET009579,ORD0057165,SKU006017,2026-01-25,not durable,1372.45,Processed
RET009580,ORD0111927,SKU000222,2025-03-06,wrong colour delivered,318.97,Rejected
RET009581,ORD0094263,SKU005804,2025-05-27,wrong item sent,2253.06,Processed
RET009582,ORD0118807,SKU010235,2025-12-09,Not what I ordered,695.74,Processed
RET009583,ORD0023564,SKU012066,2026-03-05,size chart misleading,540.4,Processed
RET009584,ORD0069178,SKU001766,2025-02-21,Not what I ordered,1034.9,Processed
RET009585,ORD0065586,SKU003174,2025-05-08,not durable,823.79,Processed
RET009586,ORD0065405,SKU012262,2025-01-22,ordered by mistake,119.64,Processed
RET009587,ORD0035342,SKU007881,2025-10-01,Not what I ordered,282.75,Processed
RET009588,ORD0056648,SKU011580,2026-12-27,Not what I ordered,298.56,Processed
RET009589,ORD0046232,SKU003782,2026-01-13,misleading description,1388.36,Processed
RET009590,ORD0100043,SKU009043,2025-11-18,device faulty,356.96,Processed
RET009591,ORD0018537,SKU005714,2025-11-01,Damaged in transit,700.51,Processed
RET009592,ORD0094297,SKU004373,2025-11-19,item damaged,163.96,Processed
RET009593,ORD0043445,SKU009545,2026-01-13,dont want it now,152.42,Processed
RET009594,ORD0060685,SKU006283,2025-10-23,delivered too late,803.6,Rejected
RET009595,ORD0085637,SKU000589,2025-01-06,too tight,330.31,Processed
RET009596,ORD0109907,SKU003773,2026-12-03,item damaged,411.46,Processed
RET009597,ORD0011020,SKU001219,2026-05-11,dont want it now,433.81,Processed
RET009598,ORD0055750,SKU010811,2025-03-25,misleading description,531.43,Processed
RET009599,ORD0089517,SKU005997,2026-05-05,cheap material,288.87,Pending
RET009600,ORD0091369,SKU003124,2026-07-20,wrong size ordered,649.55,Pending
RET009601,ORD0017908,SKU011913,2026-12-06,fabric quality bad,604.81,Processed
RET009602,ORD0116917,SKU011527,2026-01-30,product was cracked,2073.53,Processed
RET009603,ORD0061371,SKU002408,2026-05-11,product was cracked,1309.16,Processed
RET009604,ORD0105897,SKU008501,2025-04-01,wrong colour delivered,549.97,Processed
RET009605,ORD0008156,SKU006057,2025-11-23,wrong size ordered,90.75,Processed
RET009606,ORD0049663,SKU000131,2025-04-19,different from website photo,688.46,Processed
RET009607,ORD0030003,SKU001706,2025-03-16,didnt fit,1227.32,Processed
RET009608,ORD0072204,SKU004275,2025-08-08,wrong size ordered,318.68,Processed
RET009609,ORD0052738,SKU012456,2025-05-15,packaging torn item broken,449.87,Processed
RET009610,ORD0098467,SKU007552,2025-07-09,SIZE PROBLEM,506.35,Processed
RET009611,ORD0018707,SKU003145,2025-12-13,stopped working after a day,530.82,Processed
RET009612,ORD0113552,SKU001805,2025-06-13,packaging torn item broken,580.5,Processed
RET009613,ORD0036838,SKU010919,2026-01-12,changed my mind,885.73,Processed
RET009614,ORD0070273,SKU003805,2025-08-13,too tight,322.28,Processed
RET009615,ORD0052412,SKU002466,2025-10-16,battery dead,1455.38,Processed
RET009616,ORD0103930,SKU010810,2026-06-17,received different product,1510.13,Processed
RET009617,ORD0026036,SKU011860,2025-09-11,fabric quality bad,242.79,Processed
RET009618,ORD0041237,SKU011700,2026-05-18,wrong item sent,241.8,Pending
RET009619,ORD0071444,SKU004445,2026-01-21,Damaged in transit,766.21,Processed
RET009620,ORD0025565,SKU011259,2026-04-09,arrived damaged!!,577.61,Processed
RET009621,ORD0057844,SKU000575,2025-09-20,late delivery no longer needed,260.55,Processed
RET009622,ORD0068479,SKU001302,2025-07-29,didnt fit,357.59,Processed
RET009623,ORD0045963,SKU008648,2025-03-25,too tight,443.95,Processed
RET009624,ORD0085173,SKU012463,2025-09-14,fabric quality bad,721.03,Processed
RET009625,ORD0015855,SKU011069,2025-03-04,didnt fit,1904.86,Processed
RET009626,ORD0027537,SKU006613,2025-03-31,not durable,581.26,Processed
RET009627,ORD0108243,SKU006481,2026-12-07,battery dead,1648.54,Processed
RET009628,ORD0060738,SKU003981,2026-07-01,poor quality,1358.89,Pending
RET009629,ORD0050978,SKU004245,2025-02-04,misleading description,1029.51,Processed
RET009630,ORD0013723,SKU000907,2026-11-21,Doesn't fit properly,680.14,Pending
RET009631,ORD0013373,SKU003060,2025-08-04,wrong item sent,347.1,Processed
RET009632,ORD0011102,SKU001750,2026-06-03,quality not as expected,49.0,Processed
RET009633,ORD0041947,SKU004717,2026-06-15,product was cracked,517.26,Processed
RET009634,ORD0030125,SKU009259,2026-10-16,didnt fit,529.98,Processed
RET009635,ORD0061482,SKU012428,2026-11-16,broken on arrival,1047.13,Processed
RET009636,ORD0102796,SKU007874,2026-04-14,wrong size ordered,266.37,Processed
RET009637,ORD0005924,SKU012315,2025-09-28,Not what I ordered,591.32,Processed
RET009638,ORD0017195,SKU012164,2025-02-26,size chart misleading,229.75,Processed
RET009639,ORD0099224,SKU009180,2025-11-13,product was cracked,1096.29,Processed
RET009640,ORD0034670,SKU005454,2025-03-09,battery dead,198.55,Processed
RET009641,ORD0010407,SKU012354,2026-06-08,size too small,125.82,Processed
RET009642,ORD0107231,SKU006566,2025-09-16,wrong colour delivered,555.1,Processed
RET009643,ORD0063425,SKU011631,2025-02-26,fabric quality bad,488.5,Processed
RET009644,ORD0069458,SKU002830,2025-07-17,Doesn't fit properly,592.88,Pending
RET009645,ORD0109757,SKU010992,2025-06-25,ordered by mistake,1602.91,Processed
RET009646,ORD0085128,SKU007064,2025-12-25,ordered by mistake,1840.25,Processed
RET009647,ORD0027954,SKU009869,2025-11-06,no longer needed,568.1,Processed
RET009648,ORD0050913,SKU000638,2026-03-27,broken on arrival,151.77,Processed
RET009649,ORD0017187,SKU005910,2025-06-06,Size issue,558.89,Rejected
RET009650,ORD0108243,SKU005574,2026-12-11,not as described,351.82,Processed
RET009651,ORD0089841,SKU006909,2025-12-04,size chart misleading,136.47,Processed
RET009652,ORD0089967,SKU012052,2025-12-17,looks different online,544.74,Processed
RET009653,ORD0054470,SKU011047,2025-02-06,poor quality,303.38,Processed
RET009654,ORD0024981,SKU008362,2026-06-01,misleading description,186.77,Processed
RET009655,ORD0050488,SKU007440,2025-04-05,changed my mind,319.36,Processed
RET009656,ORD0081562,SKU011427,2026-05-18,packaging torn item broken,1234.97,Processed
RET009657,ORD0115985,SKU005718,2026-12-09,fabric quality bad,807.33,Processed
RET009658,ORD0014141,SKU006314,2025-10-06,Quality issue,888.89,Processed
RET009659,ORD0092358,SKU010028,2025-02-09,cheap material,718.17,Processed
RET009660,ORD0090035,SKU000126,2025-06-07,arrived after event,472.16,Processed
RET009661,ORD0097801,SKU005319,2026-04-14,dont want it now,1197.37,Processed
RET009662,ORD0117730,SKU009159,2025-10-03,item damaged,363.28,Processed
RET009663,ORD0037000,SKU008749,2025-09-20,Doesn't fit properly,219.23,Processed
RET009664,ORD0028879,SKU011256,2025-07-16,Doesn't fit properly,803.66,Processed
RET009665,ORD0063425,SKU010665,2025-03-05,defective piece,2507.14,Processed
RET009666,ORD0065971,SKU010092,2025-10-30,wrong colour delivered,268.5,Processed
RET009667,ORD0060121,SKU010819,2025-02-12,no longer needed,312.74,Pending
RET009668,ORD0066700,SKU002889,2025-03-31,received different product,203.84,Processed
RET009669,ORD0044257,SKU007966,2025-04-24,arrived damaged!!,661.45,Pending
RET009670,ORD0010570,SKU007563,2025-07-27,not as described,566.39,Processed
RET009671,ORD0064826,SKU012353,2025-03-09,not durable,393.07,Pending
RET009672,ORD0047461,SKU008831,2025-05-21,Size issue,759.12,Pending
RET009673,ORD0020783,SKU003031,2025-11-20,cheap material,1583.97,Pending
RET009674,ORD0060549,SKU000352,2025-07-11,fabric quality bad,3074.0,Processed
RET009675,ORD0080789,SKU003809,2025-07-18,quality not as expected,696.47,Processed
RET009676,ORD0039222,SKU011234,2025-03-14,size too small,552.84,Processed
RET009677,ORD0093656,SKU000479,2025-10-29,stopped working after a day,998.47,Processed
RET009678,ORD0070607,SKU012158,2025-06-17,wrong item sent,1888.17,Processed
RET009679,ORD0112678,SKU005250,2026-06-06,not as described,533.08,Processed
RET009680,ORD0006142,SKU011769,2025-03-19,poor quality,598.47,Processed
RET009681,ORD0082930,SKU001075,2026-10-21,packaging torn item broken,2402.31,Processed
RET009682,ORD0015218,SKU008154,2025-05-24,didnt fit,882.16,Processed
RET009683,ORD0000906,SKU011962,2025-12-04,too tight,201.82,Processed
RET009684,ORD0114485,SKU009784,2025-05-24,wrong size ordered,219.79,Processed
RET009685,ORD0040454,SKU000277,2025-10-23,product was cracked,1770.17,Processed
RET009686,ORD0004987,SKU000942,2025-10-03,poor quality,1769.33,Processed
RET009687,ORD0052793,SKU007687,2026-02-13,cheap material,386.03,Processed
RET009688,ORD0090896,SKU001604,2025-10-12,not working,665.94,Processed
RET009689,ORD0102479,SKU008953,2025-07-01,didnt fit,529.04,Processed
RET009690,ORD0036109,SKU008785,2025-08-10,found cheaper elsewhere,292.56,Processed
RET009691,ORD0076809,SKU008191,2026-05-02,wrong item sent,430.41,Pending
RET009692,ORD0098504,SKU003332,2025-04-02,fabric quality bad,1200.78,Processed
RET009693,ORD0018325,SKU005957,2026-04-07,wrong item sent,303.25,Processed
RET009694,ORD0035780,SKU003018,2026-05-05,looks different online,920.3,Processed
RET009695,ORD0094052,SKU010341,2025-11-10,too tight,684.1,Processed
RET009696,ORD0011746,SKU003070,2026-07-18,dont want it now,163.48,Processed
RET009697,ORD0080361,SKU005643,2025-09-22,late delivery no longer needed,294.15,Processed
RET009698,ORD0034827,SKU004932,2025-07-13,looks different online,903.54,Processed
RET009699,ORD0009838,SKU008026,2026-02-17,misleading description,336.36,Processed
RET009700,ORD0005822,SKU007189,2026-01-20,Not what I ordered,887.76,Processed
RET009701,ORD0062548,SKU006137,2026-11-26,late delivery no longer needed,245.75,Rejected
RET009702,ORD0103052,SKU001276,2026-05-17,different sku received,461.46,Pending
RET009703,ORD0021875,SKU000747,2026-02-08,fabric quality bad,172.65,Processed
RET009704,ORD0079603,SKU000866,2025-12-05,wrong colour delivered,500.07,Processed
RET009705,ORD0024306,SKU008402,2026-03-04,cheap material,442.98,Processed
RET009706,ORD0073106,SKU005602,2026-03-26,colour different from image,274.71,Processed
RET009707,ORD0079688,SKU005050,2025-10-03,not durable,352.43,Processed
RET009708,ORD0062375,SKU005631,2026-05-10,quality not as expected,2074.93,Processed
RET009709,ORD0079495,SKU010736,2025-03-20,packaging torn item broken,464.85,Processed
RET009710,ORD0099873,SKU008824,2025-11-19,SIZE PROBLEM,450.17,Processed
RET009711,ORD0100642,SKU001722,2025-11-22,Damaged in transit,850.79,Processed
RET009712,ORD0076080,SKU003327,2026-07-03,no longer needed,530.68,Processed
RET009713,ORD0007665,SKU011885,2026-06-15,Doesn't fit properly,1277.58,Processed
RET009714,ORD0027182,SKU001192,2025-10-03,poor quality,723.96,Pending
RET009715,ORD0093117,SKU007204,2025-12-12,found cheaper elsewhere,371.98,Processed
RET009716,ORD0072764,SKU009414,2025-04-08,arrived after event,3220.1,Processed
RET009717,ORD0117577,SKU005699,2025-07-08,packaging torn item broken,480.55,Processed
RET009718,ORD0021497,SKU006349,2026-03-13,Damaged in transit,1933.3,Processed
RET009719,ORD0008078,SKU001983,2026-11-12,misleading description,577.9,Processed
RET009720,ORD0108239,SKU008555,2025-11-09,wrong colour delivered,1620.05,Processed
RET009721,ORD0099366,SKU006760,2026-04-29,didnt fit,891.48,Processed
RET009722,ORD0039279,SKU004139,2026-06-13,arrived damaged!!,155.09,Processed
RET009723,ORD0067052,SKU007784,2025-06-22,didnt fit,698.66,Processed
RET009724,ORD0078757,SKU005173,2025-03-24,fabric quality bad,257.93,Processed
RET009725,ORD0109392,SKU009018,2025-05-11,item damaged,1869.2,Pending
RET009726,ORD0005926,SKU009766,2025-11-13,product was cracked,398.99,Processed
RET009727,ORD0033017,SKU005100,2026-05-09,arrived damaged!!,500.38,Pending
RET009728,ORD0083266,SKU012189,2025-03-01,Not what I ordered,367.15,Processed
RET009729,ORD0032541,SKU004720,2025-07-01,fabric quality bad,2003.72,Processed
RET009730,ORD0054153,SKU009560,2025-11-10,packaging torn item broken,443.15,Rejected
RET009731,ORD0074972,SKU002521,2025-07-29,Damaged in transit,579.18,Rejected
RET009732,ORD0017933,SKU006394,2026-01-14,size chart misleading,778.9,Processed
RET009733,ORD0049837,SKU011345,2025-03-08,size chart misleading,295.46,Processed
RET009734,ORD0066866,SKU011454,2025-11-30,Quality issue,294.08,Processed
RET009735,ORD0022135,SKU004517,2026-06-12,didnt fit,517.32,Processed
RET009736,ORD0057796,SKU006630,2026-06-15,changed my mind,142.35,Processed
RET009737,ORD0099982,SKU011181,2025-03-28,wrong colour delivered,782.33,Processed
RET009738,ORD0087157,SKU008224,2025-12-10,different from website photo,181.88,Processed
RET009739,ORD0058160,SKU004546,2026-03-23,fabric quality bad,1134.5,Processed
RET009740,ORD0084583,SKU006053,2025-06-28,packaging torn item broken,555.23,Processed
RET009741,ORD0067119,SKU003447,2025-10-26,arrived after event,506.01,Processed
RET009742,ORD0048474,SKU001307,2025-06-14,not durable,553.69,Processed
RET009743,ORD0010696,SKU002957,2025-05-04,cheap material,729.38,Processed
RET009744,ORD0061454,SKU008287,2026-11-02,battery dead,534.57,Rejected
RET009745,ORD0016990,SKU000662,2025-07-23,didnt fit,404.85,Processed
RET009746,ORD0039978,SKU009037,2026-11-23,product was cracked,1707.54,Processed
RET009747,ORD0035520,SKU000232,2026-01-12,too tight,326.99,Processed
RET009748,ORD0113329,SKU008798,2026-01-07,different from website photo,754.94,Processed
RET009749,ORD0023941,SKU006671,2025-06-16,arrived damaged!!,604.81,Processed
RET009750,ORD0112510,SKU006859,2026-04-02,changed my mind,530.87,Processed
RET009751,ORD0067603,SKU001759,2026-01-16,didnt fit,160.0,Processed
RET009752,ORD0042293,SKU011044,2026-03-23,not durable,994.37,Processed
RET009753,ORD0115308,SKU005476,2025-05-25,misleading description,527.45,Processed
RET009754,ORD0091227,SKU012484,2026-11-17,arrived damaged!!,246.73,Processed
RET009755,ORD0076905,SKU002794,2025-04-11,broken on arrival,688.78,Processed
RET009756,ORD0033062,SKU002306,2026-07-02,different sku received,605.48,Processed
RET009757,ORD0089904,SKU011343,2026-01-03,not as described,1053.84,Processed
RET009758,ORD0037000,SKU000292,2025-09-05,broken on arrival,376.52,Processed
RET009759,ORD0014196,SKU007078,2026-01-16,SIZE PROBLEM,465.12,Processed
RET009760,ORD0028003,SKU002591,2025-12-25,late delivery no longer needed,3318.98,Processed
RET009761,ORD0050072,SKU006891,2026-10-11,size too small,1498.26,Rejected
RET009762,ORD0042884,SKU004545,2025-10-29,not working,706.51,Processed
RET009763,ORD0061413,SKU008779,2026-04-10,delivered too late,224.56,Processed
RET009764,ORD0022486,SKU004476,2025-12-03,Damaged in transit,550.91,Processed
RET009765,ORD0042592,SKU003594,2026-04-15,arrived damaged!!,688.48,Processed
RET009766,ORD0047579,SKU012327,2026-02-21,not durable,613.08,Processed
RET009767,ORD0031911,SKU003902,2026-02-09,fabric quality bad,69.03,Processed
RET009768,ORD0077650,SKU011534,2026-06-25,not as described,1155.9,Rejected
RET009769,ORD0092990,SKU007255,2026-02-15,colour different from image,168.58,Processed
RET009770,ORD0005317,SKU004544,2025-07-08,Doesn't fit properly,1555.2,Processed
RET009771,ORD0025155,SKU005503,2026-03-12,changed my mind,1970.62,Pending
RET009772,ORD0019341,SKU009312,2026-04-27,size too small,364.94,Processed
RET009773,ORD0101021,SKU002559,2025-10-14,item damaged,116.37,Processed
RET009774,ORD0034204,SKU003031,2026-01-17,size too small,777.27,Pending
RET009775,ORD0011134,SKU005103,2025-12-11,product was cracked,49.94,Processed
RET009776,ORD0077300,SKU001171,2025-11-20,Size issue,161.44,Processed
RET009777,ORD0018102,SKU007637,2026-02-12,Size issue,901.7,Processed
RET009778,ORD0037134,SKU001377,2025-07-25,size chart misleading,1027.12,Processed
RET009779,ORD0017451,SKU002249,2025-06-29,arrived damaged!!,510.88,Processed
RET009780,ORD0109312,SKU008825,2026-02-08,Damaged in transit,1003.18,Processed
RET009781,ORD0066026,SKU002099,2025-06-28,received different product,535.12,Pending
RET009782,ORD0087932,SKU008926,2025-04-21,Quality issue,397.52,Processed
RET009783,ORD0113528,SKU011746,2025-06-01,battery dead,248.32,Processed
RET009784,ORD0016065,SKU004755,2025-03-13,wrong item sent,877.18,Pending
RET009785,ORD0027083,SKU011972,2026-03-08,size chart misleading,1106.78,Processed
RET009786,ORD0084709,SKU002194,2025-10-27,wrong colour delivered,415.71,Processed
RET009787,ORD0034453,SKU003019,2026-05-11,SIZE PROBLEM,870.53,Processed
RET009788,ORD0041247,SKU011283,2025-04-28,Delayed delivery,1644.55,Processed
RET009789,ORD0090065,SKU011811,2025-11-04,ordered by mistake,58.05,Processed
RET009790,ORD0000562,SKU011264,2025-03-02,ordered by mistake,344.38,Processed
RET009791,ORD0067866,SKU003026,2026-02-02,poor quality,627.71,Processed
RET009792,ORD0072564,SKU000786,2025-03-30,product was cracked,551.48,Processed
RET009793,ORD0034004,SKU011373,2025-10-30,SIZE PROBLEM,1957.05,Processed
RET009794,ORD0001283,SKU010832,2025-05-31,Quality issue,308.34,Processed
RET009795,ORD0002218,SKU010862,2025-05-31,different from website photo,357.42,Pending
RET009796,ORD0069682,SKU009588,2025-03-14,packaging torn item broken,757.7,Processed
RET009797,ORD0057796,SKU003787,2026-06-04,colour different from image,312.25,Pending
RET009798,ORD0011020,SKU010846,2026-04-28,Size issue,173.42,Processed
RET009799,ORD0109387,SKU000952,2026-02-21,arrived damaged!!,202.16,Processed
RET009800,ORD0100542,SKU007558,2025-12-11,not working,1276.25,Processed
